ID;LATITUDE;LONGITUDE;VELOCIDADE;DESCRIÇÃO DO LOCAL;ENQUADRAMENTO;ENQUADRAMENTOS;TIPO;DESATIVAÇÃO;ATIVAÇÃO;FAIXAS;CÓDIGO LOCAL;REDUTOR
1;-23.679847;-46.686833;50 km/h;AV. INTERLAGOS (CENTRO/BAIRRO) A MAIS 11 METROS DA R. GERALDO PACHECO VALENTE;[List];EXD,V;FIXO;1751328000000;1720569600000;3;2400;N
2;-23.616192;-46.663464;40 km/h;AL DOS TUPINIQUINS X AV DOS BANDEIRANTES (IMIGRAN/M PINHEIROS);[List];CPD,R;FIXO;1706659200000;1426204800000;3;2684;N
3;-23.605443;-46.6593231599999;40 km/h;ALAMEDA DOS MARACATINS (CENTRO/BAIRRO), A MAIS 7M DA AVENIDA DIVINO SALVADOR;[List];F,R,V,Z;FIXO;1711324800000;1438041600000;3;5363;N
4;-23.60517597;-46.6575609599999;40 km/h;ALAMEDA DOS NHAMBIQUARAS (BAIRRO/CENTRO), NUMERO 614;[List];F,R,V,Z;FIXO;1711929600000;1438560000000;3;5359;N
5;-23.5760325;-46.6903074;40 km/h;ALAMEDA GABRIEL MONTEIRO DA SILVA (MARGINAL PINHEIROS/CENTRO), NUMERO 2453;[List];F,R,V,Z;FIXO;1703030400000;1571011200000;2;5287;N
6;-23.683132;-46.690544;50 km/h;AV. INTERLAGOS (BAIRRO/CENTRO) A MENOS 30 METROS DA AV. ENG. EUSEBIO STEVAUX;[List];EXD,V;FIXO;1747612800000;1698364800000;3;2401;N
7;-23.5646289899999;-46.64935116;40 km/h;ALAMEDA JOAQUIM EUGENIO DE LIMA (CENTRO/BAIRRO), NUMERO 286;[List];F,V,R,Z;FIXO;1711324800000;1431475200000;3;5345;N
8;-23.5644049799999;-46.6549959599999;40 km/h;ALAMEDA SANTOS (CONSOLACAO /PARAISO), NUMERO 1293;[List];F,R,V,Z;FIXO;1707264000000;1571011200000;3;5351;N
9;-23.629313;-46.640815;50 km/h;AV AFFONSO D ESCRAGNOLLE TAUNAY (MARG/IMIG), A MAIS 54,5M DO VD DANTE DELMANTO;[List];R,VR,PR,V;FIXO;1693872000000;1425945600000;3;2643;N
10;-23.515639;-46.476635;50 km/h;AV AGUIA DE HAIA (BAIRRO/CENTRO), A MENOS 104M DA ESTRADA DE MOGI DAS CRUZES;[List];EXD,V;FIXO;1709683200000;1417737600000;2;4265/4266;N
11;-23.519016;-46.475862;50 km/h;AV AGUIA DE HAIA (CENTRO/BAIRRO), A MENOS 240 METROS DA ESTRADA DO IMPERADOR;[List];EXD,V;FIXO;1717977600000;1416960000000;2;4263/4264;N
12;-23.54786;-46.6026;50 km/h;AV ALCANTARA MACHADO (BAIRRO/CENTRO) X R BRESSER;[List];A,F,P,R,V,VR;FIXO;1719792000000;1453939200000;6;4595/4653;N
13;-23.54408;-46.59307;50 km/h;AV ALCANTARA MACHADO (BAIRRO/CENTRO), A MENOS 28 METROS DO VIADUTO GUADALAJARA;[List];F,R,V,VR;FIXO;1722297600000;1473638400000;10;4560;N
14;-23.54447;-46.59317;50 km/h;AV ALCANTARA MACHADO (C/B), A MAIS 3M DA R SIQUEIRA BUENO;[List];F,R,V,VR;FIXO;1722297600000;1472428800000;9;4558/4559;N
15;-23.549579;-46.6051868;50 km/h;AV ALCANTARA MACHADO (CENTRO/BAIRRO), A MAIS 18M DA R HIPODROMO;[List];A,F,P,R,V,VR;FIXO;1722297600000;1451433600000;5;4326;N
16;-23.5431396;-46.5861191;50 km/h;AV ALCANTARA MACHADO (CENTRO/BAIRRO), NUMERO 4188;[List];F,R,V,VR;FIXO;1717459200000;1533772800000;5;4657;N
17;-23.6062690199999;-46.59388812;50 km/h;AV ALMIRANTE DELAMARE (SP/S CAETANO DO SUL), A MENOS 76M DA R CONEGO XAVIER;[List];EXD,V;FIXO;1720051200000;1454025600000;3;5341/5342;N
18;-23.5372379999999;-46.6544809999999;50 km/h;AV ANGELICA (HIGIENOPOLIS/BARRA FUNDA) X ALAMEDA BARROS;[List];A,F,P,R,V,Z;FIXO;1720483200000;1453334400000;2;5422;N
19;-23.5276479899999;-46.67422896;50 km/h;AV ANTARTICA (MARGINAL TIETE/PINHEIROS) A MAIS 10 METROS DO VIADUTO ANTARTICA;[List];R,V,Z;FIXO;1723420800000;1440288000000;5;5126/5483;N
20;-23.660467;-46.6951899999999;50 km/h;AVENIDA NOSSA SENHORA DO SABARA (BAIRRO/CENTRO) NUMERO 421;[List];EXD,V;FIXO;1749686400000;1719964800000;3;2402;N
21;-23.55721704;-46.7072049599999;50 km/h;AV ANTONIO BATUIRA (MARG PINHEIROS/PCA PANAM), A MENOS 20 M DA AV DOS SEMANEIROS;[List];R,V,Z;FIXO;1713657600000;1417478400000;2;5220;N
22;-23.531063;-46.52021;50 km/h;AV ANTONIO ESTEVAO DE CARVALHO (B/C), OPOSTO AO NR 100;[List];V;FIXO;1722556800000;1442793600000;3;4574/4575;N
23;-23.53054;-46.51846;50 km/h;AV ANTONIO ESTEVAO DE CARVALHO (C/B), A MAIS 133M DA PCA NOSSA S DA ANUNCIACAO;[List];V;FIXO;1722556800000;1442793600000;3;4576/4577;N
24;-23.660397;-46.695923;50 km/h;AV. NOSSA SENHORA DO SABARA (C/B) A MAIS 117M DA R. DR. ARMANDO DA SILVA PRADO;[List];EXD,V;FIXO;1706659200000;1406592000000;3;2403;N
25;-23.678692;-46.7068409999999;50 km/h;RUA OLIVIA GUEDES PENTEADO (BAIRRO/CENTRO) OPOSTO AO NUMERO 1354;[List];V;FIXO;1747612800000;1694476800000;2;2420;N
26;-23.563297;-46.508426;50 km/h;AV ARICANDUVA (B/C), A MENOS 225M DA R FORTUNA DE MINAS;[List];EXD,V;FIXO;1720051200000;1428624000000;3;4636/4637;N
27;-23.59254;-46.47097;50 km/h;AV ARICANDUVA (B/C),A MENOS 1,385KM DA ESTRADA DA FAZENDA DO CARMO;[List];EXD,V;FIXO;1720051200000;1466121600000;3;4624/4625;N
28;-23.548021;-46.525475;50 km/h;AV ARICANDUVA (BAIRRO/CENTRO) A MENOS 38 METROS DA RUA ARQUITETO HEITOR DE MELO;[List];V;FIXO;1722297600000;1485734400000;7;4644;N
29;-23.5552614;-46.5167992;50 km/h;AV ARICANDUVA (BAIRRO/CENTRO) X AV ITAQUERA;[List];A,P,V;FIXO;1721779200000;1479686400000;5;4621;N
30;-23.54383;-46.53064;50 km/h;AV ARICANDUVA (BAIRRO/CENTRO) X R SEBASTIAO DE ANDRADE;[List];A,P,V;FIXO;1721952000000;1477353600000;6;4617;N
31;-23.574917;-46.502779;50 km/h;AV ARICANDUVA (BAIRRO/CENTRO), A MAIS 65M DA AV MATAPI;[List];EXD,V;FIXO;1717977600000;1416960000000;3;4629/4630;N
32;-23.67882;-46.7067759999999;50 km/h;RUA OLIVIA GUEDES PENTEADO (CENTRO/BAIRRO)  NUMERO 1354;[List];V;FIXO;1747612800000;1694476800000;2;2421;N
33;-23.66869;-46.63605;50 km/h;AV ENG ARMANDO DE ARRUDA PEREIRA (CENTRO/BAIRRO), A MAIS 65M DA R DAS VITACEAS;[List];V;FIXO;1749686400000;1695772800000;2;2432;N
34;-23.5822172;-46.4915515;50 km/h;AV ARICANDUVA (CENTRO/BAIRRO) X AV RIO DAS PEDRAS;[List];A,P,V;FIXO;1720051200000;1479254400000;4;4615;N
35;-23.549072;-46.525105;50 km/h;AV ARICANDUVA (CENTRO/BAIRRO), PISTA EXPRESSA, A MAIS 163 METROS DA R MANILHA;[List];V;FIXO;1715040000000;1430265600000;3;4540;N
36;-23.5169477;-46.6474461;60/50 km/h;AV ASSIS CHATEAUBRIAND (AYRTON SENNA/CASTELO BRANCO), NR 1447;[List];R,V,VR;FIXO;1707436800000;1427760000000;4;6749/7148/6799/7149;N
37;-23.7127139999999;-46.7100939999999;50 km/h;AV ATLANTICA (C/B), A MAIS 175 METROS DA R MARIO MARTINS DE ALMEIDA;[List];EXE,V;FIXO;1696377600000;1441670400000;3;2713/2714;N
38;-23.668456;-46.635805;50 km/h;AV ENG ARMANDO DE ARRUDA PEREIRA (BAIRRO/CENTRO), NUMERO 5241;[List];A,P,V;FIXO;1747612800000;1467331200000;2;2433;N
39;-23.5782662345027;-46.6626929266062;50 km/h;AV BRASIL (PINHEIROS/IBIRAPUERA), NUMERO 131;[List];F,R,V,Z;FIXO;1711411200000;1506297600000;3;5521;N
40;-23.5908979;-46.6811559;50 km/h;AV BRIG. FARIA LIMA (ITAIM/PINHEIROS) X AV PRES. JUSCELINO KUBITSCHEK;[List];A,F,P,R,V,Z;FIXO;1695081600000;1437350400000;5;5222/5489;N
41;-23.5673316;-46.6488467;50 km/h;AV BRIGADEIRO LUIS ANTONIO (C/B) X AV PAULISTA;[List];A,F,P,R,V,Z;FIXO;1717286400000;1517184000000;2;5513;N
42;-23.551777;-46.741093;50 km/h;AVENIDA JAGUARE (BAIRRO/CENTRO) X PRACA FRANCISCO LUIZ GONZAGA;[List];V;FIXO;;1716940800000;4;2438;N
43;-23.518491;-46.546338;40 km/h;AV CANGAIBA (CENTRO/BAIRRO), NUMERO 142/AV CANGAIBA (BAIRRO/CENTRO), OPOSTO NUMERO 142;[List];V;FIXO;1698278400000;1430956800000;4;4547/4548;N
44;-23.552652;-46.741699;50 km/h;AVENIDA JAGUARE (CENTRO/BAIRRO) X PRACA FRANCISCO LUIZ GONZAGA;[List];A,P,V;FIXO;1738195200000;1716940800000;3;2439;N
45;-23.6378188;-46.7392917999999;50 km/h;AV CARLOS CALDEIRA FILHO (BAIRRO/CENTRO), NUMERO 453;[List];V;FIXO;1683417600000;1448928000000;2;2721;N
46;-23.6378188;-46.7392917999999;50 km/h;AV CARLOS CALDEIRA FILHO (CENTRO/BAIRRO), A MAIS 375M DA AV GIOVANNI GRONCHI;[List];V;FIXO;1683417600000;1448928000000;2;2720;N
47;-23.5272178;-46.5649175;60/50 km/h;AV CDESSA ELISABETH DE ROBIANO (CB/AS) X R ANTONIO MACEDO;[List];A,P,V,VR;FIXO;1707264000000;1538438400000;3;7091/7165/7092;N
48;-23.5370461;-46.5926473;40 km/h;AV CELSO GARCIA (BAIRRO/CENTRO), A MAIS 34M DO NR 2065;[List];R,V;FIXO;1715212800000;1550102400000;2;4662/4663;N
49;-23.53887;-46.60638;40 km/h;AV CELSO GARCIA (BAIRRO/CENTRO), A MENOS 26M DA R JOAO BOEMER;[List];R,V;FIXO;1717459200000;1550102400000;2;4664;N
50;-23.537126;-46.593399;40 km/h;AV CELSO GARCIA (CENTRO/BAIRRO), NR 1964 - A;[List];EXD,R,V;FIXO;1711584000000;1550102400000;2;4660/4661;N
51;-23.4996107;-46.598713;40 km/h;AV CONCEICAO (CENTRO/BAIRRO), OPOSTO NUMERO 1539/AV CONCEICAO (BAIRRO/CENTRO), NUMERO 1539;[List];V;FIXO;1705363200000;1482710400000;2;6980/6981;S
52;-23.5356413;-46.5524583;50 km/h;AV CONDE DE FRONTIN (BAIRRO/CENTRO), A MENOS 325M DO ACESSO AO VD ANTONIO ABDO;[List];EXD,F,V,VR;FIXO;1709078400000;1420761600000;5;4368/4464;N
53;-23.53339;-46.539985;50 km/h;AV CONDE DE FRONTIN (C/B), A MAIS 40M DA R MONSENHOR FRANCISCO DE PAULA;[List];EXD,V;FIXO;1721174400000;1418083200000;3;4251/4252;N
54;-23.51888;-46.554885;60/50 km/h;AV CONDESSA ELISABETH DE ROBIANO (C. BRANCO/A. SENNA), NR 5120;[List];V;FIXO;1713657600000;1411084800000;4;6625/7157/6792/7158;N
55;-23.550035;-46.534117;50 km/h;AV CONSELHEIRO CARRAO (BAIRRO/CENTRO) X R LUIS PINTO;[List];A,P,V;FIXO;1720051200000;1421971200000;2;4317;N
56;-23.55006;-46.53434;50 km/h;AV CONSELHEIRO CARRAO (CENTRO/BAIRRO) X R LUIS PINTO;[List];A,P,V;FIXO;1720051200000;1421971200000;2;4318;N
57;-23.558115;-46.748141;50 km/h;AV CORIFEU DE AZEVEDO MARQUES (B/C) X AV ESCOLA POLITECNICA;[List];A,P,V;FIXO;1714953600000;1426204800000;4;2682;N
58;-23.587067;-46.724136;50 km/h;AVENIDA JORGE JOAO SAAD(BAIRRO/CENTRO) X AVENIDA PROFESSOR FRANCISCO MORATO;[List];A,P,V,VR;FIXO;;1721606400000;4;2440;N
59;-23.5711459999999;-46.719631;50 km/h;AV CORIFEU DE AZEVEDO MARQUES (BAIRRO/CENTRO), A MAIS 9,5M DA R PADRE JUSTINO;[List];EXD,V;FIXO;1715212800000;1425340800000;3;2646/2647;N
60;-23.570658;-46.740303;50 km/h;AV CORIFEU DE AZEVEDO MARQUES (C/B) A MAIS 92M DA R PROF GABRIEL ST DE CARVALHO;[List];EXD,V;FIXO;1698105600000;1417737600000;2;2554/2555;N
61;-23.4707713;-46.6057945;40 km/h;AV CORONEL SEZEFREDO FAGUNDES (C/B), NUMERO 876/AV CORONEL SEZEFREDO FAGUNDES (B/C), NUMERO 877;[List];V;FIXO;1705017600000;1417046400000;2;6990/6991;S
62;-23.5038486;-46.6249455;40 km/h;AV CRUZEIRO DO SUL (B/C) X R DARZAN;[List];A,P,V;FIXO;1701388800000;1643587200000;5;7187/7188;N
63;-23.5030443;-46.6248743;30 km/h;AV CRUZEIRO DO SUL (BAIRRO/CENTRO) X R LEITE DE MORAIS;[List];A,P;FIXO;1638144000000;1421280000000;4;6800/6801;N
64;-23.527741;-46.625388;50 km/h;AV CRUZEIRO DO SUL (CENTRO/BAIRRO), A MENOS 64 METROS DO NUMERO 548;[List];EXD,R,V;FIXO;1715558400000;1430265600000;4;4535/4536;N
65;-23.66492;-46.70937;60/50 km/h;AV DAS NACOES UNIDAS (C BRANCO/INTERLAGOS), A MENOS 32M DO N 20728;[List];V;FIXO;1718668800000;1650240000000;5;2889/2890/2891/2892;N
66;-23.67674;-46.698616;60/50 km/h;AV DAS NACOES UNIDAS (C BRANCO/INTERLAGOS), NUMERO 22540;[List];A,P,V;FIXO;1710979200000;1426204800000;4;2670;N
67;-23.660078;-46.769337;50 km/h;ESTRADA DE ITAPECERICA (ITAPECERICA/SP) X AV PROF DOUTOR TELEMACO H M V LANGENDONCK;[List];A,P,V;FIXO;;1716940800000;3;2441;N
68;-23.674202;-46.7000049999999;50 km/h;AV DAS NACOES UNIDAS (INTER/C. BRANCO) X R GURIU;[List];A,P,V;FIXO;1716768000000;1426204800000;3;2612;N
69;-23.624178;-46.70443;60/50 km/h;AV DAS NACOES UNIDAS (INTERL/C. BRANCO), A MAIS 200M DA R ENG MESQUITA SAMPAIO;[List];EXD,V;FIXO;1702166400000;1425945600000;4;2625/2626/2794;N
70;-23.66435;-46.70964;50 km/h;AV DAS NACOES UNIDAS (INTERLAGOS/C BRANCO), A MAIS 7M DA AV VITOR MANZINI;[List];V;FIXO;1717718400000;1650240000000;5;2893/2894;N
71;-23.660063;-46.768917;50 km/h;ESTRADA DE ITAPECERICA (SP/ITAPECERICA) X AVENIDA CARLOS CALDEIRA FILHO;[List];A,P,V;FIXO;;1716940800000;3;2442;N
72;-23.6372889999999;-46.720337;60/50/50 km/h;AV DAS NACOES UNIDAS (INTERLAGOS/C. BRANCO), A MAIS 10M DA R BRAGANCA PAULISTA;[List];V;FIXO;1694649600000;1419984000000;4;2611/2792/2793;N
73;-23.58629;-46.69063;60/50 km/h;AV DAS NACOES UNIDAS, PISTA CENTRAL (INTERLAGOS/C BRANCO), A MENOS 8M DO KM 9,5;[List];R,V,VR;FIXO;1721088000000;1645747200000;5;2895/2896/2897/2898;N
74;-23.4479175;-46.7027718999999;40 km/h;AV DEP CANTIDIO SAMPAIO, BAIRRO/CENTRO X R JOSE EDUARDO PEREIRA II;[List];V;FIXO;1717286400000;1411084800000;1;6635;S
75;-23.4775538;-46.671425;50 km/h;AV DEPUTADO EMILIO CARLOS (BAIRRO/CENTRO), A MENOS 17M R EDSON ANDRADE SILVA;[List];A,P,V;FIXO;1705363200000;1482969600000;1;6989;N
76;-23.4777309;-46.6714238;50 km/h;AV DEPUTADO EMILIO CARLOS (CENTRO/BAIRRO), A MAIS 18M R EDSON ANDRADE SILVA;[List];A,P,V;FIXO;1705363200000;1482969600000;1;6988;N
77;-23.7048589999999;-46.68742;50 km/h;AVENIDA JAIR RIBEIRO DA SILVA (C/B) X RUA ALFREDO FERREIRA DE CARVALHO;[List];A,P,V;FIXO;1755734400000;1696982400000;2;2460;N
78;-23.563747;-46.611209;50 km/h;AV DO ESTADO (BAIRRO/CENTRO) X PRACA ALBERTO LION;[List];A,P,R,V,VR;FIXO;1720051200000;1447286400000;3;4391;N
79;-23.7050419999999;-46.687302;50 km/h;AVENIDA JAIR RIBEIRO DA SILVA (B/C) X RUA ALFREDO FERREIRA DE CARVALHO;[List];A,P,V;FIXO;1749686400000;1696896000000;2;2461;N
80;-23.54165;-46.628158;50 km/h;AV DO ESTADO (CENTRO/BAIRRO) X AV MERCURIO;[List];A,P,R,V,VR;FIXO;1720569600000;1437004800000;4;4313;N
81;-23.572097;-46.604353;50 km/h;AV DO ESTADO (CENTRO/BAIRRO), A MENOS 10 METROS DA R PAULO BARBOSA;[List];R,V,VR;FIXO;1720051200000;1431648000000;3;4385;N
82;-23.715164;-46.699042;40 km/h;AVENIDA SENADOR TEOTONIO VILELA (CENTRO/BAIRRO), OPOSTO AO NUMERO 1583;[List];V;FIXO;1752710400000;1720569600000;2;2485;S
83;-23.53445;-46.6251;50 km/h;AV DO ESTADO (IPIRANGA/SANTANA) X R JOAO TEODORO;[List];A,P,R,V,VR;FIXO;1715040000000;1477353600000;4;4616;N
84;-23.53195;-46.62615;50 km/h;AV DO ESTADO (SANTANA/IPIRANGA) X AV CRUZEIRO DO SUL;[List];A,P,R,V,VR;FIXO;1716854400000;1482883200000;3;4620;N
85;-23.5822276;-46.5997768;50 km/h;AV DO ESTADO (SANTANA/IPIRANGA) X R DOS PATRIOTAS;[List];A,P,R,V,VR;FIXO;1720051200000;1482883200000;3;4618;N
86;-23.558761;-46.615631;50 km/h;AV DO ESTADO (SANTANA/IPIRANGA), A MENOS 32M DA R DONA ANA NERI;[List];R,V,VR;FIXO;1719878400000;1491436800000;3;4647;N
87;-23.66127;-46.78566;40 km/h;AV DOM RODRIGO SANCHES (EMBU/SAO PAULO), OPOSTO AO NUMERO 650/AV DOM RODRIGO SANCHES (SAO PAULO/EMBU), NUMERO 650;[List];V;FIXO;1687392000000;1452643200000;2;2729/2730;N
88;-23.7407949999999;-46.691391;50 km/h;AV DONA BELMIRA MARIN (BAIRRO/CENTRO) A MENOS 6M DA R TEN CEL HERMAN JOSE ROCHA;[List];V;FIXO;1683417600000;1419984000000;2;2597;N
89;-23.6485629999999;-46.759636;40 km/h;ESTRADA DO CAMPO LIMPO (CAMPO LIMPO/MARGINAL), OPOSTO AO NUMERO 640;[List];V;FIXO;;1696982400000;1;2508;S
90;-23.74419;-46.690865;50 km/h;AV DONA BELMIRA MARIN (C/B), A MAIS 322M DA AV ANTONIO C BENJAMIN DOS SANTOS;[List];A,P,V;FIXO;1710806400000;1419984000000;2;2585;N
91;-23.7533859999999;-46.688538;50 km/h;AV DONA BELMIRA MARIN (CENTRO/BAIRRO) A MAIS 60M DA R ELISIA GONCALVES BARCELOS;[List];V;FIXO;1711929600000;1419984000000;4;2584;N
92;-23.736961;-46.693668;50 km/h;AV DONA BELMIRA MARIN (CENTRO/BAIRRO), A MAIS 63 METROS DA R DOMENICO CIMAROSA;[List];A,P,V;FIXO;1687392000000;1419984000000;2;2586;N
93;-23.622722;-46.65194;50 km/h;AV DOS BANDEIRANTES (IMIGRAN/MARGINAL) X AV MIRUNA;[List];A;FIXO;1706659200000;1426204800000;4;2685;N
94;-23.586698;-46.693497;50 km/h;AVENIDA DOS TAJURAS (CENTRO/BAIRRO), A MENOS 14 METROS DO NUMERO 401;[List];V;FIXO;1720483200000;1698278400000;3;2509;N
95;-23.623166;-46.651297;50 km/h;AV DOS BANDEIRANTES (IMIGRANTES/MARGINAL), A MENOS 68M DA R ANTONIO GOMIDE;[List];PR,R,V,VR;FIXO;1710720000000;1425945600000;4;2622;N
96;-23.61765;-46.66142;50 km/h;AV DOS BANDEIRANTES (MARGINAL/IMIGRANTES) A MAIS 49 METROS DA AV WASHINGTON LUIS;[List];PR,R,V,VR;FIXO;1722729600000;1636675200000;9;2873/2874/2875;N
97;-23.616768;-46.740795;40 km/h;AVENIDA DOUTOR GUILHERME DUMONT VILARES (GIOVANNI/MORATO), NUMERO 1093;[List];V,VR;FIXO;;1717372800000;2;2517;S
98;-23.6104869999999;-46.675187;50 km/h;AV DOS BANDEIRANTES (MARGINAL/IMIGRANTES), A MENOS 197 METROS DO NUMERO 2040;[List];PR,R,V,VR;FIXO;1677715200000;1427500800000;4;2655;N
99;-23.599287;-46.686531;50 km/h;AV DOS BANDEIRANTES, PISTA EXPRESSA (MARG/IMIG), A MAIS 23M DA R PORTO MARTINS;[List];PR,R,V,VR;FIXO;1678060800000;1423094400000;3;2613;N
100;-23.589807;-46.701538;50 km/h;PCA PROFESSOR MEIRA DE VASCONCELLOS (BAIRRO/CENTRO), A MENOS 29M DA AV AMARILIS;[List];V;FIXO;;1719532800000;2;2532;N
101;-23.599202;-46.685661;50 km/h;AV DOS BANDEIRANTES, PISTA LOCAL (IMIG/MARG), A MENOS 28M DA R LOURENCO MARQUES;[List];R,V,VR;FIXO;1707350400000;1423094400000;3;2686;N
102;-23.599546;-46.685856;50 km/h;AV DOS BANDEIRANTES, PISTA LOCAL (MARG/IMIGRANT), A MAIS 23M DA R PORTO MARTINS;[List];R,V,VR;FIXO;1705363200000;1423094400000;3;2687;N
103;-23.599184;-46.685844;50 km/h;AV DOS BANDEIRANTES, PTA EXPRESSA (IMIG/MARG) A MENOS 34M DA R LOURENCO MARQUES;[List];PR,R,V,VR;FIXO;1678060800000;1425945600000;4;2623;N
104;-23.591069;-46.694575;50 km/h;TUNEL SEBASTIAO CAMARGO (MORUMBI/IBIRAPUERA), A MENOS 26,50 METROS DO EMBOQUE;[List];V;FIXO;;1722556800000;2;2539;N
105;-23.4759182;-46.6000933999999;50 km/h;AV DOUTOR ANTONIO MARIA DE LAET (BAIRRO/CENTRO), A MAIS 30M DA R SAO NESTOR/AV DOUTOR ANTONIO MARIA DE LAET (CENTRO/BAIRRO), A MENOS 30M DA R SAO NESTOR;[List];V;FIXO;1706572800000;1418860800000;2;6728/6729;N
106;-23.5384350781892;-46.7304362259071;50 km/h;AV DOUTOR GASTAO VIDIGAL (PINHEIROS/VILA LEOPOLDINA), NÚMERO 2571;[List];R,V;FIXO;1723507200000;1723507200000;3;5509;N
107;-23.595316;-46.715637;50 km/h;AVENIDA GIOVANNI GRONCHI (BAIRRO/CENTRO), A MENOS 7,0 METROS DO NUMERO 1065;[List];V,VR;FIXO;;1714348800000;2;2540;N
108;-23.5229563;-46.6595178;50 km/h;AV DR ABRAAO RIBEIRO (CENTRO/BAIRRO) X AV MARQUES DE SAO VICENTE;[List];A,P,R,V;FIXO;1722470400000;1433289600000;5;5097/5488;N
109;-23.593454;-46.583937;50 km/h;AV DR FRANCISCO MESQUITA (SANTO ANDRE/SAO PAULO), A MAIS 140M DA R VL PRUDENTE;[List];V;FIXO;1719878400000;1459382400000;3;4322;N
110;-23.5291169999999;-46.7389269999999;50 km/h;AV DR GASTAO VIDIGAL (M TIETE/VL LEOP) X R MERGENTHALER;[List];A,P,R,V;FIXO;1723420800000;1433289600000;5;5218/5491;N
111;-23.5223900099999;-46.7409531599999;50 km/h;AV DR GASTAO VIDIGAL (V LEOPOLDINA/MARG TIETE), A MAIS 14 M DA R MAJOR PALADINO;[List];R,V;FIXO;1724198400000;1419292800000;4;5219;N
112;-23.6042419999999;-46.7123989999999;50 km/h;AV MORUMBI (PTE MORUMBI/FRANCISCO MORATO), A MENOS 16 METROS DA R PADRE LEBRET;[List];V,VR;FIXO;1720483200000;1704844800000;3;2541;N
113;-23.5947952;-46.6215216;50 km/h;AV DR RICARDO JAFET (IPIRANGA/IMIGRANTES), A MENOS 23M  DO VIADUTO SAIOA;[List];R,V,Z;FIXO;1720051200000;1659052800000;7;5583;N
114;-23.55749;-46.71135;60/50 km/h;AV DRA RUTH CARDOSO, PISTA CENTRAL (INTERL/C BRANCO), A MAIS 8M DO KM 5,5;[List];R,V,VR;FIXO;1719792000000;1644192000000;3;2876/2877;N
115;-23.5574;-46.7113;60/50/50 km/h;AV DRA RUTH CARDOSO, PISTA LOCAL (INTER/C BRANCO) A MAIS 155M AV DOS SEMANEIROS;[List];R,V,VR;FIXO;1719964800000;1644192000000;5;2878/2879/2880;N
116;-23.564281;-46.703316;60/50/50 km/h;AV DRA RUTH CARDOSO/AV DAS NACOES UNIDAS (INTERLAGOS/CASTELO BRANCO), NR 7203;[List];R,V,VR;FIXO;1700438400000;1423094400000;4;2631/2797/2798;N
117;-23.623191;-46.651278;50 km/h;AV ELISEU DE ALMEIDA (B/C), A MAIS 95M DA R HEITOR DOS PRAZERES;[List];EXD,V;FIXO;1694736000000;1428278400000;4;2688/2689;N
118;-23.607483;-46.71257;50 km/h;AVENIDA MORUMBI (FRANCISCO MORATO/PONTE MORUMBI), NUMERO 4884;[List];V,VR;FIXO;;1716422400000;2;2542;N
119;-23.5185871;-46.7363994;60/50 km/h;AV EMBAIXADOR MACEDO SOARES (CASTELO BRANCO/AYRTON SENNA), NUMERO 8000;[List];V;FIXO;1635552000000;1452729600000;5;6942/7111;N
120;-23.5185688;-46.7362181;60/50 km/h;AV EMBAIXADOR MACEDO SOARES (CASTELO BRANCO/AYRTON SENNA), NUMERO 8000;[List];V;FIXO;1719878400000;1658275200000;5;6942/7111;N
121;-23.509467;-46.71066;60/50 km/h;AV EMBAIXADOR MACEDO SOARES (CB/AS) N 10001;[List];R,V,VR;FIXO;1713398400000;1525046400000;5;7166/7167/7168/7169/7170;N
122;-23.513639;-46.722685;60/50 km/h;AV EMBAIXADOR MACEDO SOARES (CB/AS), A MENOS 1M DA R BOTOCUDOS;[List];R,V,VR;FIXO;1711411200000;1428969600000;4;6740/7154/6897/7155;N
123;-23.658047;-46.6357;50 km/h;AV ENG ARMANDO DE ARRUDA PEREIRA (BAIRRO/CENTRO), A MAIS 15M DA R FACHINI;[List];V;FIXO;1683417600000;1425945600000;3;2610;N
124;-23.688852;-46.67989;50 km/h;AVENIDA NOSSA SENHORA DO SABARA (BAIRRO/CENTRO), NUMERO 4071;[List];V;FIXO;1755734400000;1724284800000;2;2543;N
125;-23.656672;-46.636536;50 km/h;AV ENG ARMANDO DE ARRUDA PEREIRA (C/B), A MAIS 121M DA R LUIZ CARLOS FACHINI;[List];V;FIXO;1683417600000;1420675200000;2;2619;N
126;-23.66869;-46.63605;50 km/h;AV ENG ARMANDO DE ARRUDA PEREIRA (CENTRO/BAIRRO), A MAIS 65M DA R DAS VITACEAS;[List];V;FIXO;1695772800000;1467331200000;2;2432;N
127;-23.5397609999999;-46.742752;60/50/50 km/h;AV ENG BILLINGS (C. BRANCO/INTERLAGOS), A MAIS 22 METROS DA R BARAO DE ANTONINA;[List];R,V;FIXO;1694995200000;1422662400000;3;2581/2786/2787;N
128;-23.4959195;-46.6620038;50 km/h;AV ENGENHEIRO CAETANO ALVARES (B/C) X R BAIA FORMOSA;[List];A,P,V;FIXO;1701388800000;1416355200000;3;6691/6696;N
129;-23.5095441;-46.6707737;50 km/h;AV ENGENHEIRO CAETANO ALVARES (B/C) X R CONEGO ARAUJO MARCONDES;[List];A,V;FIXO;1701388800000;1424736000000;3;6804/6965;N
130;-23.4915646;-46.6558814;50 km/h;AV ENGENHEIRO CAETANO ALVARES (CENTRO/BAIRRO), NR 3142;[List];V;FIXO;1701302400000;1488758400000;2;7088/7089;N
131;-23.5829239999999;-46.7496829999999;50 km/h;AV ENGENHEIRO HEITOR ANTONIO EIRAS GARCIA (BUTANTA/RAPOSO), OPOSTO AO NR 1927/AVENIDA ENGENHEIRO HEITOR ANTONIO EIRAS GARCIA (RAPOSO/BUTANTA), NUMERO 1927;[List];V;FIXO;1702339200000;1418860800000;2;2520/2521;N
132;-23.5681727;-46.757382;50 km/h;AV ESCOLA POLITECNICA(MARGINAL/RAPOSO) X R JORGE WARD;[List];A,P,V;FIXO;1714867200000;1426204800000;3;2679;N
133;-23.5684739;-46.7572706999999;50 km/h;AV ESCOLA POLITECNICA(RAPOSO/MARGINAL) X R JORGE WARD;[List];A,CPE,P;FIXO;1715126400000;1426204800000;3;2678;N/A
134;-23.57150796;-46.69581816;50 km/h;AV EUSEBIO MATOSO (CENTRO/BAIRRO), A MAIS 70 METROS DA R CARDEAL ARCOVERDE;[List];EXE,R,V,VR;FIXO;1703721600000;1411603200000;3;5196/5197;N
135;-23.6675445999999;-46.7850477;40 km/h;AV FELIPE CARRILLO PUERTO (SAO PAULO/EMBU), NUMERO 220/AV FELIPE CARRILLO PUERTO (EMBU/SAO PAULO), NUMERO 189;[List];V;FIXO;1699833600000;1447804800000;2;2727/2728;N
136;-23.5260519999999;-46.6762749999999;50 km/h;AV FRANCISCO MATARAZZO (CENTRO/BAIRRO) X RUA BARAO DE TEFE;[List];A,R,V,Z;FIXO;1720569600000;1406592000000;3;5099/5100;N
137;-23.7532369999999;-46.688343;50 km/h;AVENIDA DONA BELMIRA MARIN (BAIRRO/CENTRO), A MENOS 60 METROS DO NUMERO 2672;[List];V;FIXO;1757548800000;1695772800000;4;2583;N
138;-23.6213424;-46.7333667999999;50 km/h;AV GIOVANNI GRONCHI (BAIRRO/CENTRO), NUMERO 4855;[List];V,VR;FIXO;1677974400000;1441670400000;2;2719;N
139;-23.60829;-46.725842;50 km/h;AV GIOVANNI GRONCHI (CENTRO/BAIRRO), A MENOS 47M DA R ANTONIO JULIO DOS SANTOS/AVENIDA GIOVANNI GRONCHI (BAIRRO/CENTRO), MENOS 20M DA RUA PASQUALE GALLUPI;[List];V,VR;FIXO;1699833600000;1416009600000;4;2515/2516;N
140;-23.4853202;-46.5828873;40 km/h;AV GUSTAVO ADOLFO (B/C), A MENOS 14M DA R JOAO DE SOUTO MAIOR;[List];V;FIXO;1705363200000;1657152000000;1;6688;N
141;-23.5977773343823;-46.6755646866029;50 km/h;AV HELIO PELLEGRINO (CENTRO/BAIRRO), A MENOS 60M DA R CLODOMIRO AMAZONAS;[List];F,R,V,Z;FIXO;1712102400000;1504137600000;3;5519;N
142;-23.498412;-46.641244;40 km/h;AV IMIRIM (SANTANA/VL N CACHOEIRINHA) X R CLARA CAMARAO;[List];A,P,V;FIXO;1720569600000;1438560000000;1;6817;N
143;-23.7533859999999;-46.688538;50 km/h;AV DONA BELMIRA MARIN (CENTRO/BAIRRO) A MAIS 60M DA R ELISIA GONCALVES BARCELOS;[List];V;FIXO;1749686400000;1711929600000;4;2584;N
144;-23.74419;-46.690865;50 km/h;AV DONA BELMIRA MARIN (C/B), A MAIS 322M DA AV ANTONIO C BENJAMIN DOS SANTOS;[List];A,P,V;FIXO;1749686400000;1710806400000;2;2585;N
145;-23.4856203;-46.6813196;50 km/h;AV INAJAR DE SOUZA (B/C) A MAIS 60M DA R SIMAO DE TOLEDO CASTELHANOS;[List];A,P,V;FIXO;1715472000000;1458000000000;4;6757/6902;N
146;-23.4807758;-46.6740975;50 km/h;AV INAJAR DE SOUZA (B/C), A MENOS 61M  R MORATO DE OLIVEIRA;[List];EXE,V;FIXO;1715126400000;1715212800000;4;6890/7087/6891;N
147;-23.736961;-46.693668;50 km/h;AV DONA BELMIRA MARIN (CENTRO/BAIRRO), A MAIS 63 METROS DA R DOMENICO CIMAROSA;[List];A,P,V;FIXO;1747612800000;1690934400000;2;2586;N
148;-23.4860227;-46.681119;50 km/h;AV INAJAR DE SOUZA (CENTRO/BAIRRO), A MAIS 74M DA R INACIO LEITAO;[List];A,P,V;FIXO;1712016000000;1458000000000;4;6758/6903;N
149;-23.6005718;-46.66073;50 km/h;AV INDIANOPOLIS (IBIRAPUERA/JABAQUARA), NUMERO 68;[List];F,R,V,Z;FIXO;1636502400000;1506297600000;3;5527;N
150;-23.661284;-46.679459;50 km/h;AV INTERLAGOS (CENTRO/BAIRRO), A MENOS 24M DA R ENG ALLYRIO HUGUENEY DE MATTOS;[List];V;FIXO;1695600000000;1429833600000;3;2605;N
151;-23.6148560897741;-46.6383390727789;50 km/h;AV JABAQUARA (BAIRRO/CENTRO), NUMERO 1203;[List];F,R,V,Z;FIXO;1713052800000;1506297600000;4;5524/5549;N
152;-23.6143441105109;-46.6384284419402;50 km/h;AV JABAQUARA (CENTRO/BAIRRO), NUMERO 1150;[List];F,R,V,Z;FIXO;1710892800000;1506297600000;4;5525/5550;N
153;-23.529064;-46.457001;50 km/h;AV JACU PESSEGO/N TRABAL (S MAT/S MIG) x R MONTANHAS;[List];A,P,V;FIXO;1717977600000;1421971200000;4;4336;N
154;-23.502211;-46.458567;50 km/h;AV JACU PESSEGO/N TRABALH (S MAT/S MIG), A MAIS 22M DA R CEL MANUEL F DE SOUZA;[List];PR,V;FIXO;1720396800000;1422576000000;4;4297;N
155;-23.587704;-46.442921;50 km/h;AV JACU PESSEGO/N. TRABALHAD. (S. MIG/S. MAT), A MAIS 256M DA ESTRADA DOS MONOS;[List];EXD,PR,V;FIXO;1724198400000;1417651200000;4;4376/4387;N
156;-23.502746;-46.458631;50 km/h;AV JACU PESSEGO/N. TRABALHAD. (S. MIG/S.MAT) A MENOS 378M DA TV FLOR DE PESSEGO;[List];V;FIXO;1722556800000;1417651200000;4;4298;N
157;-23.5735707;-46.4455166;50 km/h;AV JACU PESSEGO/N. TRABALHADORES (S. MAT/S.MIG) A MENOS 20M DA R JAIME R WRIGHT;[List];EXD,V;FIXO;1712793600000;1432598400000;4;4374/4389;N
158;-23.522698;-46.456721;50 km/h;AV JACU PESSEGO/NOVA TRABAL (A S/MAUA)A MAIS 62M DA PASSARELA P DUILIO LIBURDI;[List];PR,V;FIXO;1721779200000;1442880000000;7;4344;N
159;-23.4866148;-46.4528149;50 km/h;AV JACU PESSEGO/NOVA TRABAL (MAUA/AS) A MENOS 260M DO ACESSO A ROD AYRTON SENNA;[List];PR,V;FIXO;1713744000000;1449187200000;7;4582;N
160;-23.544457;-46.447126;50 km/h;AV JACU PESSEGO/NOVA TRABALHADORES (MAUA/AYRTON SENNA), NUMERO 1923;[List];V;FIXO;1722556800000;1447891200000;7;4319/4320;N
161;-23.597727;-46.444641;50 km/h;AV JACU PESSEGO/NOVA TRABALHADORES (S.MAT/S.MIG), A MENOS 302M DA AV R. CHOHFI;[List];PR,V;FIXO;1711584000000;1417737600000;3;4380;N
162;-23.597566;-46.444739;50 km/h;AV JACU PESSEGO/NOVA TRABALHADORES (S.MIG/S. MAT), A MAIS 301M DA AV R. CHOHFI;[List];PR,V;FIXO;1709683200000;1417392000000;3;4378;N
163;-23.572526;-46.446175;50 km/h;AV JACU PESSEGO/NOVA TRABALHADORES (SMIG/S MAT) A MENOS 8M DA R IOSOSUKE OKAUE;[List];V;FIXO;1721779200000;1428624000000;4;4372;N
164;-23.4862516;-46.4529839;50 km/h;AV JACU-PESSEGO/N TRABALH (A SENNA/MAUA), A MAIS 250M DO ACESSO DA ROD A SENNA;[List];PR,V;FIXO;1722297600000;1442793600000;7;4583;N
165;-23.625352;-46.450555;50 km/h;AV JACU-PESSEGO/N TRABALHADORES (MAUA/A SENNA), A MENOS 280M DA AV SAPOPEMBA;[List];PR,V;FIXO;1709683200000;1459987200000;5;4581;N
166;-23.62078;-46.448786;50 km/h;AV JACU-PESSEGO/NOVA TRABALHADORES (A SENNA/MAUA) A MENOS 220M DA AV SAPOPEMBA;[List];PR,V;FIXO;1687910400000;1462147200000;5;4580;N
167;-23.54022;-46.46751;50 km/h;AV JOSE PINHEIRO BORGES (B/C) X R SANTANA DO AGRESTE;[List];A,P,V;FIXO;1709078400000;1478649600000;3;4635;N
168;-23.530001;-46.447944;50 km/h;AV JOSE PINHEIRO BORGES (B/C), A  MAIS 32M DA R ALZIRA LIVRAMENTO MARZAGAO;[List];V;FIXO;1719446400000;1460073600000;5;4611;N
169;-23.524894;-46.435473;50 km/h;AV JOSE PINHEIRO BORGES (BAIRRO/CENTRO), A MAIS 370 METROS DA R COROA DE FRADE;[List];V;FIXO;1719446400000;1421971200000;2;4500;N
170;-23.537621;-46.455914;50 km/h;AV JOSE PINHEIRO BORGES (BAIRRO/CENTRO), A MENOS 19 METROS DA R ITAGIMIRIM;[List];V;FIXO;1717632000000;1421971200000;3;4499;N
171;-23.54021;-46.46751;50 km/h;AV JOSE PINHEIRO BORGES (C/B) X R SANTANA DO AGRESTE;[List];A,P,V;FIXO;1709078400000;1478649600000;3;4634;N
172;-23.538215;-46.456336;50 km/h;AV JOSE PINHEIRO BORGES (CENTRO/BAIRRO), A MENOS 18 METROS DA R ITAGIMIRIM;[List];V;FIXO;1717632000000;1421971200000;3;4498;N
173;-23.596459;-46.713593;50 km/h;AVENIDA GIOVANNI GRONCHI (CENTRO/BAIRRO), OPOSTO AO NUMERO 705;[List];V,VR;FIXO;;1714348800000;2;2587;N
174;-23.541641;-46.481019;50 km/h;AV JOSE PINHEIRO BORGES (ITAQUERA/PENHA), A MENOS 10M DO ACESSO DA R BOICORA;[List];V;FIXO;1703721600000;1430956800000;3;4546;N
175;-23.541816;-46.481158;50 km/h;AV JOSE PINHEIRO BORGES (PENHA/ITAQUERA), A MAIS 147,5M DO VIADUTO MILTON LEAO;[List];V;FIXO;1704240000000;1442361600000;3;4590;N
176;-23.4841121;-46.6074557;50 km/h;AV LUIZ D VILLARES (B/C), A MAIS 39M AV M EURICO GASPAR DUTRA;[List];EXD,V;FIXO;1714003200000;1432598400000;4;6868/6869;N
177;-23.4906366;-46.6106503;50 km/h;AV LUIZ DUMONT VILLARES (B/C), A MENOS 62M R SARGENTO MOR RAMALHO;[List];EXD,V;FIXO;1707177600000;1469750400000;5;6970/6971;N
178;-23.482256;-46.605092;50 km/h;AV LUIZ DUMONT VILLARES (C/B), A MENOS 35M R ARIOSTO CESAR;[List];EXD,V;FIXO;1705017600000;1445558400000;4;6870/6871;N
179;-23.4907099;-46.6104857;50 km/h;AV LUIZ DUMONT VILLARES (C/B), A MENOS 35M R FRANCISCO LIPI;[List];EXD,V;FIXO;1705276800000;1432598400000;4;6874/6875;N
180;-23.5668019999999;-46.704796;60/50 km/h;AV MAGALHAES DE CASTRO (CASTELO/INTERLAGOS), A MAIS 10M DA R MURTINHO NOBRE;[List];R,V,VR;FIXO;1688860800000;1425945600000;3;2661/2799;N
181;-23.613675;-46.7011329999999;60/50/50 km/h;AV MAGALHAES DE CASTRO (CASTELO/INTERLAGOS), A MENOS 50M DA R FRANCISCO TRAMONTANO;[List];V,VR;FIXO;1709942400000;1426896000000;3;2662/2801/2802;N
182;-23.493809;-46.417353;50 km/h;AV MARECHAL TITO (BAIRRO/CENTRO), A MAIS 191M DO VD DA CHINA;[List];EXD,V;FIXO;1704240000000;1484611200000;3;4631/4632;N
183;-23.49587;-46.391622;50 km/h;AV MARECHAL TITO (BAIRRO/CENTRO), A MAIS 2 METROS DA R ANTONIO NUNES PINTO;[List];V;FIXO;1708041600000;1417392000000;2;4308;N
184;-23.492648;-46.388537;50 km/h;AV MARECHAL TITO (BAIRRO/CENTRO), NUMERO 6035;[List];A,P,V;FIXO;1722556800000;1431993600000;2;4307;N
185;-23.586709;-46.693498;50 km/h;AVENIDA DOS TAJURAS (BAIRRO/CENTRO), NUMERO 406;[List];V;FIXO;1719964800000;1698278400000;3;2588;N
186;-23.6538749999999;-46.759796;50 km/h;ESTRADA DE ITAPECERICA (CENTRO/BAIRRO) A MENOS 55M DA RUA JOAO FRANCISCO DELMAS;[List];V;FIXO;1722124800000;1419033600000;3;2589;N
187;-23.5165683;-46.731627;60/50 km/h;AV MARGINAL DIREITA DO TIETE (AYRTON SENNA/CASTELO BRANCO), NUMERO 536;[List];V;FIXO;1635552000000;1467244800000;9;6939/7108/6960/7161;N
188;-23.5168042;-46.7319645;60/50 km/h;AV MARGINAL DIREITA DO TIETE (AYRTON SENNA/CASTELO BRANCO), NUMERO 536;[List];V;FIXO;1723680000000;1657670400000;9;6939/6960/7108/7161;N
189;-23.61218;-46.65673;50 km/h;AV MOREIRA GUIMARAES (AEROPORTO/SANTANA), NUMERO 699;[List];F,R,V,VR;FIXO;1713398400000;1553731200000;4;5557/5558;N
190;-23.6089777005852;-46.6540517809539;50 km/h;AV MOREIRA GUIMARAES (SANT/AER), A MAIS 40M DA AV DIVINO SALVADOR;[List];EXD,F,R,V,VR;FIXO;1717459200000;1477872000000;2;5504/5505;N
191;-23.6103846065002;-46.6554833893814;60 km/h;AV MOREIRA GUIMARAES, PISTA EXPRESSA (SANTANA/AEROPORTO), NUMERO 398;[List];F,R,V,VR;FIXO;1719705600000;1477872000000;3;5506;N
192;-23.689676;-46.697541;50 km/h;AVENIDA INTERLAGOS (BAIRRO/CENTRO), NUMERO 5019;[List];V;FIXO;1749686400000;1697760000000;3;2604;N
193;-23.661284;-46.679459;50 km/h;AV INTERLAGOS (CENTRO/BAIRRO), A MENOS 24M DA R ENG ALLYRIO HUGUENEY DE MATTOS;[List];V;FIXO;1755734400000;1724284800000;3;2605;N
194;-23.6042419999999;-46.7123989999999;50 km/h;AV MORUMBI (PTE MORUMBI/FRANCISCO MORATO), A MENOS 16 METROS DA R PADRE LEBRET;[List];V,VR;FIXO;1704844800000;1419033600000;3;2541;N
195;-23.520757;-46.613207;60/50 km/h;AV MORVAN DIAS DE FIGUEIREDO (AS/CB),A MAIS 3M R AMAZONAS DA SILVA/AV MORVAN DIAS DE FIGUEIREDO (AS/CB) MAIS 78M R AMAZONAS DA SILVA-FX EXCL ONIBUS;[List];EXD,R,V,VR;FIXO;1710028800000;1417046400000;5;6685/7098/6786/7163/7173;N
196;-23.52299;-46.565165;60/50 km/h;AV MORVAN DIAS DE FIGUEIREDO (AS/CB),A MENOS 36M RUA DR. VIDAL REIS;[List];V,VR;FIXO;1713657600000;1412899200000;4;6640/7145/6789/7146;N
197;-23.5157124;-46.5949628;50 km/h;AV NADIR DIAS DE FIGUEIREDO (MT/VG) X R PROFESSORA MARIA JOSE BARONE FERNANDES;[List];A,V,P;FIXO;1699574400000;1434499200000;2;6832/6962;N
198;-23.5154387;-46.5951615;50 km/h;AV NADIR DIAS DE FIGUEIREDO (VG/DUTRA) X R SAO QUIRINO;[List];A,V,P;FIXO;1702339200000;1434499200000;2;6833/6963;N
199;-23.5208866;-46.679159;50 km/h;AV NICOLAS BOER (POMPEIA/MARGINAL TIETE), NÚMERO 66;[List];R,V;FIXO;1721606400000;1724025600000;3;5517;N
200;-23.513243;-46.426435;50 km/h;AV NORDESTINA (GUAIANASES/ITAIM), A MAIS 86M DA R PARREIRA BRAVA;[List];V;FIXO;1717632000000;1487894400000;2;4643;N
201;-23.51347;-46.42604;50 km/h;AV NORDESTINA (ITAIM/GUAIANASES) X R JOSE LEAO DOS SANTOS;[List];A,P,V;FIXO;1717977600000;1486339200000;2;4642;N
202;-23.461025;-46.615519;50 km/h;AV NOVA CANTAREIRA (CENTRO/BAIRRO), A MENOS 12M DA R CONEGO ARNALDO CAIAFFA;[List];V;FIXO;1704240000000;1419552000000;2;6662;N
203;-23.484673;-46.428358;40 km/h;AV OLIVEIRA  FREIRE (SAO MIGUEL/GUARULHOS), NUMERO 732/AV OLIVEIRA FREIRE (GUARULHOS/SAO MIGUEL), NUMERO 715;[List];V;FIXO;1709078400000;1441843200000;2;4433/4434;N
204;-23.567824;-46.462575;40 km/h;AV OSVALDO PUCCI (CIDADE LIDER/JOSE BONIFACIO), A MAIS 3M OPOSTO NUMERO 555/AV OSVALDO PUCCI (JOSE BONIFACIO/CIDADE LIDER), A MENOS 3M NUMERO 555;[List];V;FIXO;1712534400000;1414108800000;4;4654/4655;N
205;-23.507108;-46.698567;60/50 km/h;AV OTAVIANO ALVES DE LIMA (AS/CB), A MAIS 32M R LEO R DE MORAES;[List];R,V,VR;FIXO;1707436800000;1426464000000;5;6848/7105/6849/7153;N
206;-23.513091;-46.675735;60/50 km/h;AV OTAVIANO ALVES DE LIMA (AS/CB), A MENOS 290M PT JULIO DE M NETO;[List];R,V,VR;FIXO;1714262400000;1428969600000;4;6683/7151/6896/7152;N
207;-23.5149164;-46.6616397;60/50 km/h;AV OTAVIANO ALVES DE LIMA (AS/CB), ALT DA PCA PROF CESARINO JUNIOR;[List];R,V,VR;FIXO;1707436800000;1426464000000;5;6845/7101/6846/7150;N
208;-23.574481;-46.5872997;50 km/h;AV PAES DE BARROS (BAIRRO/CENTRO), NUMERO 2761;[List];EXE,R,V,VR;FIXO;1721779200000;1430956800000;4;4543/4544;N
209;-23.4686461;-46.6438962;40 km/h;AV PARADA PINTO (CENTRO/BAIRRO), MENOS 5 METROS DA R CASA ILHA DA MADEIRA/AV PARADA PINTO (BAIRRO/CENTRO), MAIS 5 METROS DA R CASA ILHA DA MADEIRA;[List];V;FIXO;1705276800000;1417046400000;2;6647/6648;S
210;-23.674202;-46.7000049999999;50 km/h;AV DAS NACOES UNIDAS (INTER/C. BRANCO) X R GURIU;[List];A,P,V;FIXO;1757548800000;1716854400000;3;2612;N
211;-23.630234;-46.770496;50 km/h;ESTRADA DO CAMPO LIMPO (CENTRO/BAIRRO), NUMERO 3677;[List];V;FIXO;;1717372800000;2;2614;N
212;-23.5865019599999;-46.65430692;50 km/h;AV PEDRO ALVARES CABRAL (C/B), A MENOS 80M DO VD GENERAL MARCONDES SALGADO;[List];F,R,V,Z;FIXO;1710633600000;1455148800000;4;5463;N
213;-23.565072;-46.6905489999999;50 km/h;AV PEDROSO DE MORAIS (PINHEIROS/ITAIM) X RUA TEODORO SAMPAIO;[List];A,F,P,R,V,Z;FIXO;1713052800000;1414108800000;4;5154;N
214;-23.53693698;-46.68983604;50 km/h;AV POMPEIA (MARGINAL TIETE/POMPEIA), NUMERO 1536;[List];R,V,Z;FIXO;1723507200000;1425600000000;3;5289;N
215;-23.514859;-46.677097;60/50 km/h;AV PR CASTELO BRANCO (CB/AS), A MAIS 200 METROS PONTE JULIO DE MESQUITA NETO;[List];R,V,VR;FIXO;1677974400000;1437091200000;3;6840/7114;N
216;-23.517934;-46.650917;60/50 km/h;AV PR CASTELO BRANCO (CB/AS), A MAIS 255M PONTE DA CASA VERDE;[List];R,V,VR;FIXO;1713398400000;1432598400000;5;6680/7117/6895/7156;N
217;-23.5902969999999;-46.6809209999999;50 km/h;AV PR JUSCELINO KUBITSCHEK (IB/M PIN) X AV BRIGADEIRO FARIA LIMA;[List];A,F,R,V,Z;FIXO;1695081600000;1461110400000;5;5134/5452;N
218;-23.590451;-46.680885;50 km/h;AV PR JUSCELINO KUBITSCHEK (MG PIN/IB) X R PROF ATILIO INNOCENTI;[List];A,F,P,V,R,Z;FIXO;1717286400000;1461715200000;5;5138/5139;N
219;-23.526874;-46.59932;60/50 km/h;AV PRES CASTELO BRANCO (C. BRANCO/A. SENNA), A MENOS 55M AV ARISTON AZEVEDO;[List];R,V,VR;FIXO;1713916800000;1472688000000;3;6972/7119;N
220;-23.6255099165081;-46.6289718547172;50 km/h;AV PROF ABRAAO DE MORAIS (IMIG/IPIRAN) X R FRANCISCO TAPAJOS;[List];A,P,R,V,Z;FIXO;1710892800000;1441065600000;4;5424;N
221;-23.6154219999999;-46.6273169999999;50 km/h;AV PROF ABRAAO DE MORAIS (IPIRAN/IMIG) X R GENERAL CHAGAS SANTOS;[List];A,P,R,V,Z;FIXO;1710892800000;1444176000000;5;5425/5490;N
222;-23.625703;-46.629222;50 km/h;AV PROF ABRAAO DE MORAIS (IPIRANGA/JABAQUARA), A MAIS 9M DA R PALERMO;[List];R,V,Z;FIXO;1723334400000;1463097600000;7;5481/5500;N
223;-23.6049532;-46.6260387;50 km/h;AV PROF ABRAAO DE MORAIS (JABAQUARA/IPIRANGA), NUMERO 37;[List];R,V,Z;FIXO;1722470400000;1463097600000;7;5229/5498;N
224;-23.6306949999999;-46.77055;50 km/h;ESTRADA DO CAMPO LIMPO (BAIRRO/CENTRO), A MAIS 35 METROS DA RUA BATISTA CRESPO;[List];V;FIXO;;1697760000000;2;2615;N
225;-23.59692;-46.65047;50 km/h;AV PROF ASCENDINO REIS (CENTRO/BAIRRO), NUMERO 830;[List];EXD,F,R,V,Z;FIXO;1712534400000;1538438400000;2;5555/5556;N
226;-23.543423;-46.7253801;50 km/h;AV PROF FONSECA RODRIGUES (PINHEIROS/V. LEOPOLDINA), A MENOS 26M DA R UBIRACICA / AV PROF FONSECA RODRIGUES (V. LEOPOLDINA/PINHEIROS), A MAIS 267M DA PCA APECATU;[List];R,V,Z;FIXO;1716854400000;1427155200000;4;5241/5240;N
227;-23.583418;-46.7145769999999;50 km/h;AV PROF FRANCISCO MORATO (BAIRRO/CENTRO), A MENOS 20M DA R GAL SENA DE VASCONCELOS;[List];EXE,V,VR;FIXO;1698105600000;1423008000000;3;2600/2601;N
228;-23.582619;-46.7136459999999;50 km/h;AV PROF FRANCISCO MORATO (C/B) A MENOS 94M DA RUA JOAO BATISTA DE SOUZA FILHO;[List];EXE,V,VR;FIXO;1683417600000;1422921600000;3;2408/2409;N
229;-23.599493;-46.529168;50 km/h;AV PROF LUIZ IGNACIO A MELLO (B/C), A MENOS 51,5M DA R SANTA MARIA DO CAMBUCA;[List];V;FIXO;1721779200000;1430956800000;2;4542;N
230;-23.574942;-46.765572;50 km/h;AVENIDA ESCOLA POLITECNICA (MARGINAL PINHEIROS/RAPOSO), NUMERO 5050;[List];V;FIXO;;1714003200000;4;2616;N
231;-23.599347;-46.530609;50 km/h;AV PROF LUIZ IGNACIO ANHAIA MELLO (C/B), A MENOS 45M DA R NOVA TIMBOTEUA;[List];V;FIXO;1724025600000;1430265600000;2;4541;N
232;-23.584038;-46.575926;50 km/h;AV PROF LUIZ IGNACIO ANHAIA MELLO (CENTRO/BAIRRO), NUMERO 1820;[List];EXD,R,V,VR;FIXO;1718150400000;1490659200000;4;4648/4649;N
233;-23.577813;-46.766667;50 km/h;AVENIDA ESCOLA POLITECNICA (RAPOSO/MARGINAL PINHEIROS), NUMERO 5173;[List];V;FIXO;;1695254400000;3;2617;N
234;-23.5729218;-46.7045686;50 km/h;AV PROFESSOR FRANCISCO MORATO (B/C) X AV LINEU DE PAULA MACHADO;[List];A,P;FIXO;1714867200000;1426204800000;4;2677;N/A
235;-23.598627;-46.740971;50 km/h;AV PROFESSOR FRANCISCO MORATO (BAIRRO/CENTRO) A MENOS 70M DA R DAVID MATARASSO;[List];EXE,V,VR;FIXO;1719446400000;1419897600000;3;2406/2407;N
236;-23.565108;-46.754983;50 km/h;AVENIDA ESCOLA POLITECNICA (RAPOSO/MARGINAL PINHEIROS) A MAIS 29M DO NR 3545;[List];V;FIXO;;1715126400000;4;2618;N
237;-23.5437406;-46.7323803;50 km/h;AV QUEIROZ FILHO (BAIRRO/CENTRO), OPOSTO AO NUMERO 1700;[List];A,P,R,V;FIXO;1704240000000;1501545600000;3;5512;N
238;-23.5433659;-46.7322121;50 km/h;AV QUEIROZ FILHO (CENTRO/BAIRRO), NUMERO 1700;[List];A,P,R,V;FIXO;1704153600000;1501545600000;4;5511;N
239;-23.623166;-46.651297;50 km/h;AV DOS BANDEIRANTES (IMIGRANTES/MARGINAL), A MENOS 68M DA R ANTONIO GOMIDE;[List];PR,R,V,VR;FIXO;1751328000000;1710806400000;4;2622;N
240;-23.639511;-46.67341;50 km/h;AVENIDA WASHINGTON LUIS (CENTRO/BAIRRO), A MENOS 19 METROS DA AVENIDA DORIA;[List];V;FIXO;1747612800000;1694476800000;3;2640;N
241;-23.598739;-46.468317;50 km/h;AV RAGUEB CHOHFI (S MATEUS/TIRADENTES) X AV ARICANDUVA;[List];A,P,V;FIXO;1716940800000;1478563200000;3;4622;N
242;-23.4126068;-46.7326599;50 km/h;AV RAIMUNDO P DE MAGALHAES (PIRIT/PERUS), A MENOS 154M ALCA DE ACESSO RODOANEL;[List];V;FIXO;1717977600000;1718064000000;3;6867;N
243;-23.649169;-46.676608;50 km/h;AVENIDA WASHINGTON LUIS (BAIRRO/CENTRO), A MENOS 76M DA RUA ROBELIA;[List];V;FIXO;1756339200000;1710201600000;3;2641;N
244;-23.4940165;-46.7310708;40 km/h;AV RAIMUNDO PEREIRA DE MAGALHAES (CENTRO/BAIRRO), A MENOS 6M NUMERO 3840/AV RAIMUNDO PEREIRA DE MAGALHAES (BAIRRO/CENTRO), A MENOS 230M NUMERO 3101;[List];V;FIXO;1717286400000;1412899200000;2;6992/6993;S
245;-23.5412513;-46.6139056;40 km/h;AV RANGEL PESTANA (BAIRRO/CENTRO), A MENOS 22M DA R MARIA MARCOLINA;[List];R,V;FIXO;1717459200000;1550102400000;2;4665;N
246;-23.540955;-46.613306;40 km/h;AV RANGEL PESTANA (CENTRO/BAIRRO), NUMERO 2338;[List];R,V;FIXO;1717459200000;1496707200000;3;4650/4651;N
247;-23.64106;-46.673302;50 km/h;AV WASHINGTON LUIS (B/C), A MENOS 9M DA R DOUTOR ABELARDO VERGUEIRO CESAR;[List];V;FIXO;1747612800000;1704240000000;3;2642;N
248;-23.559804;-46.52002;50 km/h;AV RIO DAS PEDRAS (BAIRRO/CENTRO), NUMERO 203A;[List];EXD,V;FIXO;1721174400000;1447286400000;2;4601/4602;N
249;-23.571322;-46.506523;50 km/h;AV RIO DAS PEDRAS (CENTRO/BAIRRO), A MAIS 42 METROS DA R MINERIOS ATOMICOS;[List];EXD,V;FIXO;1720656000000;1410220800000;2;4222/4223;N
250;-23.62932;-46.64082;50 km/h;AV AFFONSO D ESCRAGNOLLE TAUNAY (MARG/IMIG), A MAIS 54,5M DO VD DANTE DELMANTO;[List];PR,R,V,VR;FIXO;1755734400000;1724284800000;3;2643;N
251;-23.570133;-46.717827;50 km/h;AVENIDA CORIFEU DE AZEVEDO MARQUES (CENTRO/BAIRRO), NUMERO 250;[List];V;FIXO;;1715212800000;3;2644;N
252;-23.6220588;-46.6973849999999;50 km/h;AV ROQUE PETRONI JUNIOR (DIADEMA/MARG PINHEIROS) NR 1226;[List];V;FIXO;1693785600000;1441670400000;4;2718;N
253;-23.6222147999999;-46.6975016999999;50 km/h;AV ROQUE PETRONI JUNIOR (MARG PINHEIROS/DIADEMA) NR 1089;[List];EXE,V;FIXO;1695859200000;1447804800000;4;2715/2716;N
254;-23.5971953;-46.6508667;60 km/h;AV RUBEM BERTA (SANTANA/AEROPORTO), A MENOS 34M DO VIADUTO PEDRO DE TOLEDO;[List];R,V,VR;FIXO;1719792000000;1677974400000;5;5592;N
255;-23.521986;-46.651331;50 km/h;AV RUDGE (BAIRRO/CENTRO), A MAIS 4,5M DA R JAMES HOLLAND;[List];EXE,R,V;FIXO;1715731200000;1441756800000;4;4398/4399;N
256;-23.5714022;-46.7203481;50 km/h;AV CORIFEU DE AZEVEDO MARQUES (BAIRRO/CENTRO), A MAIS 9,5M DA R PADRE JUSTINO;[List];V;FIXO;;1715299200000;3;2646;N
257;-23.579708;-46.572079;50 km/h;AV SALIM FARAH MALUF (BAIRRO/CENTRO) X AV VILA EMA;[List];A,P,R,V,VR;FIXO;1710892800000;1421971200000;4;4314;N
258;-23.53513;-46.58314;50 km/h;AV SALIM FARAH MALUF (M TIETE/V PRUD) X AV CELSO GARCIA;[List];A,P,R,V,VR;FIXO;1710892800000;1437436800000;6;4303;N
259;-23.579072;-46.572097;50 km/h;AV SALIM FARAH MALUF (MARGINAL TIETE/V. PRUDENTE), A MENOS 20M DA AV VILA EMA;[List];R,V,VR;FIXO;1717891200000;1417651200000;5;4362;N
260;-23.570068;-46.573703;50 km/h;AV SALIM FARAH MALUF (MARGINAL TIETE/VL PRUDENTE) A MAIS 196M DA R FAUSTO CLEVA;[List];PR,R,V,VR;FIXO;1718150400000;1429142400000;4;4302;N
261;-23.549634;-46.578994;50 km/h;AV SALIM FARAH MALUF (MARGINAL TIETE/VPRUDENTE) A MENOS 40M DA R FLORINDO BRAS;[List];PR,R,V,VR;FIXO;1713225600000;1417651200000;6;4386;N
262;-23.53551;-46.58268;50 km/h;AV SALIM FARAH MALUF (V PRUD/M TIETE) X AV CELSO GARCIA;[List];A,P,R,V,VR;FIXO;1712534400000;1437436800000;6;4304;N
263;-23.562177;-46.576251;50 km/h;AV SALIM FARAH MALUF (V PRUDENTE/MARG) X R DIOGO LOPES;[List];A,R,V,VR;FIXO;1712448000000;1435708800000;4;4594;N
264;-23.571414;-46.573071;50 km/h;AV SALIM FARAH MALUF (VILA PRUDENTE/MARGINAL TIETE), A MAIS 205M DA R RHONE;[List];PR,R,V,VR;FIXO;1717459200000;1418774400000;4;4401;N
265;-23.549687;-46.578432;50 km/h;AV SALIM FARAH MALUF (VL PRUDENTE/MARGINAL TIETE), A MENOS 152M DO NUMERO 2211;[List];PR,R,V,VR;FIXO;1713139200000;1429142400000;6;4537;N
266;-23.525901;-46.631347;50 km/h;AV SANTOS DUMONT (B/C), A MENOS 20M DA R RODOLFO MIRANDA;[List];EXD,F,R,V,VR;FIXO;1722211200000;1443571200000;8;4588/4589;N
267;-23.5264529;-46.630918;50 km/h;AV SANTOS DUMONT (C/B), A MENOS 162 METROS DA AV DO ESTADO;[List];EXD,F,R,V,VR;FIXO;1722470400000;1436918400000;6;4586/4587;N
268;-23.54243;-46.63999;40 km/h;AV SAO JOAO (CENTRO/BAIRRO) X AV IPIRANGA;[List];A,P,F,R,V,Z;FIXO;1690156800000;1445472000000;3;4412;N
269;-23.54768;-46.64261;50 km/h;AV SAO LUIS (REPUBLICA/SE) X R DA CONSOLACAO;[List];A,F,P,R,V,VR;FIXO;1723939200000;1484006400000;3;4619;N
270;-23.561485;-46.711959;50 km/h;RUA ALVARENGA (CENTRO/BAIRRO), A MENOS 28 METROS DA RUA ALEXANDRE M. MACHADO;[List];V;FIXO;;1715212800000;4;2656;N
271;-23.4986918;-46.4649444;50 km/h;AV SAO MIGUEL (BAIRRO/CENTRO), NUMERO 7469;[List];V;FIXO;1719792000000;1459296000000;5;4561/4562;N
272;-23.498823;-46.465279;50 km/h;AV SAO MIGUEL (CENTRO/BAIRRO), A MENOS 29 METROS DA R PAU D ARCO ROXO;[List];EXD,V;FIXO;1717977600000;1431993600000;3;4370/4438;N
273;-23.5075199;-46.489473;50 km/h;AV SAO MIGUEL (CENTRO/BAIRRO), NUMERO 4560;[List];V;FIXO;1684195200000;1430265600000;3;4306/4534;N
274;-23.701353;-46.7013091;50 km/h;AVENIDA INTERLAGOS (BAIRRO/CENTRO) X PRACA ENZO FERRARI;[List];A,P;FIXO;1706659200000;1426204800000;4;2663;N/A
275;-23.6382353;-46.69724;30 km/h;R VERBO DIVINO (MARGINAL/SANTO AMARO) X AV SANTO AMARO;[List];A,P;FIXO;1731369600000;1426204800000;3;2664;N/A
276;-23.6382316;-46.6969089999999;50 km/h;AVENIDA SANTO AMARO (CENTRO/BAIRRO) X RUA GRAHAM BELL;[List];A,P,V;FIXO;;1714435200000;3;2665;N
277;-23.70882;-46.69984;50 km/h;AV SEN TEOTONIO VILELA (B/C) A MAIS 110M DA R PE JOSE GARZOTTI;[List];V;FIXO;1677974400000;1522281600000;2;2843/2854;N
278;-23.73284;-46.69803;50 km/h;AV SENADOR TEOTONIO VILELA (B/C), A MENOS 152M DO NR 3481;[List];EXE,V;FIXO;1693785600000;1522281600000;3;2834/2849;N
279;-23.7265096;-46.6992679;50 km/h;AV SENADOR TEOTONIO VILELA (BAIRRO/CENTRO), A MAIS 163 METROS DO NUMERO 3063;[List];EXE,V;FIXO;1677974400000;1432857600000;3;2657/2658;N
280;-23.5901309;-46.735876;50 km/h;AV ELISEU DE ALMEIDA (B/C), A MAIS 95M DA R HEITOR DOS PRAZERES;[List];V;FIXO;;1721260800000;4;2688;N
281;-23.764315;-46.7165299999999;50 km/h;AV SENADOR TEOTONIO VILELA (CENTRO/BAIRRO), A MENOS 10M DA R BALNEARIO S JOSE;[List];EXE,V;FIXO;1706745600000;1418342400000;3;2558/2559;N
282;-23.75032;-46.71032;50 km/h;AV SENADOR TEOTONIO VILELA (CENTRO/BAIRRO), NUMERO 5960;[List];EXE,V;FIXO;1697760000000;1522281600000;3;2844/2855;N
283;-23.70895;-46.69986;50 km/h;AV SENADOR TEOTONIO VILELA (CENTRO/BAIRRO), NUMERO 852;[List];V;FIXO;1677974400000;1522281600000;2;2842/2853;N
284;-23.6484492999999;-46.7583302;50 km/h;ESTRADA DO CAMPO LIMPO (CENTRO/BAIRRO) X AVENIDA CARLOS CALDEIRA FILHO;[List];A,P,V;FIXO;;1717632000000;3;2669;N
285;-23.67674;-46.698616;60/50 km/h;AV DAS NACOES UNIDAS (C BRANCO/INTERLAGOS), NUMERO 22540;[List];A,P,V;FIXO;1755734400000;1711065600000;4;2670;N
286;-23.4714264;-46.6406534;40 km/h;AV ULTRAMARINO (SANTANA/MANDAQUI), NUMERO 694/AV ULTRAMARINO (MANDAQUI/SANTANA), OPOSTO NUMERO 694;[List];V;FIXO;1704240000000;1456272000000;2;6956/6957;N
287;-23.65848;-46.6635319999999;50 km/h;AV VEREADOR JOAO DE LUCA (DIAD/MARG) A MAIS 20M DA TV OCTAVIO DE ABREU SAMPAIO;[List];EXE,V;FIXO;1698105600000;1414195200000;4;2436/2437;N
288;-23.636858;-46.6938099999999;50 km/h;AV VEREADOR JOSE DINIZ (BAIRRO/CENTRO), A MENOS 70M DA R AMERICO BRASILIENSE;[List];EXE,V;FIXO;1693785600000;1419984000000;3;2602/2603;N
289;-23.6247879999999;-46.682434;50 km/h;AV VEREADOR JOSE DINIZ (CENTRO/BAIRRO) X R JOAQUIM NABUCO;[List];A,P,V;FIXO;1718236800000;1418860800000;3;2595/2596;N
290;-23.637001;-46.693634;50 km/h;AV VEREADOR JOSE DINIZ (CENTRO/BAIRRO), A MAIS 92M DA R AMERICO BRASILIENSE;[List];EXE,V;FIXO;1693785600000;1412294400000;3;2483/2484;N
291;-23.5809839;-46.6494408;60/50 km/h;AV VINTE E TRES DE MAIO (AER/SANT), A MAIS 32M  DO VIADUTO TUTOIA;[List];F,R,V,Z;FIXO;1722470400000;1670544000000;9;5580/5581;N
292;-23.5626064;-46.6399635;60/50 km/h;AV VINTE E TRES DE MAIO (AEROPORTO/SANTANA) A MAIS 15M DO VD PEDROSO;[List];EXD,F,R,V,VR;FIXO;1718150400000;1636675200000;9;5578/5579;N
293;-23.5808332;-46.6494241;60 km/h;AV VINTE E TRES DE MAIO (SANTANA/AEROPORTO) A MENOS 28M DO VIADUTO TUTOIA;[List];F,R,V,VR;FIXO;1719792000000;1645747200000;9;5582;N
294;-23.5620794;-46.6402707;60/50 km/h;AV VINTE E TRES DE MAIO (SANTANA/AEROPORTO) A MENOS 47M DO VD PEDROSO;[List];EXD,F,R,V,VR;FIXO;1718582400000;1636675200000;9;5576/5577;N
295;-23.64106;-46.673302;50 km/h;AV WASHINGTON LUIS (B/C), A MENOS 9M DA R DOUTOR ABELARDO VERGUEIRO CESAR;[List];V;FIXO;1704240000000;1422662400000;3;2642;N
296;-23.683132;-46.690544;50 km/h;AV. INTERLAGOS (BAIRRO/CENTRO) A MENOS 30 METROS DA AV. ENG. EUSEBIO STEVAUX;[List];EXD,V;FIXO;1698364800000;1410998400000;3;2401;N
297;-23.679847;-46.686833;50 km/h;AV. INTERLAGOS (CENTRO/BAIRRO) A MAIS 11 METROS DA R. GERALDO PACHECO VALENTE;[List];EXD,V;FIXO;1687392000000;1409702400000;3;2400;N
298;-23.676826;-46.698396;50 km/h;AV DAS NACOES UNIDAS (INTERLAGOS/C BRANCO), NUMERO 22413, RETORNO;[List];A;FIXO;1749686400000;1426204800000;3;2671;N
299;-23.58011;-46.487044;50 km/h;AVENIDA AFONSO DE SAMPAIO E SOUSA (BAIRRO/CENTRO), NUMERO 3074/AVENIDA AFONSO DE SAMPAIO E SOUSA (CENTRO/BAIRRO), OPOSTO NUMERO 3074;[List];V;FIXO;1708905600000;1421798400000;4;4420/4421;N
300;-23.476942;-46.6203266;40 km/h;AVENIDA AGUA FRIA (BAIRRO/CENTRO), NUMERO 1373/AVENIDA AGUA FRIA (CENTRO/BAIRRO), NUMERO 1356;[List];V;FIXO;1704240000000;1418860800000;2;6998/6999;N
301;-23.52804;-46.474286;40 km/h;AVENIDA AGUIA DE HAIA (SAO MIGUEL/RADIAL), A MENOS 6,50 METROS DA RUA CUIM/AVENIDA AGUIA DE HAIA (RADIAL/SÃO MIGUEL), A MAIS 21 METROS DA RUA CUIM;[List];V;FIXO;1709078400000;1431993600000;4;4424/4425;S
302;-23.539326;-46.482758;40 km/h;AVENIDA AGUIA DE HAIA (SAO MIGUEL/RADIAL), OPOSTO NUMERO 176/AVENIDA ÁGUIA DE HAIA (RADIAL/SÃO MIGUEL), NUMERO 176;[List];V;FIXO;1711065600000;1438646400000;4;4426/4427;S
303;-23.552426;-46.618222;50 km/h;AVENIDA ALCANTARA MACHADO (BAIRRO/CENTRO), A MENOS 34 METROS DA RUA PLACIDINA;[List];F,R,V,VR;FIXO;1713312000000;1430265600000;6;4390;N
304;-23.55271;-46.618838;50 km/h;AVENIDA ALCANTARA MACHADO (CENTRO/BAIRRO), NUMERO 638;[List];EXD,F,R,V,VR;FIXO;1710288000000;1429142400000;6;4538/4539;N
305;-23.676735999999998;-46.698294;50 km/h;AV DAS NACOES UNIDAS (C BRANCO/INTERLAGOS), NUMERO 22540, RETORNO;[List];A;FIXO;1749686400000;1426204800000;3;2672;N
306;-23.549502;-46.58108;40 km/h;AVENIDA ALVARO RAMOS (BAIRRO/CENTRO), OPOSTO NUMERO 1582/AVENIDA ALVARO RAMOS (CENTRO/BAIRRO), NUMERO 1582;[List];R,V;FIXO;1718755200000;1418774400000;3;4419/4418;S
307;-23.521953;-46.52693;50 km/h;AVENIDA AMADOR BUENO DA VEIGA (CENTRO/BAIRRO), NUMERO 1968;[List];V;FIXO;1711584000000;1412899200000;2;4239;N
308;-23.522254;-46.540224;40 km/h;AVENIDA AMADOR BUENO DA VEIGA (CENTRO/BAIRRO), NUMERO 486/AVENIDA AMADOR BUENO DA VEIGA (BAIRRO/CENTRO), NUMERO 487;[List];V;FIXO;1704326400000;1430956800000;2;4416/4417;S
309;-23.6334191;-46.7734202999999;50 km/h;ESTRADA DO CAMPO LIMPO (CENTRO/BAIRRO), A MAIS 28M DA AVENIDA VITOR GABRIEL;[List];A,P;FIXO;1732147200000;1426204800000;2;2673;N/A
310;-23.690451;-46.6436769999999;40 km/h;AVENIDA ANGELO CRISTIANINI (CENTRO/BAIRRO), OPOSTO AO NUMERO 1419/AVENIDA ANGELO CRISTIANINI (BAIRRO/CENTRO), NUMERO 1419;[List];V;FIXO;1693526400000;1416009600000;2;2504/2505;S
311;-23.572381;-46.50457;50 km/h;AVENIDA ARICANDUVA (CENTRO/BAIRRO) X AVENIDA DOS LATINOS;[List];A,P,V;FIXO;1717977600000;1422489600000;4;4315/4411;N
312;-23.549309;-46.525075;50 km/h;AVENIDA ARICANDUVA (CENTRO/BAIRRO), A MAIS 123 METROS DA RUA ASTARTE;[List];EXD,V;FIXO;1721952000000;1418774400000;3;4439/4440;N
313;-23.579008;-46.497094;50 km/h;AVENIDA ARICANDUVA (CENTRO/BAIRRO), A MAIS 13 METROS DA RUA FUNILANDIA;[List];EXD,V;FIXO;1720051200000;1425859200000;3;4461/4462;N
314;-23.518106;-46.6303083;40 km/h;AVENIDA ASSIS CHATEAUBRIAND (A. SENNA/C. BRANCO), ALCA DA PONTE DAS BANDEIRAS;[List];CPD,R;FIXO;1713916800000;1424736000000;2;6670;N/A
315;-23.674623;-46.712299;50 km/h;AVENIDA ATLANTICA (BAIRRO/CENTRO) A MAIS 91,5 METROS DA AVENIDA DO RIO BONITO;[List];EXE,V;FIXO;1694476800000;1414195200000;3;2422/2423;N
316;-23.695768;-46.714737;50 km/h;AVENIDA ATLANTICA (BAIRRO/CENTRO) A MENOS 20,8 METROS DO NUMERO 3771;[List];EXE,V;FIXO;1683417600000;1418860800000;3;2428/2429;N
317;-23.7125069999999;-46.7098239999999;50 km/h;AVENIDA ATLANTICA (BAIRRO/CENTRO), A MENOS 18 METROS DA RUA NICOLAU MAGNOLI;[List];EXE,V;FIXO;1683417600000;1418860800000;3;2550/2551;N
318;-23.6958659999999;-46.715122;50 km/h;AVENIDA ATLANTICA (CENTRO/BAIRRO) A MENOS 12 METROS DA RUA PORTO ARTUR;[List];EXE,V;FIXO;1693785600000;1418860800000;3;2424/2425;N
319;-23.6743789999999;-46.7123149999999;50 km/h;AVENIDA ATLANTICA (CENTRO/BAIRRO) NUMERO 1000;[List];EXE,V;FIXO;1693526400000;1414195200000;3;2426/2427;N
320;-23.501335;-46.391779;40 km/h;AVENIDA BARAO DE ALAGOAS (CENTRO/BAIRRO), A MENOS 22 METROS DO NUMERO 832/AVENIDA BARAO DE ALAGOAS (BAIRRO/CENTRO), A MENOS 35 METROS RUA ITAJUBI;[List];V;FIXO;1709683200000;1421798400000;2;4490/4491;N
321;-23.525264;-46.614425;40 km/h;AVENIDA BOM JARDIM (CENTRO/BAIRRO), NUMERO 275/AVENIDA BOM JARDIM (BAIRRO/CENTRO), NUMERO 220;[List];R,V;FIXO;1708905600000;1426809600000;4;4447/4448;S
322;-23.499234;-46.487386;40 km/h;AVENIDA BOTURUSSU (SAO MIGUEL/PARANAGUA), MAIS 2 METROS NUMERO 906/AVENIDA BOTURUSSU (PARANAGUA/SAO MIGUEL), NUMERO 915;[List];V;FIXO;1709683200000;1426809600000;2;4445/4446;N
323;-23.578164;-46.6624789199999;50 km/h;AVENIDA BRASIL (IBIRAPUERA/PINHEIROS), NUMERO 126;[List];F,R,V,Z;FIXO;1711324800000;1431993600000;3;5354;N
324;-23.5692175;-46.6722421;50 km/h;AVENIDA BRASIL (PINHEIROS/IBIRAPUERA) X RUA COLOMBIA;[List];A,F,P,R,V,Z;FIXO;1703721600000;1408665600000;3;5098;N
325;-23.5038416;-46.6305061;50 km/h;AVENIDA BRAZ LEME (BAIRRO/CENTRO) X RUA COMENDADOR JOAQUIM MONTEIRO;[List];A,P,V;FIXO;1712620800000;1438560000000;3;6828/6966;N
326;-23.507166;-46.6467681;50 km/h;AVENIDA BRAZ LEME (MARGINAL/SANTANA),OPOSTO NUMERO 1315;[List];V;FIXO;1710806400000;1418342400000;3;6665;N
327;-23.5040203;-46.6313641;50 km/h;AVENIDA BRAZ LEME (MARGINAL/SANTANA),OPOSTO NUMERO 2947;[List];V;FIXO;1710806400000;1443139200000;3;6892;N
328;-23.506822;-46.6468539;50 km/h;AVENIDA BRAZ LEME (SANTANA/MARGINAL),NUMERO 1315;[List];V;FIXO;1722211200000;1418601600000;3;6666;N
329;-23.57908398;-46.6856420399999;50 km/h;AVENIDA BRIGADEIRO FARIA LIMA (ITAIM/PINHEIROS), NUMERO 2537;[List];EXD,F,R,V,Z;FIXO;1713916800000;1449792000000;4;5399/5400;N
330;-23.5680906;-46.6925029;50 km/h;AVENIDA BRIGADEIRO FARIA LIMA (ITAIM/PINHEIROS), OPOSTO AO NUMERO 1134;[List];A,F,P,R,V,Z;FIXO;1704240000000;1450742400000;3;5431;N
331;-23.5679237;-46.6929437;50 km/h;AVENIDA BRIGADEIRO FARIA LIMA (PINHEIROS/ITAIM), NUMERO 1134;[List];A,F,P,R,V,Z;FIXO;1705363200000;1450742400000;4;5143;N
332;-23.59562598;-46.6800548399999;50 km/h;AVENIDA BRIGADEIRO FARIA LIMA (PINHEIROS/ITAIM), NUMERO 4532;[List];F,R,V,Z;FIXO;1713312000000;1433289600000;4;5293;N
333;-23.519677;-46.509848;50 km/h;AVENIDA CALIM EID (BAIRRO/CENTRO), NUMERO 269;[List];V;FIXO;1703548800000;1427155200000;3;4301;N
334;-23.520593;-46.506399;50 km/h;AVENIDA CALIM EID (CENTRO/BAIRRO), A MAIS 13 METROS DA RUA TARU;[List];V;FIXO;1703548800000;1427155200000;3;4300;N
335;-23.533515;-46.459594;40 km/h;AVENIDA CAMPANELLA (BAIRRO/CENTRO), NÚMERO 1863/AVENIDA CAMPANELLA (CENTRO/BAIRRO), OPOSTO NUMERO 1863;[List];V;FIXO;1709683200000;1418688000000;2;4443/4444;N
336;-23.6336759;-46.7734872999999;30 km/h;LARGO DO CAMPO LIMPO (JD M VIRG/JD B REF) X ESTRADA DO CAMPO LIMPO;[List];A,P;FIXO;;1426204800000;2;2674;N/A
337;-23.6336635999999;-46.7735838999999;50 km/h;ESTRADA DO CAMPO LIMPO (C LACERDA/FCO MORATO), A MENOS 90 METROS NO NUMERO 3284;[List];A;FIXO;;1426204800000;2;2675;N/A
338;-23.5080882;-46.7507323;40 km/h;AVENIDA CANDIDO PORTINARI (CENTRO/BAIRRO), NUMERO 402/AVENIDA CANDIDO PORTINARI (BAIRRO/CENTRO), OPOSTO NUMERO 402;[List];V;FIXO;1717286400000;1411084800000;2;6638/6639;N
339;-23.506378;-46.531431;40 km/h;AVENIDA CANGAIBA (CENTRO/BAIRRO), NUMERO 2526/AVENIDA CANGAIBA (BAIRRO/CENTRO), NUMERO 2539;[List];V;FIXO;1696896000000;1427155200000;2;4449/4450;S
340;-23.657688;-46.7757459999999;40 km/h;AVENIDA CARLOS LACERDA (CAPAO REDONDO/CAMPO LIMPO), NUMERO 3093;[List];V;FIXO;1659398400000;1429228800000;1;2495;S
341;-23.508228;-46.5805386;40 km/h;AVENIDA CEREJEIRAS (BAIRRO/CENTRO), A MENOS 45 METROS DO NUMERO 790/AVENIDA CEREJEIRAS (CENTRO/BAIRRO), A MENOS 15 METROS DA RUA YORITOMO;[List];V;FIXO;1707436800000;1417651200000;2;6699/6700;S
342;-23.5825459;-46.6855886;50 km/h;AVENIDA CIDADE JARDIM (BAIRRO/CENTRO) X RUA ARACARI;[List];EXE,F,R,V,VR;FIXO;1704758400000;1431475200000;2;5305/5322;N
343;-23.584495;-46.6878969999999;50 km/h;AVENIDA CIDADE JARDIM (CENTRO/BAIRRO), OPOSTO AO NUMERO 993;[List];A,F,P,R,V,VR;FIXO;1721692800000;1455148800000;2;5423;N
344;-23.575249;-46.529309;40 km/h;AVENIDA CIPRIANO RODRIGUES (CENTRO/BAIRRO), NUMERO 314/AVENIDA CIPRIANO RODRIGUES (BAIRRO/CENTRO), OPOSTO NUMERO 314;[List];V;FIXO;1709683200000;1421798400000;2;4466/4467;N
345;-23.5020764;-46.6784368;40 km/h;AVENIDA CLAVASIO ALVES DA SILVA (CENTRO/BAIRRO), NUMERO 164/AVENIDA CLAVASIO ALVES DA SILVA (BAIRRO/CENTRO), OPOSTO NUMERO 164;[List];V;FIXO;1712102400000;1712188800000;2;6629/6630;S
346;-23.6501433;-46.7587191;50 km/h;AV CARLOS CALDEIRA FILHO (B/C) X R ROGERIO DE PAULA BRITO;[List];A,P;FIXO;1751155200000;1426204800000;4;2676;N
347;-23.4949895;-46.5809791;40 km/h;AVENIDA CONCEICAO (BAIRRO/CENTRO) X RUA REVERENDO ISRAEL VIEIRA FERREIRA;[List];A,P,V;FIXO;1701302400000;1422921600000;1;6802;N
348;-23.499873;-46.6085099;40 km/h;AVENIDA CONCEICAO (BAIRRO/CENTRO), NUMERO 493;[List];V;FIXO;1705276800000;1417046400000;1;6657;S
349;-23.4949927;-46.5814263;40 km/h;AVENIDA CONCEICAO (CENTRO/BAIRRO) X RUA REVERENDO ISRAEL VIEIRA FERREIRA;[List];A,P,V;FIXO;1701302400000;1422921600000;1;6692;N
350;-23.536051;-46.553105;50 km/h;AVENIDA CONDE DE FRONTIN (CENTRO/BAIRRO), A MENOS 55 METROS DA RUA PINHALZINHO;[List];EXD,F,V,VR;FIXO;1700179200000;1420761600000;5;4366/4463;N
351;-23.5701329999999;-46.717827;50 km/h;AVENIDA CORIFEU DE AZEVEDO MARQUES (CENTRO/BAIRRO), NUMERO 250;[List];EXD,V;FIXO;1715126400000;1429228800000;3;2644/2645;N
352;-23.5152381;-46.6253044;50 km/h;AVENIDA CRUZEIRO DO SUL (BAIRRO/CENTRO), NUMERO 1803;[List];A,P,V;FIXO;1702339200000;1423440000000;4;6811/6812;N
353;-23.5155068;-46.6250557;50 km/h;AVENIDA CRUZEIRO DO SUL (CENTRO/BAIRRO), NUMERO 1800;[List];A,P,V;FIXO;1701302400000;1423440000000;4;6809/6810;N
354;-23.6764909999999;-46.641834;50 km/h;AVENIDA CUPECE (DIADEMA/MARGINAL), A MAIS 26 METROS DA RUA JOSE VIRGINIO SIMOES;[List];EXE,V;FIXO;1677974400000;1419033600000;4;2548/2549;N
355;-23.6667209999999;-46.654865;50 km/h;AVENIDA CUPECE (DIADEMA/MARGINAL), A MENOS 14M DA RUA ANALIA MARIA DE JESUS;[List];EXE,V;FIXO;1677974400000;1419033600000;4;2546/2547;N
356;-23.6760887999999;-46.642113;50 km/h;AVENIDA CUPECE (MARGINAL/DIADEMA), A MAIS 20 METROS DO NUMERO 4820;[List];EXE,V;FIXO;1677974400000;1419033600000;4;2579/2580;N
357;-23.666117;-46.656654;50 km/h;AVENIDA CUPECE (MARGINAL/DIADEMA), NUMERO 2958;[List];EXE,V;FIXO;1677974400000;1417824000000;4;2577/2578;N
358;-23.587176;-46.516199;40 km/h;AVENIDA DA BARREIRA GRANDE (CENTRO/BAIRRO), NUMERO 2064/AVENIDA DA BARREIRA GRANDE (BAIRRO/CENTRO), OPOSTO NUMERO 2064;[List];V;FIXO;1683676800000;1422403200000;2;4276/4277;N
359;-23.589092;-46.510182;40 km/h;AVENIDA DA BARREIRA GRANDE (CENTRO/BAIRRO), NUMERO 2832/AVENIDA DA BARREIRA GRANDE (BAIRRO/CENTRO), NUMERO 2905;[List];V;FIXO;1709683200000;1422403200000;2;4278/4279;N
360;-23.6075389999999;-46.697187;60/50 km/h;AVENIDA DAS NACOES UNIDAS (INTERLAGOS/CASTELO BRANCO), NUMERO 12399;[List];V,VR;FIXO;1687392000000;1429228800000;4;2654/2812/2813;N
361;-23.649532;-46.72422;60/50/50 km/h;AVENIDA DAS NACOES UNIDAS (INTERLAGOS/CASTELO BRANCO), NUMERO 18001;[List];V;FIXO;1694649600000;1425340800000;3;2695/2790/2791;N
362;-23.461448;-46.6841496;40 km/h;AVENIDA DEPUTADO CANTIDIO SAMPAIO (BAIRRO/CENTRO), NUMERO 2145;[List];V;FIXO;1717286400000;1414108800000;1;6628;S
363;-23.4881609;-46.6759281;40 km/h;AVENIDA DEPUTADO EMILIO CARLOS (BAIRRO/CENTRO), NUMERO 2113/AVENIDA DEPUTADO EMILIO CARLOS (CENTRO/BAIRRO), NUMERO 2224;[List];V;FIXO;1706572800000;1418860800000;2;6730/6731;S
364;-23.5729218;-46.7045686;50 km/h;AV PROFESSOR FRANCISCO MORATO (B/C) X AV LINEU DE PAULA MACHADO;[List];A,P,V;FIXO;;1714953600000;4;2677;N/A
365;-23.6302939999999;-46.618011;50 km/h;AVENIDA DO CURSINO (BAIRRO/CENTRO), NUMERO 3271 / AVENIDA DO CURSINO (CENTRO/BAIRRO), OPOSTO NUMERO 3271;[List];V;FIXO;1711497600000;1444176000000;2;5246/5245;S
366;-23.5684739;-46.7572706999999;50 km/h;AV ESCOLA POLITECNICA(RAPOSO/MARGINAL) X R JORGE WARD;[List];A,CPE,P;FIXO;;1715212800000;3;2678;N/A
367;-23.59744;-46.541156;40 km/h;AVENIDA DO ORATORIO (CENTRO/BAIRRO), NUMERO 3232/AVENIDA DO ORATORIO (BAIRRO/CENTRO), NUMERO 3191 A;[List];V;FIXO;1709683200000;1418688000000;2;4287/4288;S
368;-23.612357;-46.523878;40 km/h;AVENIDA DO ORATORIO (CENTRO/BAIRRO), NUMERO 6518/AVENIDA DO ORATORIO (BAIRRO/CENTRO), NUMERO 6515;[List];V;FIXO;1709683200000;1418688000000;2;4285/4286;S
369;-23.693445;-46.7015529999999;40 km/h;AVENIDA DO RIO BONITO (INTERLAGOS/GUARAPIRANGA), NUMERO 2345/AVENIDA DO RIO BONITO (GUARAPIRANGA/INTERLAGOS), OPOSTO AO NUMERO 2345;[List];V;FIXO;1687392000000;1416009600000;4;2535/2536;S
370;-23.57383104;-46.6108369199999;50 km/h;AVENIDA DOM PEDRO I (IPIRANGA/MOOCA), NUMERO 909;[List];EXD,F,R,V,Z;FIXO;1722297600000;1407974400000;4;5086;N
371;-23.57320104;-46.61097912;50 km/h;AVENIDA DOM PEDRO I (MOOCA/IPIRANGA), NUMERO 920;[List];EXD,F,R,V,Z;FIXO;1722297600000;1407974400000;4;5085;N
372;-23.7532369999999;-46.688343;50 km/h;AVENIDA DONA BELMIRA MARIN (BAIRRO/CENTRO), A MENOS 60 METROS DO NUMERO 2672;[List];V;FIXO;1695772800000;1419984000000;4;2583;N
373;-23.610337;-46.6749379999999;50 km/h;AVENIDA DOS BANDEIRANTES (IMIGRANTES/MARGINAL) A MAIS 164 METROS DA RUA GAIVOTA;[List];PR,R,V,VR;FIXO;1677715200000;1429833600000;4;2653;N
374;-23.57265;-46.499644;40 km/h;AVENIDA DOS LATINOS (CENTRO/BAIRRO), OPOSTO NUMERO 627/AVENIDA DOS LATINOS (BAIRRO/CENTRO), NUMERO 627;[List];V;FIXO;1711497600000;1421798400000;2;4482/4483;N
375;-23.586709;-46.693498;50 km/h;AVENIDA DOS TAJURAS (BAIRRO/CENTRO), NUMERO 406;[List];V;FIXO;1698278400000;1419033600000;3;2588;N
376;-23.586698;-46.693497;50 km/h;AVENIDA DOS TAJURAS (CENTRO/BAIRRO), A MENOS 14 METROS DO NUMERO 401;[List];V;FIXO;1698278400000;1419033600000;3;2509;N
377;-23.5531048;-46.6734001;50 km/h;AVENIDA DOUTOR ARNALDO (BAIRRO/CENTRO), NUMERO 925;[List];EXD,F,R,V,Z;FIXO;1703721600000;1438041600000;4;5369/5370;N
378;-23.5547349;-46.6689643;50 km/h;AVENIDA DOUTOR ARNALDO (CENTRO/BAIRRO) A MAIS 155 METROS DA RUA MAJOR NATANAEL;[List];F,R,V,Z;FIXO;1704672000000;1438041600000;4;5346/5350;N
379;-23.5366620299999;-46.7323531199999;50 km/h;AVENIDA DOUTOR GASTAO VIDIGAL (MARGINAL TIETE/PINHEIROS), OPOSTO AO NUMERO 2301;[List];R,V;FIXO;1721865600000;1721952000000;3;5364;N
380;-23.6019159999999;-46.6055169999999;40 km/h;AVENIDA DOUTOR GENTIL DE MOURA (CENTRO/BAIRRO), NUMERO 980;[List];R,V,Z;FIXO;1718755200000;1426464000000;2;5250;N
381;-23.616768;-46.7407949999999;40 km/h;AVENIDA DOUTOR GUILHERME DUMONT VILARES (GIOVANNI/MORATO), NUMERO 1093;[List];V;FIXO;1696982400000;1416009600000;2;2517;S
382;-23.486862;-46.437463;40 km/h;AVENIDA DOUTOR JOSE ARTUR NOVA (SAO PAULO/GUARULHOS), NUMERO 800/AVENIDA DOUTOR JOSE ARTUR NOVA (GUARULHOS/SAO PAULO), OPOSTO NUMERO 800;[List];V;FIXO;1714435200000;1421798400000;2;4641/4475;S
383;-23.53984803;-46.64646288;50 km/h;AVENIDA DUQUE DE CAXIAS (CENTRO/BAIRRO), NUMERO 193;[List];F,R,V,Z;FIXO;1723939200000;1455148800000;5;5118/5501;N
384;-23.4938777;-46.5917128;40 km/h;AVENIDA EDE (CENTRO/BAIRRO), NUMERO 634/AVENIDA EDE (BAIRRO/CENTRO), NUMERO 651;[List];V;FIXO;1705622400000;1418342400000;2;6716/6717;S
385;-23.4803713;-46.5672058;40 km/h;AVENIDA EDU CHAVES (JACANA/EDU CHAVES), OPOSTO NUMERO 1533/AVENIDA EDU CHAVES (EDU CHAVES/JACANA), NUMERO 1533;[List];V;FIXO;1693785600000;1417651200000;2;6994/6995;S
386;-23.5192084;-46.5609615;50 km/h;AVENIDA EDUCADOR PAULO FREIRE (FERNAO DIAS/PENHA), NUMERO 191;[List];A,P,V;FIXO;1705363200000;1418601600000;4;6772/6795;N
387;-23.5191583;-46.5606546999999;50 km/h;AVENIDA EDUCADOR PAULO FREIRE (PENHA/FERNAO DIAS), NUMERO 1100;[List];A,P,V;FIXO;1701993600000;1418342400000;3;6771/6961;N
388;-23.5893021999999;-46.7343479999999;50 km/h;AVENIDA ELISEU DE ALMEIDA (CENTRO/BAIRRO), A MAIS 6M DA RUA DOM HENRIQUE MOURAO;[List];V;FIXO;1694736000000;1425340800000;4;2692;N
389;-23.671022;-46.6963269999999;40 km/h;AVENIDA ENGENHEIRO ALBERTO ZAGOTTIS (CENTRO/BAIRRO), OPOSTO AO NUMERO 387/AVENIDA ENGENHEIRO ALBERTO ZAGOTTIS (BAIRRO/CENTRO), NUMERO 349;[List];V;FIXO;1705622400000;1416009600000;4;2502/2503;S
390;-23.4872065;-46.6466554;50 km/h;AVENIDA ENGENHEIRO CAETANO ALVARES (BAIRRO/CENTRO), NUMERO 4339;[List];V;FIXO;1702857600000;1443139200000;2;6667;N
391;-23.502869;-46.66664;50 km/h;AVENIDA ENGENHEIRO CAETANO ALVARES (CENTRO/BAIRRO), NUMERO 1358;[List];EXD,V;FIXO;1701302400000;1412899200000;3;6658/6659;N
392;-23.4873122;-46.6462423;50 km/h;AVENIDA ENGENHEIRO CAETANO ALVARES (CENTRO/BAIRRO), NUMERO 4358;[List];V;FIXO;1701388800000;1443139200000;2;6760;N
393;-23.51109096;-46.7055388799999;50 km/h;AVENIDA ERMANO MARCHETTI (BAIRRO/CENTRO) A MAIS 150 METROS DA PONTE DO PIQUERI;[List];EXE,R,V,VR;FIXO;1722211200000;1421107200000;4;5319/5320;N
394;-23.5154169899999;-46.69579584;50 km/h;AVENIDA ERMANO MARCHETTI (BAIRRO/CENTRO), A MAIS 38 METROS DA RUA DO CURTUME;[List];EXE,R,V,VR;FIXO;1721260800000;1721347200000;4;5326/5327;N
395;-23.5113499799999;-46.70534808;50 km/h;AVENIDA ERMANO MARCHETTI (CENTRO/BAIRRO) A MENOS 160 METROS DA PONTE DO PIQUERI;[List];EXE,R,V,VR;FIXO;1721088000000;1421107200000;4;5328/5329;N
396;-23.51526696;-46.69448904;50 km/h;AVENIDA ERMANO MARCHETTI (CENTRO/BAIRRO), A MAIS 40 METROS DA RUA CENNO SBRIGHI;[List];EXE,R,V,VR;FIXO;1721692800000;1721779200000;4;5324/5325;N
397;-23.574942;-46.7655719999999;50 km/h;AVENIDA ESCOLA POLITECNICA (MARGINAL PINHEIROS/RAPOSO), NUMERO 5050;[List];V;FIXO;1694736000000;1420675200000;3;2616;N
398;-23.565108;-46.754983;50 km/h;AVENIDA ESCOLA POLITECNICA (RAPOSO/MARGINAL PINHEIROS) A MAIS 29M DO NR 3545;[List];V;FIXO;1695600000000;1420675200000;3;2618;N
399;-23.577813;-46.766667;50 km/h;AVENIDA ESCOLA POLITECNICA (RAPOSO/MARGINAL PINHEIROS), NUMERO 5173;[List];V;FIXO;1695254400000;1420675200000;3;2617;N
400;-23.5718898;-46.697425;50 km/h;AVENIDA EUSEBIO MATOSO (BAIRRO/CENTRO), A MENOS 5 METROS DA RUA SAO COLUMBANO;[List];EXE,R,V,VR;FIXO;1703635200000;1411603200000;3;5194/5195;N
401;-23.5681727;-46.757382;50 km/h;AV ESCOLA POLITECNICA(MARGINAL/RAPOSO) X R JORGE WARD;[List];A,P,V;FIXO;;1714953600000;3;2679;N
402;-23.649647;-46.642803;40 km/h;AVENIDA FRANCISCO DE PAULA QUINTANILHA RIBEIRO (CENTRO/BAIRRO), NUMERO 280/AVENIDA FRANCISCO DE PAULA QUINTANILHA RIBEIRO (BAIRRO/CENTRO), OPOSTO AO NR 280;[List];V;FIXO;1695600000000;1416441600000;2;2512/2513;S
403;-23.52610602;-46.6769609999999;50 km/h;AVENIDA FRANCISCO MATARAZZO (BAIRRO/CENTRO), OPOSTO NUMERO 1500;[List];R,V,Z;FIXO;1721865600000;1419897600000;3;5213/5214;N
404;-23.5295009999999;-46.66824684;50 km/h;AVENIDA FRANCISCO MATARAZZO (BAIRRO/CENTRO), OPOSTO NUMERO 524;[List];EXE,F,R,V,Z;FIXO;1721174400000;1416960000000;3;5211/5212;N
405;-23.5294986;-46.6679751;50 km/h;AVENIDA FRANCISCO MATARAZZO (CENTRO/BAIRRO), NUMERO 524;[List];EXE,F,R,V,Z;FIXO;1722211200000;1416960000000;3;5210;N
406;-23.4795611;-46.7078985;50 km/h;AVENIDA FUAD LUTFALLA (BAIRRO/CENTRO),NUMERO 1191;[List];V;FIXO;1715212800000;1428969600000;3;6866;N
407;-23.4796129;-46.70768;50 km/h;AVENIDA FUAD LUTFALLA (CENTRO/BAIRRO),OPOSTO NUMERO 1191;[List];V;FIXO;1715212800000;1715299200000;3;6865;N
408;-23.516576;-46.54977;30 km/h;AVENIDA GABRIELA MISTRAL (MARGINAL TIETE/PENHA), NUMERO 503;[List];A,P;FIXO;1723766400000;1410307200000;1;4229;N/A
409;-23.516918;-46.549673;30 km/h;AVENIDA GABRIELA MISTRAL (PENHA/MARGINAL TIETE), NUMERO 520;[List];A,P;FIXO;1723766400000;1410307200000;1;4228;N/A
410;-23.5024997;-46.6181197;50 km/h;AVENIDA GENERAL ATALIBA LEONEL (BAIRRO/CENTRO), NUMERO 1089;[List];V;FIXO;1701388800000;1443139200000;4;6878/6879;N
411;-23.4837429;-46.6029739;40 km/h;AVENIDA GENERAL ATALIBA LEONEL (CENTRO/BAIRRO), NUMERO 3918/AVENIDA GENERAL ATALIBA LEONEL (BAIRRO/CENTRO), OPOSTO NUMERO 3918;[List];V;FIXO;1705017600000;1417651200000;2;6697/6698;S
412;-23.5033452;-46.6199538;50 km/h;AVENIDA GENERAL ATALIBA LEONEL (CENTRO/BAIRRO), NUMERO 768;[List];EXD,V;FIXO;1705449600000;1432598400000;3;6876/6877;N
413;-23.4958772;-46.7081723;50 km/h;AVENIDA GENERAL EDGAR FACO (BAIRRO/CENTRO), NUMERO 1189;[List];EXE,V;FIXO;1718582400000;1718668800000;4;6863/6864;N
414;-23.4909338;-46.7099899;50 km/h;AVENIDA GENERAL EDGAR FACO (CENTRO/BAIRRO), NUMERO 1754;[List];EXE,V;FIXO;1718236800000;1718323200000;4;6861/6862;N
415;-23.50053;-46.7064076;50 km/h;AVENIDA GENERAL EDGAR FACO (CENTRO/BAIRRO), NUMERO 676;[List];EXE,V;FIXO;1715040000000;1409270400000;4;6608/6609;N
416;-23.595316;-46.715637;50 km/h;AVENIDA GIOVANNI GRONCHI (BAIRRO/CENTRO), A MENOS 7,0 METROS DO NUMERO 1065;[List];V,VR;FIXO;1694736000000;1416441600000;2;2540;N
417;-23.6363559999999;-46.736969;50 km/h;AVENIDA GIOVANNI GRONCHI (BAIRRO/CENTRO), NUMERO 6701;[List];V,VR;FIXO;1677974400000;1414195200000;2;2563;N
418;-23.6369459999999;-46.737026;50 km/h;AVENIDA GIOVANNI GRONCHI (CENTRO/BAIRRO), A MAIS 45 METROS DA RUA CAXE;[List];V,VR;FIXO;1677974400000;1414195200000;3;2561/2562;N
419;-23.621485;-46.733643;50 km/h;AVENIDA GIOVANNI GRONCHI (CENTRO/BAIRRO), A MENOS 22 METROS DO NUMERO 4864;[List];V,VR;FIXO;1677974400000;1414195200000;2;2560;N
420;-23.596459;-46.713593;50 km/h;AVENIDA GIOVANNI GRONCHI (CENTRO/BAIRRO), OPOSTO AO NUMERO 705;[List];V,VR;FIXO;1695254400000;1416441600000;2;2587;N
421;-23.4750711;-46.5918757;50 km/h;AVENIDA GUAPIRA (CENTRO/BAIRRO), NUMERO 1386/AVENIDA GUAPIRA (BAIRRO/CENTRO), OPOSTO NUMERO 1394;[List];V;FIXO;1707177600000;1418169600000;2;6718/6719;N
422;-23.667185;-46.725268;50 km/h;AVENIDA GUARAPIRANGA (BAIRRO/CENTRO), NUMERO 1389;[List];EXE,V;FIXO;1718064000000;1425340800000;3;2702/2703;N
423;-23.667015;-46.725346;50 km/h;AVENIDA GUARAPIRANGA (CENTRO/BAIRRO), A MENOS 178 METROS DA AVENIDA GUIDO CALOI;[List];V;FIXO;1718582400000;1426896000000;3;2701/2704;N
424;-23.647718;-46.727634;60/50 km/h;AVENIDA GUIDO CALOI (CASTELO BRANCO/INTERLAGOS), A MAIS 72 METROS DO NUMERO 25;[List];PR,V;FIXO;1697673600000;1426809600000;4;2582/2788;N
425;-23.5179342;-46.5895108;50 km/h;AVENIDA GUILHERME COTCHING (BAIRRO/CENTRO), NUMERO 1303;[List];EXD,V;FIXO;1704931200000;1445558400000;3;6882/6883;N
426;-23.5185156;-46.5897279;50 km/h;AVENIDA GUILHERME COTCHING (CENTRO/BAIRRO), NUMERO 1238;[List];EXD,V;FIXO;1706745600000;1443139200000;3;6679/6684;N
427;-23.4816199;-46.5928584;40 km/h;AVENIDA GUSTAVO ADOLFO (TUCURUVI/JARDIM BRASIL), NUMERO 686/AVENIDA GUSTAVO ADOLFO (JARDIM BRASIL/TUCURUVI), NUMERO 683;[List];V;FIXO;1705449600000;1417651200000;2;6996/6997;S
428;-23.5445836;-46.6541867;40 km/h;AVENIDA HIGIENOPOLIS (CENTRO/BAIRRO), NUMERO 235;[List];F,R,V,Z;FIXO;1705363200000;1571011200000;2;5306;N
429;-23.60198;-46.6605929999999;50 km/h;AVENIDA IBIRAPUERA (BAIRRO/CENTRO) X AVENIDA CHIBARAS;[List];A,F,P,R,V,Z;FIXO;1713830400000;1413417600000;3;5136/5137;N
430;-23.6091119999999;-46.6673479999999;50 km/h;AVENIDA IBIRAPUERA (BAIRRO/CENTRO) X AVENIDA MOACI;[List];A,F,P,R,V,Z;FIXO;1713830400000;1435795200000;3;5130/5131;N
431;-23.6020239899999;-46.66084596;50 km/h;AVENIDA IBIRAPUERA (CENTRO/BAIRRO), NUMERO 1994;[List];EXE,F,R,V,Z;FIXO;1714867200000;1438041600000;3;5291/5292;N
432;-23.61150801;-46.66972392;50 km/h;AVENIDA IBIRAPUERA (CENTRO/BAIRRO), NUMERO 3398;[List];EXE,R,V;FIXO;1712448000000;1407974400000;3;5116/5117;N
433;-23.4793479;-46.6622341;40 km/h;AVENIDA IMIRIM (BAIRRO/CENTRO), NUMERO 3749;[List];V;FIXO;1705276800000;1421280000000;2;6732;N
434;-23.4987819;-46.6857032;50 km/h;AVENIDA INAJAR DE SOUZA (BAIRRO/CENTRO), A MAIS 21M NUMERO 765;[List];A,P,V;FIXO;1712188800000;1475280000000;4;6856/6857;N
435;-23.4990572;-46.6853453;50 km/h;AVENIDA INAJAR DE SOUZA (CENTRO/BAIRRO), NUMERO 736;[List];A,P,V;FIXO;1712102400000;1472688000000;4;6854/6855;N
436;-23.6209439699999;-46.6473351599999;50 km/h;AVENIDA INDIANOPOLIS (IBIRAPUERA /JABAQUARA), NUMERO 2626;[List];EXD,F,R,V,VR;FIXO;1712448000000;1437696000000;4;5387/5388;N
437;-23.62129398;-46.6470449999999;50 km/h;AVENIDA INDIANOPOLIS (JABAQUARA/IBIRAPUERA), NUMERO 2645;[List];EXD,F,R,Z;FIXO;1712448000000;1438041600000;4;5389/5390;N/A
438;-23.6004450299999;-46.65828204;50 km/h;AVENIDA INDIANOPOLIS (JABAQUARA/IBIRAPUERA), OPOSTO AO NUMERO 46;[List];F,R,V,Z;FIXO;1710720000000;1426809600000;4;5290;N
439;-23.558115;-46.748141;50 km/h;AV CORIFEU DE AZEVEDO MARQUES (B/C) X AV ESCOLA POLITECNICA;[List];A,P,V;FIXO;;1715040000000;4;2682;N
440;-23.689676;-46.697541;50 km/h;AVENIDA INTERLAGOS (BAIRRO/CENTRO), NUMERO 5019;[List];V;FIXO;1697760000000;1425945600000;3;2604;N
441;-23.7092929999999;-46.7032239999999;50 km/h;AVENIDA INTERLAGOS (CENTRO/BAIRRO), NUMERO 7250/AVENIDA INTERLAGOS (BAIRRO/CENTRO), NUMERO 7229;[List];V;FIXO;1705622400000;1416009600000;4;2524/2525;N
442;-23.5942609999999;-46.6612659999999;40 km/h;AVENIDA IV CENTENARIO (BAIRRO/CENTRO), NUMERO 1105/AVENIDA IV CENTENARIO (CENTRO/BAIRRO), OPOSTO NUMERO 1105;[List];F,R,V,Z;FIXO;1713744000000;1423008000000;2;5251/5252;N
443;-23.735128;-46.695438;50 km/h;AV DONA BELMIRA MARIN (BAIRRO/CENTRO) X R DOUTOR OSCAR ANDRADE LEMOS;[List];A,V;FIXO;1707350400000;1426204800000;2;2683;N
444;-23.561417;-46.446042;50 km/h;AVENIDA JACU PESSEGO/NOVA TRABALHADORES (AYRTON SENNA/MAUA), NUMERO 394;[List];A,P,V;FIXO;1717977600000;1422403200000;4;4324/4436;N
445;-23.561589;-46.445766;50 km/h;AVENIDA JACU PESSEGO/NOVA TRABALHADORES (MAUA/AYRTON SENNA), NUMERO 385;[List];A,P,V;FIXO;1717977600000;1426809600000;4;4323/4435;N
446;-23.551777;-46.7410929999999;50 km/h;AVENIDA JAGUARE (BAIRRO/CENTRO) X PRACA FRANCISCO LUIZ GONZAGA;[List];A,P,V;FIXO;1716854400000;1408492800000;4;2438;N
447;-23.5526519999999;-46.7416989999999;50 km/h;AVENIDA JAGUARE (CENTRO/BAIRRO) X PRACA FRANCISCO LUIZ GONZAGA;[List];A,P,V;FIXO;1716854400000;1406592000000;3;2439;N
448;-23.7050419999999;-46.687302;50 km/h;AVENIDA JAIR RIBEIRO DA SILVA (B/C) X RUA ALFREDO FERREIRA DE CARVALHO;[List];A,P,V;FIXO;1696896000000;1409702400000;2;2461;N
449;-23.7048589999999;-46.68742;50 km/h;AVENIDA JAIR RIBEIRO DA SILVA (C/B) X RUA ALFREDO FERREIRA DE CARVALHO;[List];A,P,V;FIXO;1696982400000;1409702400000;2;2460;N
450;-23.483499;-46.5797626;40 km/h;AVENIDA JARDIM JAPAO (JARDIM BRASIL/VILA NIVI), NUMERO 770/AVENIDA JARDIM JAPAO (VILA NIVI/JARDIMBRASIL), OPOSTO NUMERO 770;[List];V;FIXO;1705276800000;1418342400000;2;6703/6704;S
451;-23.645896;-46.710138;50 km/h;AVENIDA JOAO DIAS (BAIRRO/CENTRO), A MAIS 7,9 METROS DA RUA BARAO DO RIO BRANCO;[List];EXE,V;FIXO;1693526400000;1414195200000;3;2566/2567;N
452;-23.645851;-46.710109;50 km/h;AVENIDA JOAO DIAS (CENTRO/BAIRRO), A MAIS 24,7 METROS DO NUMERO 966;[List];EXE,V;FIXO;1693785600000;1414195200000;3;2564/2565;N
453;-23.570053;-46.529264;50 km/h;AVENIDA JOAO XXIII (BAIRRO/CENTRO) X AVENIDA MONSENHOR ANTONIO CASTRO;[List];A,V;FIXO;1720051200000;1424390400000;2;4244;N
454;-23.570447;-46.529863;50 km/h;AVENIDA JOAO XXIII (CENTRO/BAIRRO) X AVENIDA MONSENHOR ANTONIO CASTRO;[List];A,P,V;FIXO;1720051200000;1424390400000;2;4245;N
455;-23.5035559;-46.6033977;50 km/h;AVENIDA JOAQUINA RAMALHO (CENTRO/BAIRRO), NUMERO 1500/AVENIDA JOAQUINA RAMALHO (BAIRRO/CENTRO), NUMERO 1511;[List];V;FIXO;1707177600000;1418860800000;2;6711/6712;N
456;-23.51113;-46.60602;50 km/h;AVENIDA JOAQUINA RAMALHO (CENTRO/BAIRRO), NUMERO 570/AVENIDA JOAQUINA RAMALHO (BAIRRO/CENTRO), NUMERO 631;[List];V;FIXO;1704153600000;1418860800000;4;6709/6710;N
457;-23.587067;-46.724136;60 km/h;AVENIDA JORGE JOAO SAAD(BAIRRO/CENTRO) X AVENIDA PROFESSOR FRANCISCO MORATO;[List];A,P,V,VR;FIXO;1721520000000;1409702400000;4;2440;N
458;-23.525219;-46.435331;50 km/h;AVENIDA JOSE PINHEIRO BORGES (CENTRO/BAIRRO), A MENOS 300M DA RUA BENTO MUNHOZ;[List];V;FIXO;1719187200000;1417651200000;2;4309;N
459;-23.58900999;-46.59789888;50 km/h;AVENIDA JUNTAS PROVISORIAS (ANCHIETA/MOOCA), NUMERO 295;[List];V,VR;FIXO;1719360000000;1409875200000;4;5115;N
460;-23.59854297;-46.59754104;50 km/h;AVENIDA JUNTAS PROVISORIAS (MOOCA/ANCHIETA), NUMERO 1338;[List];PR,V;FIXO;1719705600000;1413417600000;4;5120;N
461;-23.616192;-46.663464;40 km/h;AL DOS TUPINIQUINS X AV DOS BANDEIRANTES (IMIGRAN/M PINHEIROS);[List];A,CPD,P,R;FIXO;1749686400000;1706745600000;3;2684;N
462;-23.4978239;-46.615734;40 km/h;AVENIDA LEONCIO DE MAGALHAES (CARANDIRU/AGUA FRIA), OPOSTO NUMERO 337/AVENIDA LEONCIO DE MAGALHAES (AGUA FRIA/CARANDIRU), NUMERO 337;[List];V;FIXO;1705017600000;1417046400000;2;6651/6652;N
463;-23.622722;-46.65194;50 km/h;AV DOS BANDEIRANTES (IMIGRAN/MARGINAL) X AV MIRUNA;[List];A;FIXO;1749686400000;1706745600000;4;2685;N
464;-23.5691098;-46.6220299;50 km/h;AVENIDA LINS DE VASCONCELOS (VILA MARIANA/CAMBUCI), NUMERO 653;[List];EXD,F,R,V,Z;FIXO;1717459200000;1438560000000;3;5395/5396;N
465;-23.4972664;-46.6122838;50 km/h;AVENIDA LUIZ DUMONT VILLARES (B/C) X RUA VIRI;[List];A,P,V;FIXO;1706572800000;1416355200000;4;6689/6794;N
466;-23.4968753;-46.612324;50 km/h;AVENIDA LUIZ DUMONT VILLARES (C/B) X RUA VIRI;[List];A,P,V;FIXO;1701993600000;1416355200000;4;6690/6793;N
467;-23.599202;-46.685661;50 km/h;AV DOS BANDEIRANTES, PISTA LOCAL (IMIG/MARG), A MENOS 28M DA R LOURENCO MARQUES;[List];R,V,VR;FIXO;1751328000000;1707436800000;3;2686;N
468;-23.488637;-46.385263;40 km/h;AVENIDA MARECHAL TITO (CENTRO/BAIRRO),  OPOSTO NUMERO 6765/AVENIDA MARECHAL TITO (BAIRRO/CENTRO), NUMERO 6765;[List];V;FIXO;1721174400000;1430956800000;4;4515/4516;S
469;-23.656115;-46.735889;40 km/h;AVENIDA MARIA COELHO DE AGUIAR (BAIRRO/CENTRO), NUMERO 1359/AVENIDA MARIA COELHO DE AGUIAR (CENTRO/BAIRRO), NUMERO 1368;[List];V;FIXO;1699315200000;1412380800000;2;2489/2490;S
470;-23.462394;-46.653938;40 km/h;AVENIDA MARIANA CALIGIORI RONCHETTI (BAIRRO/CENTRO), A MENOS 20M NUMERO 237;[List];V;FIXO;1699574400000;1424736000000;1;6687;N
471;-23.4627715;-46.6541712;50 km/h;AVENIDA MARIANA CALIGIORI RONCHETTI (CENTRO/BAIRRO), NUMERO 202A;[List];V;FIXO;1699574400000;1424736000000;1;6686;N
472;-23.5158339599999;-46.6876868399999;50 km/h;AVENIDA MARQUES DE SAO VICENTE (BAIRRO/CENTRO), A MAIS 80 METROS DO NUMERO 2853;[List];EXE,R,V,VR;FIXO;1722470400000;1420588800000;4;5089/5090;N
473;-23.5219609799999;-46.66437288;50 km/h;AVENIDA MARQUES DE SAO VICENTE (BAIRRO/CENTRO), NUMERO 425;[List];EXE,R,V,VR;FIXO;1721692800000;1438041600000;4;5087/5088;N
474;-23.5156719599999;-46.68768216;50 km/h;AVENIDA MARQUES DE SAO VICENTE (CENTRO/BAIRRO), NUMERO 2898;[List];EXE,R,V,VR;FIXO;1721865600000;1418860800000;4;5091/5092;N
475;-23.602235;-46.482769;50 km/h;AVENIDA MATEO BEI (BAIRRO/CENTRO), NUMERO 2323;[List];EXD,V;FIXO;1719878400000;1416960000000;2;4246/4247;N
476;-23.602709;-46.482514;50 km/h;AVENIDA MATEO BEI (CENTRO/BAIRRO), NUMERO 2372;[List];EXD,V;FIXO;1720051200000;1416960000000;2;4248/4249;N
477;-23.540559;-46.629194;40 km/h;AVENIDA MERCURIO (BAIRRO/CENTRO) X RUA DA CANTAREIRA;[List];A,F,P,R,V,VR;FIXO;1720569600000;1429142400000;4;4312;N
478;-23.573798;-46.537784;40 km/h;AVENIDA MONTEMAGNO (AGUA RASA/VILA FORMOSA), NUMERO 2926/AVENIDA MONTEMAGNO (VILA FORMOSA/AGUARASA), NUMERO 2927;[List];V;FIXO;1709683200000;1421798400000;2;4455/4456;N
479;-23.6074829999999;-46.71257;50 km/h;AVENIDA MORUMBI (FRANCISCO MORATO/PONTE MORUMBI), NUMERO 4884;[List];V,VR;FIXO;1698105600000;1419033600000;2;2542;N
480;-23.599546;-46.685856;50 km/h;AV DOS BANDEIRANTES, PISTA LOCAL (MARG/IMIGRANT), A MAIS 23M DA R PORTO MARTINS;[List];R,V,VR;FIXO;1751328000000;1705449600000;3;2687;N
481;-23.5893021999999;-46.7343479999999;50 km/h;AVENIDA ELISEU DE ALMEIDA (CENTRO/BAIRRO), A MAIS 6M DA RUA DOM HENRIQUE MOURAO;[List];V;FIXO;;1719792000000;4;2692;N
482;-23.6243994999999;-46.7373902;50 km/h;AV DR GUILHERME DUMONT VILARES (FCO MORATO/GIOVANNI) A MENOS 55M DA R CARAPOANA;[List];V,VR;FIXO;1727308800000;1430956800000;3;2707;N
483;-23.601145;-46.717088;50 km/h;AVENIDA PADRE LEBRET (BAIRRO/CENTRO), NUMERO 714;[List];V,VR;FIXO;;1430956800000;3;2708;N
484;-23.6220588;-46.6973849999999;50 km/h;AV ROQUE PETRONI JUNIOR (DIADEMA/MARG PINHEIROS) NR 1226;[List];V;FIXO;;1716508800000;4;2718;N
485;-23.59644003;-46.609749;50 km/h;AVENIDA NAZARE (BAIRRO/CENTRO), NUMERO 1361;[List];R,V,Z;FIXO;1719878400000;1426809600000;3;5286;N
486;-23.589009;-46.6105899599999;50 km/h;AVENIDA NAZARE (CENTRO/BAIRRO), NUMERO 588;[List];EXD,R,V,Z;FIXO;1722384000000;1425254400000;3;5267/5268;N
487;-23.535875;-46.416981;40 km/h;AVENIDA NORDESTINA (SAO MIGUEL/LAGEADO), NUMERO 6800/AVENIDA NORDESTINA (LAGEADO/SAO MIGUEL), OPOSTO AO NUMERO 6800;[List];V;FIXO;1712102400000;1426809600000;2;4494/4495;S
488;-23.660467;-46.6951899999999;50 km/h;AVENIDA NOSSA SENHORA DO SABARA (BAIRRO/CENTRO) NUMERO 421;[List];EXD,V;FIXO;1697500800000;1408492800000;3;2402;N
489;-23.688852;-46.67989;50 km/h;AVENIDA NOSSA SENHORA DO SABARA (BAIRRO/CENTRO), NUMERO 4071;[List];V;FIXO;1693526400000;1419033600000;2;2543;N
490;-23.688969;-46.6800649999999;50 km/h;AVENIDA NOSSA SENHORA DO SABARA (CENTRO/BAIRRO), A MAIS 143,5M DA RUA TABARE;[List];V;FIXO;1695772800000;1419033600000;3;2544/2545;N
491;-23.4759028;-46.6120989999999;40 km/h;AVENIDA NOVA CANTAREIRA (AGUA FRIA/TUCURUVI), NUMERO 2511/AVENIDA NOVA CANTAREIRA (TUCURUVI/AGUAFRIA), NUMERO 2534;[List];V;FIXO;1705017600000;1419552000000;4;6724/6725;S
492;-23.460596;-46.6156066;50 km/h;AVENIDA NOVA CANTAREIRA (BAIRRO/CENTRO), NUMERO 4601;[List];V;FIXO;1704326400000;1422921600000;2;6663;N
493;-23.4699406;-46.6170244;50 km/h;AVENIDA NOVA CANTAREIRA (TREMEMBE/AGUAFRIA), NUMERO 3541/AVENIDA NOVA CANTAREIRA (AGUA FRIA/TREMEMBE), OPOSTO AO NUMERO 3541;[List];V;FIXO;1704240000000;1419552000000;4;6722/6723;N
494;-23.5592360099999;-46.65415284;50 km/h;AVENIDA NOVE DE JULHO (BAIRRO/CENTRO), NUMERO 2029;[List];EXE,F,R,V,VR;FIXO;1713052800000;1422489600000;3;5190/5191;N
495;-23.5673075;-46.6591735;50 km/h;AVENIDA NOVE DE JULHO (BAIRRO/CENTRO), NUMERO 3117;[List];EXE,F,R,V,VR;FIXO;1701993600000;1422576000000;3;5311/5312;N
496;-23.5497522;-46.6422706;50 km/h;AVENIDA NOVE DE JULHO (BAIRRO/CENTRO), NUMERO 399;[List];EXE,F,R,V,VR;FIXO;1713916800000;1426118400000;3;4409/4410;N
497;-23.5748328;-46.6681378;50 km/h;AVENIDA NOVE DE JULHO (BAIRRO/CENTRO), NUMERO 4325;[List];EXE,F,R,V,VR;FIXO;1701993600000;1414108800000;3;5188/5189;N
498;-23.5545876;-46.6487435;50 km/h;AVENIDA NOVE DE JULHO (CENTRO/BAIRRO) X RUA PAIM;[List];A,F,P,R,V,Z;FIXO;1704153600000;1422489600000;3;5155;N
499;-23.5589569;-46.6541371;50 km/h;AVENIDA NOVE DE JULHO (CENTRO/BAIRRO), NUMERO 2054;[List];EXE,F,R,V,VR;FIXO;1703721600000;1431993600000;3;5192/5193;N
500;-23.5690054;-46.6610566;50 km/h;AVENIDA NOVE DE JULHO (CENTRO/BAIRRO), NUMERO 3384;[List];EXE,R,V,VR;FIXO;1704240000000;1438041600000;3;5294/5295;N
501;-23.5495213;-46.6421163;50 km/h;AVENIDA NOVE DE JULHO (CENTRO/BAIRRO), NUMERO 398;[List];EXE,F,R,V,VR;FIXO;1713916800000;1426118400000;3;4406/4407;N
502;-23.5747927;-46.6683308;50 km/h;AVENIDA NOVE DE JULHO (CENTRO/BAIRRO), NUMERO 4364;[List];F,R,V,VR;FIXO;1701993600000;1414108800000;3;5186/5187;N
503;-23.5804380299999;-46.6809080399999;50 km/h;AVENIDA NOVE DE JULHO (CENTRO/BAIRRO), NUMERO 5866;[List];EXE,F,R,V,VR;FIXO;1713052800000;1411603200000;3;5082/5083;N
504;-23.5156688;-46.6446152;50 km/h;AVENIDA OLAVO FONTOURA (MARGINAL/SANTANA), OPOSTO NUMERO 1400;[List];V;FIXO;1705363200000;1419552000000;3;6759;N
505;-23.515538;-46.647456;50 km/h;AVENIDA OLAVO FONTOURA (SANTANA/MARGINAL), NUMERO 1800;[List];V;FIXO;1705363200000;1419552000000;3;6664;N
506;-23.5196649899999;-46.6673338799999;50 km/h;AVENIDA ORDEM E PROGRESSO (CENTRO/BAIRRO), OPOSTO AO NUMERO 95;[List];R,V,EXE;FIXO;1724112000000;1438041600000;4;5095/5096;N
507;-23.5354010399999;-46.66262616;50 km/h;AVENIDA PACAEMBU (BARRA FUNDA/ PACAEMBU), NUMERO 1044;[List];F,R,V,Z;FIXO;1720569600000;1415923200000;3;5216;N
508;-23.53440798;-46.6620181199999;50 km/h;AVENIDA PACAEMBU (PACAEMBU/BARRA FUNDA), NUMERO 885;[List];F,R,V,Z;FIXO;1721865600000;1721952000000;3;5217;N
509;-23.645541;-46.6070259999999;40 km/h;AVENIDA PADRE ARLINDO VIEIRA (IMIGRANTES/ANCHIETA), NUMERO 3101/AVENIDA PADRE ARLINDO VIEIRA(ANCHIETA/IMIGRANTES), NUMERO 3100;[List];V;FIXO;1713916800000;1439856000000;2;5257/5258;N
510;-23.637955;-46.736667;40 km/h;R JOSE RAMON URTIZA (M PINH/GIOVANNI) X AV GIOVANNI GRONCHI;[List];A,P;FIXO;;1438905600000;2;2723;N/A
511;-23.6650929;-46.7706173999999;50 km/h;AV ELLIS MAAS (CENTRO/BAIRRO) X AV PROF DOUTOR TELEMACO H M V LANGENDONCK;[List];A,P;FIXO;1729555200000;1438905600000;2;2724;N/A
512;-23.67133;-46.74068;50 km/h;ESTRADA DO M BOI MIRIM (BAIRRO/CENTRO), X R JOSE BARROS MAGALDI;[List];CPE;FIXO;;1511827200000;1;2830;N/A
513;-23.56412;-46.59643;50 km/h;AVENIDA PAES DE BARROS (BAIRRO/CENTRO), NUMERO 1025;[List];A,P,R,V,VR;FIXO;1720051200000;1426809600000;2;4321;N
514;-23.580648;-46.586816;50 km/h;AVENIDA PAES DE BARROS (CENTRO/BAIRRO) , NUMERO 3420;[List];EXE,R,V,VR;FIXO;1721779200000;1416960000000;3;4465/4364;N
515;-23.55671;-46.60028;50 km/h;AVENIDA PAES DE BARROS (CENTRO/BAIRRO), NUMERO 148;[List];A,P,R,V,VR;FIXO;1720051200000;1422489600000;3;4501/4311;N
516;-23.571812;-46.587584;50 km/h;AVENIDA PAES DE BARROS (CENTRO/BAIRRO), NUMERO 2430;[List];EXE,R,V,VR;FIXO;1717977600000;1428624000000;3;4256/4257;N
517;-23.488045;-46.479484;40 km/h;AVENIDA PARANAGUA (ASSIS RIBEIRO/SAO MIGUEL), OPOSTO NUMERO 2070/AVENIDA PARANAGUA (SAO MIGUEL/ASSIS RIBEIRO), NUMERO 2070;[List];V;FIXO;1708992000000;1432598400000;2;4468/4469;N
518;-23.6169;-46.7105;50 km/h;AV MORUMBI (FRANCISCO MORATO/MARGINAL PINHEIROS), A MENOS 86M DA R HEITOR PORTUGAL;[List];V,VR;FIXO;1724544000000;1427500800000;3;2864;N
519;-23.617;-46.71069;50 km/h;AV MORUMBI (MARG PINHEIROS/FRANCISCO MORATO), A MAIS 117M DA R LEONOR QUADROS;[List];V,VR;FIXO;1725321600000;1570060800000;3;2865;N
520;-23.56640604;-46.65067884;50 km/h;AVENIDA PAULISTA (CONSOLACAO/PARAISO), NUMERO 807;[List];EXD,F,R,V,VR;FIXO;1716854400000;1455148800000;4;5393/5394;N
521;-23.5646364;-46.6525036;50 km/h;AVENIDA PAULISTA (PARAISO/CONSOLACAO), NUMERO 1106;[List];EXD,F,R,V,VR;FIXO;1704758400000;1455148800000;4;5391/5392;N
522;-23.546844;-46.67692104;50 km/h;AVENIDA PAULO VI (PERDIZES/PINHEIROS) NUMERO 2022;[List];R,V,Z;FIXO;1721260800000;1722902400000;3;5313/5314;N
523;-23.5558989899999;-46.6820758799999;50 km/h;AVENIDA PAULO VI (PINHEIROS/SUMARE), A MAIS 35 METROS DA RUA LISBOA;[List];EXD,R,V,Z;FIXO;1703030400000;1438041600000;4;5355/5356;N
524;-23.58156303;-46.6581178799999;50 km/h;AVENIDA PEDRO ALVARES CABRAL (JABAQUARA/IBIRAPUERA), NUMERO 201;[List];F,R,V,Z;FIXO;1710892800000;1433289600000;4;5296/5297;N
525;-23.6360859999999;-46.650806;40 km/h;AVENIDA PEDRO BUENO (BAIRRO/CENTRO), NUMERO 935/AVENIDA PEDRO BUENO (CENTRO/BAIRRO), NUMERO 826;[List];V;FIXO;1699228800000;1419033600000;4;2500/2501;S
526;-23.4618698;-46.6507428;40 km/h;AVENIDA PERI RONCHETTI (CACHOEIRINHA/HORTO), NUMERO 475/AVENIDA PERI RONCHETTI (HORTO/CACHOEIRINHA), OPOSTO NUMERO 475;[List];V;FIXO;1704153600000;1417046400000;2;6641/6642;S
527;-23.5981659999999;-46.7471579999999;50 km/h;AVENIDA PIRAJUSSARA (BAIRRO/CENTRO) A MENOS 270M DA RUA CAMINHO DO ENGENHO;[List];EXD,V;FIXO;1706832000000;1417737600000;3;2404/2405;N
528;-23.5269391;-46.6827118;50 km/h;AVENIDA POMPEIA (BARRA FUNDA/POMPEIA), OPOSTO NUMERO 227;[List];R,V,Z;FIXO;1720569600000;1414108800000;3;5121;N
529;-23.66435;-46.70964;50 km/h;AV DAS NACOES UNIDAS (INTERLAGOS/C BRANCO), A MAIS 7M DA AV VITOR MANZINI;[List];V;FIXO;1747612800000;1717804800000;5;2893;N
530;-23.5271738;-46.6827194;50 km/h;AVENIDA POMPEIA (POMPEIA/BARRA FUNDA), NUMERO 227;[List];R,V,Z;FIXO;1720656000000;1414108800000;3;5122;N
531;-23.5376319599999;-46.6902079199999;50 km/h;AVENIDA POMPEIA (POMPEIA/MARGINAL TIETE), NUMERO 1603;[List];R,V,Z;FIXO;1720569600000;1419292800000;3;5288;N
532;-23.5459999999999;-46.7505949999999;40 km/h;AVENIDA PRESIDENTE ALTINO (JAGUARE/RIO PEQUENO), NUMERO 1141/AVENIDA PRESIDENTE ALTINO (RIO PEQUENO/JAGUARE), NUMERO 1138;[List];V;FIXO;1677974400000;1422662400000;2;2533/2534;S
533;-23.60752596;-46.60595208;50 km/h;AVENIDA PRESIDENTE TANCREDO NEVES (ANCHIETA/IMIGRANTES), NUMERO 332;[List];R,V,VR;FIXO;1718841600000;1417651200000;4;5207;N
534;-23.6077329599999;-46.6057828799999;50 km/h;AVENIDA PRESIDENTE TANCREDO NEVES (IMIGRANTES/ANCHIETA), OPOSTO NUMERO 298;[List];PR,V,VR;FIXO;1719100800000;1438041600000;4;5208;N
535;-23.5963130399999;-46.6504711199999;50 km/h;AVENIDA PROFESSOR ASCENDINO REIS (BAIRRO/CENTRO), NUMERO 603;[List];EXD,F,R,V,Z;FIXO;1712534400000;1441238400000;2;5383/5384;N
536;-23.5483910099999;-46.715076;50 km/h;AVENIDA PROFESSOR FONSECA RODRIGUES (CEASA/PINHEIROS), NUMERO 787;[List];R,V,Z;FIXO;1712188800000;1455148800000;3;5353;N
537;-23.551574;-46.7110562;50 km/h;AVENIDA PROFESSOR FONSECA RODRIGUES (PINHEIROS/CEASA), NUMERO 224;[List];R,V,Z;FIXO;1703030400000;1438560000000;3;5352;N
538;-23.5773599999999;-46.7082899999999;50 km/h;AVENIDA PROFESSOR FRANCISCO MORATO (CENTRO/BAIRRO) A MENOS 10,5M DA RUA DRAUSIO;[List];EXE,V,VR;FIXO;1683417600000;1423008000000;3;2598/2599;N
539;-23.632445;-46.681445;50 km/h;AVENIDA PROFESSOR VICENTE RAO (DIADEMA/MARGINAL) OPOSTO AO NUMERO 894;[List];EXE,V;FIXO;1697760000000;1416441600000;4;2410/2411;N
540;-23.632242;-46.681786;50 km/h;AVENIDA PROFESSOR VICENTE RAO (MARGINAL/DIADEMA) NUMERO 860;[List];EXE,V;FIXO;1698105600000;1416441600000;4;2412/2413;N
541;-23.5371449699999;-46.7226169199999;50 km/h;AVENIDA QUEIROZ FILHO (BAIRRO/CENTRO), NUMERO 313;[List];R,V,Z;FIXO;1710979200000;1416960000000;3;5206;N
542;-23.5371049;-46.722246;50 km/h;AVENIDA QUEIROZ FILHO (CENTRO/BAIRRO), OPOSTO AO NUMERO 313;[List];A,P,R,V,Z;FIXO;1695081600000;1416960000000;3;5227;N
543;-23.4844768;-46.7230692;50 km/h;AVENIDA RAIMUNDO PEREIRA DE MAGALHAES (BAIRRO/CENTRO), NUMERO 5435;[List];V;FIXO;1717891200000;1417996800000;3;6762;N
544;-23.4848207;-46.7231177;50 km/h;AVENIDA RAIMUNDO PEREIRA DE MAGALHAES (CENTRO/BAIRRO) , NUMERO 5374;[List];V;FIXO;1717891200000;1418342400000;3;6761;N
545;-23.5050461;-46.7202589;50 km/h;AVENIDA RAIMUNDO PEREIRA DE MAGALHAES (CENTRO/BAIRRO), NUMERO 1652;[List];V;FIXO;1720569600000;1424736000000;3;6820;N
546;-23.609812;-46.675688;50 km/h;AV DOS BANDEIRANTES (MARGINAL/IMIGRANTES), A MENOS 187 METROS DO NUMERO 2040;[List];R,V,VR;FIXO;1751328000000;1677715200000;5;2899;N
547;-23.609694;-46.675481;50 km/h;AV DOS BANDEIRANTES (IMIGRANTES/MARGINAL) A MAIS 181 METROS DA RUA GAIVOTA;[List];R,V,VR;FIXO;1751328000000;1677715200000;5;2900;N
548;-23.599358;-46.685632;50 km/h;AV DOS BANDEIRANTES, PTA EXPRESSA (IMIG/MARG) A MENOS 72M DA R LOURENCO MARQUES;[List];R,V,Z;FIXO;1706659200000;1678060800000;5;2901;N
549;-23.4024706;-46.7264591;50 km/h;AVENIDA RAIMUNDO PEREIRA DE MAGALHAES(CAIEIRAS/PERUS), NUMERO 17992/AVENIDA RAIMUNDO PEREIRA DE MAGALHAES(PERUS/CAIEIRAS), OPOSTO NUMERO 17992;[List];V;FIXO;1717286400000;1412899200000;2;6643/6644;N
550;-23.4394327;-46.7213725;50 km/h;AVENIDA RAIMUNDO PEREIRA DE MAGALHAES(CENTRO/BAIRRO), NUMERO 11790/AVENIDA RAIMUNDO PEREIRA DE MAGALHAES(BAIRRO/CENTRO), NUMERO 11773;[List];V;FIXO;1717372800000;1421280000000;4;6713/6714;N
551;-23.567438971871;-46.6837536429721;50 km/h;AVENIDA REBOUCAS (BAIRRO/CENTRO), NUMERO 2485;[List];EXE,F,R,V,VR;FIXO;1703721600000;1411603200000;3;5202/5203;N
552;-23.5596447444059;-46.6702333333333;50 km/h;AVENIDA REBOUCAS (BAIRRO/CENTRO), NUMERO 839;[List];EXE,F,R,V,VR;FIXO;1705536000000;1414108800000;3;5198/5199;N
553;-23.5672544;-46.6837394;50 km/h;AVENIDA REBOUCAS (CENTRO/BAIRRO), NUMERO 2472;[List];EXE,F,R,V,VR;FIXO;1704240000000;1411603200000;3;5204/5205;N
554;-23.5593518;-46.6700813;50 km/h;AVENIDA REBOUCAS (CENTRO/BAIRRO), OPOSTO NUMERO 839;[List];EXE,F,R,V,VR;FIXO;1702598400000;1414108800000;3;5200/5201;N
555;-23.572614;-46.540797;40 km/h;AVENIDA RENATA (SAPOPEMBA/ARICANDUVA), NUMERO 257/AVENIDA RENATA (ARICANDUVA/SAPOPEMBA), NUMERO 258;[List];V;FIXO;1709683200000;1417478400000;2;4459/4460;N
556;-23.5843339999999;-46.663625;50 km/h;AVENIDA REPUBLICA DO LIBANO (BAIRRO/CENTRO), NUMERO 385;[List];A,F,P,R,V,Z;FIXO;1712448000000;1438041600000;4;5419;N
557;-23.599479;-46.685704;50 km/h;AV DOS BANDEIRANTES, PISTA EXPRESSA (MARG/IMIG), A MAIS 31M DA R PORTO MARTINS;[List];R,V,VR;FIXO;1756339200000;1678060800000;4;2902;N
558;-23.570666;-46.507046;50 km/h;AVENIDA RIO DAS PEDRAS (BAIRRO/CENTRO), A MAIS 18 METROS DO NUMERO 2021;[List];V;FIXO;1720051200000;1410220800000;2;4220;N
559;-23.663698;-46.649928;40 km/h;AVENIDA RODRIGUES MONTEMOR (BAIRRO/CENTRO), NUMERO 533/AVENIDA RODRIGUES MONTEMOR (CENTRO/BAIRRO), OPOSTO AO NUMERO 533;[List];V;FIXO;1695772800000;1426896000000;2;2498/2499;S
560;-23.60419299;-46.65137508;60 km/h;AVENIDA RUBEM BERTA (AEROPORTO/SANTANA), A MAIS 70 METROS DO NUMERO 1377;[List];F,R,V,VR;FIXO;1712707200000;1426809600000;3;5317;N
561;-23.4603904;-46.642978;60 km/h;AVENIDA SANTA INES (BAIRRO/CENTRO), OPOSTO NUMERO 3200;[List];V;FIXO;1701993600000;1421280000000;1;6676;N
562;-23.4602748;-46.6429593;50 km/h;AVENIDA SANTA INES (CENTRO/BAIRRO), NUMERO 3200;[List];V;FIXO;1701993600000;1421280000000;1;6675;N
563;-23.618982;-46.658179;50 km/h;AV DOS BANDEIRANTES (IMIGRANTES/MARGINAL), A MENOS 30M DA AL DOS GUAINUMBIS;[List];R,V;FIXO;1756339200000;1683504000000;5;2903;N
564;-23.6068166666666;-46.6758944444444;50 km/h;AVENIDA SANTO AMARO (BAIRRO/CENTRO), NUMERO 2587;[List];EXE,F,R,V,VR;FIXO;1712448000000;1413158400000;3;5111/5112;N
565;-23.6282561999999;-46.6885616;50 km/h;AVENIDA SANTO AMARO (BAIRRO/CENTRO), NUMERO 5197;[List];EXE,V,VR;FIXO;1699488000000;1428624000000;3;2651/2652;N
566;-23.6382316;-46.6969089999999;50 km/h;AVENIDA SANTO AMARO (CENTRO/BAIRRO) X RUA GRAHAM BELL;[List];A,P,V;FIXO;1698796800000;1426204800000;3;2665/2666;N
567;-23.6383557;-46.69722;50 km/h;AVENIDA SANTO AMARO (CENTRO/BAIRRO), A MAIS 28 METROS DA RUA VERBO DIVINO;[List];EXE,V;FIXO;1713916800000;1426896000000;3;2571/2648;N
568;-23.6060927;-46.6757785;50 km/h;AVENIDA SANTO AMARO (CENTRO/BAIRRO), NUMERO 2524;[List];EXE,F,R,V,VR;FIXO;1714262400000;1438041600000;3;5113/5114;N
569;-23.5356222;-46.6524606;50 km/h;AVENIDA SAO JOAO (BAIRRO/CENTRO), NUMERO 2097;[List];EXE,F,R,V,Z;FIXO;1721692800000;1418947200000;3;5123/5124;N
570;-23.514604;-46.519649;50 km/h;AVENIDA SAO MIGUEL (BAIRRO/CENTRO) X AVENIDA GOVERNADOR CARVALHO PINTO;[List];A,P,V;FIXO;1690156800000;1421971200000;3;4310;N
571;-23.510348;-46.504422;50 km/h;AVENIDA SAO MIGUEL (BAIRRO/CENTRO), OPOSTO AO NUMERO 2768;[List];V;FIXO;1696896000000;1421798400000;2;4488;N
572;-23.510692;-46.507878;50 km/h;AVENIDA SAO MIGUEL (CENTRO/BAIRRO), NUMERO 2384;[List];V;FIXO;1696896000000;1421798400000;2;4489;N
573;-23.518496;-46.523573;50 km/h;AVENIDA SAO MIGUEL (CENTRO/BAIRRO), NUMERO 474;[List];EXD,V;FIXO;1719792000000;1417392000000;3;4273/4274;N
574;-23.57381;-46.55816;30 km/h;AVENIDA SAPOPEMBA (CENTRO/BAIRRO), NUMERO 3244;[List];A,P;FIXO;1720051200000;1422576000000;1;4413;N/A
575;-23.597935;-46.522585;40 km/h;AVENIDA SAPOPEMBA (SAO LUCAS/SAPOPEMBA), OPOSTO NUMERO 8023/AVENIDA SAPOPEMBA (SAPOPEMBA/SAO LUCAS), NUMERO 8023;[List];V;FIXO;1709683200000;1421798400000;2;4289/4290;S
576;-23.5394917;-46.6324118;50 km/h;AVENIDA SENADOR QUEIROS (BRAS/SANTA IFIGENIA), NUMERO 396;[List];EXD,F,R,V,VR;FIXO;1722470400000;1429142400000;4;4532/4533;N
577;-23.744596;-46.706833;50 km/h;AVENIDA SENADOR TEOTONIO VILELA (BAIRRO/CENTRO), NUMERO 5351;[List];EXE,V;FIXO;1699228800000;1417737600000;3;2556/2557;N
578;-23.739633;-46.702238;50 km/h;AVENIDA SENADOR TEOTONIO VILELA (CENTRO/BAIRRO) NUMERO 4548;[List];EXE,V;FIXO;1697414400000;1418342400000;3;2430/2431;N
579;-23.725137;-46.6997829;50 km/h;AVENIDA SENADOR TEOTONIO VILELA (CENTRO/BAIRRO), NUMERO 2926;[List];EXE,V;FIXO;1677974400000;1428019200000;3;2659/2660;N
580;-23.715164;-46.699042;40 km/h;AVENIDA SENADOR TEOTONIO VILELA (CENTRO/BAIRRO), OPOSTO AO NUMERO 1583;[List];V;FIXO;1677974400000;1410998400000;2;2485;S
581;-23.6584889999999;-46.663792;50 km/h;AVENIDA VEREADOR JOAO DE LUCA (MARGINAL/DIADEMA) NR 1790;[List];EXE,V;FIXO;1693526400000;1414195200000;4;2434/2435;N
582;-23.624994;-46.682121;50 km/h;AVENIDA VEREADOR JOSE DINIZ (BAIRRO/CENTRO), A MAIS 26M DA RUA JOAQUIM NABUCO;[List];EXE,V;FIXO;1718496000000;1418860800000;3;2593/2594;N
583;-23.597264;-46.530653;40 km/h;AVENIDA VILA EMA (CENTRO/BAIRRO), OPOSTO NUMERO 5475/AVENIDA VILA EMA (BAIRRO/CENTRO), NUMERO 5475;[List];V;FIXO;1709683200000;1427155200000;2;4293/4294;N
584;-23.551443;-46.490737;40 km/h;AVENIDA WALDEMAR TIETZ (ARTUR ALVIM/CIDADE LIDER), NUMERO 365/AVENIDA WALDEMAR TIETZ (CIDADE LIDER/ARTUR  ALVIM), NUMERO 366;[List];V;FIXO;1696896000000;1426809600000;2;4511/4512;N
585;-23.649169;-46.676608;50 km/h;AVENIDA WASHINGTON LUIS (BAIRRO/CENTRO), A MENOS 76M DA RUA ROBELIA;[List];V;FIXO;1710201600000;1422662400000;3;2641;N
586;-23.639511;-46.67341;50 km/h;AVENIDA WASHINGTON LUIS (CENTRO/BAIRRO), A MENOS 19 METROS DA AVENIDA DORIA;[List];V;FIXO;1694476800000;1422662400000;3;2640;N
587;-23.5065449;-46.6154151;50 km/h;AVENIDA ZAKI NARCHI (BAIRRO/CENTRO), A MENOS 34 METROS NUMERO 1207;[List];A,P,V;FIXO;1702252800000;1434499200000;3;6830/6968;N
588;-23.5065633;-46.6152172;50 km/h;AVENIDA ZAKI NARCHI (CENTRO/BAIRRO), NUMERO 1250;[List];A,P,V;FIXO;1702425600000;1438560000000;3;6829/6967;N
589;-23.590525;-46.572282;40 km/h;AVENIDA ZELINA (VILA PRUDENTE/VILA ALPINA), NUMERO 1212/AVENIDA ZELINA (VILA ALPINA/VILA PRUDENTE), OPOSTO NUMERO 1212;[List];V;FIXO;1709683200000;1418083200000;2;4295/4296;S
590;-23.614546;-46.668785;50 km/h;AV DOS BANDEIRANTES (MARG/IMIG), A MENOS 71M DA R ANTONIO DE MACEDO SOARES;[List];R,V;FIXO;1756339200000;1683504000000;5;2904;N
591;-23.628456;-46.648151;50 km/h;AV DOS BANDEIRANTES (MARGINAL/IMIGRANTES), A MENOS 20M DA AL DOS GUAIOS;[List];R,V;FIXO;1757548800000;1683504000000;5;2905;N
592;-23.6285150399999;-46.62551988;50 km/h;C. VIARIO MARIA MALUF (IPIRANGA/JABAQUARA), A MAIS 155M DO DESEMBOQUE DO TUNEL;[List];PR,V,VR;FIXO;1719100800000;1438041600000;3;5367;N
593;-23.62860702;-46.62530892;50 km/h;C. VIARIO MARIA MALUF (JABAQUARA/IPIRANGA), A MENOS 122M DO EMBOQUE DO TUNEL;[List];PR,V,VR;FIXO;1718841600000;1438041600000;3;5368;N
594;-23.5851715;-46.6687486;50 km/h;COMPL VIARIO TRIB DE JUSTICA DO EST SP (IB/PIN) A MENOS 125M DO EMBOQUE DO TUNEL;[List];R,V;FIXO;1721520000000;1659052800000;3;5589;N
595;-23.5871733;-46.6744826;50 km/h;COMPL VIÁRIO TRIB DE JUSTICA DO EST SP (PIN/IB) A MENOS 107M DO EMBOQUE DO TUNEL;[List];R,V;FIXO;1721520000000;1659052800000;3;5588;N
596;-23.5829752;-46.6526116;50 km/h;COMPLEXO VIARIO AYRTON SENNA (C/B), A MAIS 50 METROS DA AV VINTE E TRES DE MAIO;[List];F,R,V;FIXO;1719100800000;1645747200000;3;5101;N
597;-23.6264647;-46.617022;50 km/h;COMPLEXO VIARIO MARIA MALUF (ANC/IMIGRA), A MENOS 25M DO EMBOQUE DO TUNEL;[List];V;FIXO;1714003200000;1661385600000;5;5585;N
598;-23.6267525;-46.6169544;50 km/h;COMPLEXO VIARIO MARIA MALUF (IMIG/ANCHI), A MAIS 12M DO DESEMBOQUE DO TUNEL;[List];V;FIXO;1719878400000;1661385600000;5;5586;N
599;-23.4103618;-46.7762242;50 km/h;EST DE PERUS (PERUS/ANHANG), OPOSTO AO N 1600;[List];V;FIXO;1717891200000;1717977600000;2;7186;N
600;-23.823135;-46.73517;40 km/h;ESTR ECOTURISTICA DE PARELHEIROS/AV SADAMU INOUE (C/B), OPOSTO AO NR 6291/ESTR ECOTURISTICA DE PARELHEIROS/AV SADAMU INOUE (B/C), NUMERO 6291;[List];V;FIXO;1695600000000;1417824000000;2;2871/2872;S
601;-23.6106489999999;-46.5955859999999;40 km/h;ESTRADA DAS LAGRIMAS (BAIRRO/CENTRO) X RUA VISCONDE DE MAGE;[List];A,P,V;FIXO;1720051200000;1440028800000;1;5420;N
602;-23.6494919999999;-46.7516329999999;50 km/h;ESTRADA DE ITAPECERICA (BAIRRO/CENTRO) NUMERO 1873;[List];EXE,V;FIXO;1683417600000;1414195200000;3;2414/2415;N
603;-23.653835;-46.759686;50 km/h;ESTRADA DE ITAPECERICA (BAIRRO/CENTRO), NUMERO 2979;[List];EXE,V;FIXO;1723593600000;1419033600000;3;2590/2591;N
604;-23.622191;-46.65333;50 km/h;AV DOS BANDEIRANTES (MARGINAL/IMIGRANTES), NUMERO 5000;[List];R,V;FIXO;1757548800000;1683504000000;6;2906;N
605;-23.648685;-46.749943;50 km/h;ESTRADA DE ITAPECERICA (CENTRO/BAIRRO) NUMERO 1742;[List];EXE,V;FIXO;1683417600000;1409702400000;3;2416/2417;N
606;-23.6600779999999;-46.769337;50 km/h;ESTRADA DE ITAPECERICA (ITAPECERICA/SP) X AV PROF DOUTOR TELEMACO H M V LANGENDONCK;[List];A,P,V;FIXO;1699833600000;1419984000000;3;2441;N
607;-23.660063;-46.768917;50 km/h;ESTRADA DE ITAPECERICA (SP/ITAPECERICA) X AVENIDA CARLOS CALDEIRA FILHO;[List];A,P,V;FIXO;1697760000000;1419033600000;3;2442;N
608;-23.514893;-46.498155;50 km/h;ESTRADA DE MOGI DAS CRUZES (BAIRRO/CENTRO) NUMERO 147;[List];EXD,V;FIXO;1707177600000;1447286400000;3;4603/4604;N
609;-23.517656;-46.480701;50 km/h;ESTRADA DE MOGI DAS CRUZES (CENTRO/BAIRRO), NUMERO 2120;[List];V;FIXO;1721779200000;1543276800000;5;4658/4659;N
610;-23.514166;-46.494363;50 km/h;ESTRADA DE MOGI DAS CRUZES (CENTRO/BAIRRO), NUMERO 590;[List];EXD,V;FIXO;1712102400000;1438732800000;3;4591/4592;N
611;-23.4104042;-46.7761784;50 km/h;ESTRADA DE PERUS (ANHANGUERA/PERUS), A MENOS 20 METROS NUMERO 1600;[List];V;FIXO;1717459200000;1418342400000;1;6738;N
612;-23.703524;-46.644127;40 km/h;ESTRADA DO ALVARENGA (CENTRO/BAIRRO), OPOSTO AO NUMERO 3565/ESTRADA DO ALVARENGA (BAIRRO/CENTRO), NUMERO 3565;[List];V;FIXO;1706745600000;1494288000000;3;2717/2726;S
613;-23.6306949999999;-46.77055;50 km/h;ESTRADA DO CAMPO LIMPO (BAIRRO/CENTRO), A MAIS 35 METROS DA RUA BATISTA CRESPO;[List];V;FIXO;1697760000000;1419033600000;2;2615;N
614;-23.613862;-46.66926;50 km/h;AV DOS BANDEIRANTES (IMIGRANTES/MARGINAL), A MAIS 35 M DA ALAMEDA DOS JURUPIS;[List];R,V;FIXO;1752192000000;1683504000000;5;2907;N
615;-23.6485629999999;-46.759636;40 km/h;ESTRADA DO CAMPO LIMPO (CAMPO LIMPO/MARGINAL), OPOSTO AO NUMERO 640;[List];V;FIXO;1696982400000;1418342400000;1;2508;S
616;-23.612907;-46.7549479999999;50 km/h;ESTRADA DO CAMPO LIMPO (CAMPO LIMPO/VL SONIA) A MAIS 123M DA R DOMINGOS DE MEIRA;[List];EXD,V;FIXO;1683417600000;1416009600000;2;2568/2569;N
617;-23.6484492999999;-46.7583302;40 km/h;ESTRADA DO CAMPO LIMPO (CENTRO/BAIRRO) X AVENIDA CARLOS CALDEIRA FILHO;[List];A,P;FIXO;1717545600000;1426204800000;3;2669;N/A
618;-23.629412;-46.637521;50 km/h;AV AFFONSO D'ESCRAGNOLLE TAUNAY (IMIG/MARG), A MENOS 390M DO VD DANTE DELMANTO;[List];R,V;FIXO;1757548800000;1683504000000;4;2908;N
619;-23.630234;-46.770496;50 km/h;ESTRADA DO CAMPO LIMPO (CENTRO/BAIRRO), NUMERO 3677;[List];V;FIXO;1697760000000;1419033600000;2;2614;N
620;-23.622063;-46.759075;40 km/h;ESTRADA DO CAMPO LIMPO (VILA SONIA/CAMPO LIMPO), NUMERO 5211/ESTRADA DO CAMPO LIMPO (CAMPO LIMPO/VILA SONIA), NUMERO 5214;[List];V;FIXO;1693958400000;1418860800000;4;2506/2507;S
621;-23.518424;-46.474811;50 km/h;ESTRADA DO IMPERADOR (CENTRO/BAIRRO), OPOSTO AO NUMERO 984;[List];EXD,V;FIXO;1711584000000;1417737600000;3;4271/4272;N
622;-23.536264;-46.403367;40 km/h;ESTRADA DO LAGEADO VELHO (CENTRO/BAIRRO), NUMERO 612/ESTRADA DO LAGEADO VELHO (BAIRRO/CENTRO), NUMERO 579;[List];V;FIXO;1708300800000;1434585600000;2;4509/4510;N
623;-23.670276;-46.7379212;50 km/h;ESTRADA DO M BOI MIRIM (BAIRRO/CENTRO) X RUA ANHANDUI MIRIM;[List];A,P,V;FIXO;1697760000000;1426204800000;3;2667/2668;N
624;-23.67882;-46.7630619999999;50 km/h;ESTRADA DO M BOI MIRIM (BAIRRO/CENTRO), A MENOS 22 METROS DA RUA EMILIO KERR;[List];EXE,V;FIXO;1695772800000;1508716800000;3;2606/2607;N
625;-23.687795;-46.771883;50 km/h;ESTRADA DO M BOI MIRIM (BAIRRO/CENTRO), A MENOS 60 M DA R JOAO DE LIMA BONFANTE;[List];EXE,V;FIXO;1695859200000;1508716800000;3;2608/2609;N
626;-23.673;-46.7443;50 km/h;ESTRADA DO M BOI MIRIM (BAIRRO/CENTRO), NUMERO 1211;[List];EXE,V;FIXO;1695772800000;1508716800000;3;2820/2821;N
627;-23.6759;-46.75291;50 km/h;ESTRADA DO M BOI MIRIM (BAIRRO/CENTRO), NUMERO 2203;[List];EXE,V;FIXO;1703721600000;1508716800000;3;2822/2823;N
628;-23.525115;-46.528465;30 km/h;RUA MARIA CARLOTA (BAIRRO/CENTRO), NUMERO 395;[List];A,P;FIXO;;1723593600000;3;4219;N/A
629;-23.6700449999999;-46.7380179;50 km/h;ESTRADA DO M BOI MIRIM (C/B), A MAIS 27 METROS DO NUMERO 460;[List];EXE,V;FIXO;1696377600000;1449532800000;3;2711/2712;N
630;-23.67247;-46.74323;50 km/h;ESTRADA DO M BOI MIRIM (CENTRO/BAIRRO), A MAIS 34M DO NR 1060;[List];EXE,V;FIXO;1695859200000;1508716800000;3;2824/2825;N
631;-23.67551;-46.75471;50 km/h;ESTRADA DO M BOI MIRIM (CENTRO/BAIRRO), NUMERO 2420;[List];EXE,V;FIXO;1694736000000;1508716800000;3;2826/2827;N
632;-23.68208;-46.76733;50 km/h;ESTRADA DO M BOI MIRIM (CENTRO/BAIRRO), NUMERO 3928;[List];EXE,V;FIXO;1683417600000;1508716800000;3;2828/2829;N
633;-23.570666;-46.507046;50 km/h;AVENIDA RIO DAS PEDRAS (BAIRRO/CENTRO), A MAIS 18 METROS DO NUMERO 2021;[List];V;FIXO;;1720137600000;2;4220;N
634;-23.522645;-46.399649;40 km/h;ESTRADA DOM JOAO NERY (LAGEADO/ITAIM PAULISTA), OPOSTO NUMERO 3462/ESTRADA DOM JOAO NERY (ITAIM PAULISTA/LAGEADO), NUMERO 3462;[List];V;FIXO;1703721600000;1421798400000;2;4476/4477;S
635;-23.794828;-46.730359;40 km/h;ESTRADA ECOTURISTICA DE PARELHEIROS/AV SADAMU INOUE (C/B), NR 2666/ESTRADA ECOTURISTICA DE PARELHEIROS/AV SADAMU INOUE (B/C), OPOSTO AO NR 2666;[List];V;FIXO;1695600000000;1412380800000;2;2862/2863;S
636;-23.521474;-46.52562;50 km/h;AV SAO MIGUEL (BAIRRO/CENTRO), NUMERO 105;[List];V;FIXO;1727308800000;1410220800000;3;4221;N
637;-23.571322;-46.506523;50 km/h;AV RIO DAS PEDRAS (CENTRO/BAIRRO), A MAIS 42 METROS DA R MINERIOS ATOMICOS;[List];EXD,V;FIXO;;1720742400000;2;4222;N
638;-23.5355;-46.6;30 km/h;RUA CATUMBI (CENTRO/BAIRRO), NUMERO 318;[List];A,P,R;FIXO;;1723766400000;3;4226;N/A
639;-23.53452;-46.60248;40 km/h;RUA MARCOS ARRUDA (BAIRRO/CENTRO) X RUA CACHOEIRA;[List];A,P,R,V;FIXO;;1720569600000;3;4227;N
640;-23.516918;-46.549673;30 km/h;AVENIDA GABRIELA MISTRAL (PENHA/MARGINAL TIETE), NUMERO 520;[List];A,P;FIXO;;1723766400000;2;4228;N/A
641;-23.59381;-46.69449;70/60 km/h;MARG PINHEIROS (C BRANCO/INTERLAGOS), A MAIS 253M DO KM 10;[List];PR,V,VR;FIXO;1719964800000;1645747200000;7;2881/2882/2883/2884;N
642;-23.57498;-46.699;90/60 km/h;MARGINAL PINHEIROS (CASTELO BRANCO/INTERLAGOS) A MAIS 214M DA R BENTO FRIAS;[List];PR,R,V,VR;FIXO;1722729600000;1467849600000;13;2731/2732/2765/2767/2768/2769/2770/2766;N
643;-23.516576;-46.54977;30 km/h;AVENIDA GABRIELA MISTRAL (MARGINAL TIETE/PENHA), NUMERO 503;[List];A,P;FIXO;;1723766400000;1;4229;N/A
644;-23.53453;-46.7462;90/60 km/h;MARGINAL PINHEIROS (INTERLAGOS/CASTELO BRANCO), A MAIS 1,7KM DA PONTE JAGUARE;[List];MT,R,V;FIXO;1705968000000;1560902400000;4;2860/2861;N
645;-23.6175749999999;-46.701649;90/60 km/h;MARGINAL PINHEIROS, PISTA EXPRESSA (C. BRANCO/INTERLAGOS), A MAIS 117M DO KM 13;[List];PR,V,VR;FIXO;1688428800000;1429228800000;5;2693/2694/2783/2784;N
646;-23.539635;-46.7424389999999;90/60 km/h;MARGINAL PINHEIROS, PISTA EXPRESSA (C. BRANCO/INTERLAGOS), A MENOS 242M DO KM 2;[List];PR,R,V;FIXO;1699401600000;1423008000000;4;2636/2637;N
647;-23.637755;-46.721282;90/60 km/h;MARGINAL PINHEIROS, PISTA EXPRESSA (INTERLAGOS/C. BRANCO) A MENOS 19M DO KM 16;[List];MT,V;FIXO;1696291200000;1494288000000;4;2753/2754;N
648;-23.6073364999999;-46.6974266;90/60 km/h;MARGINAL PINHEIROS, PISTA EXPRESSA (INTERLAGOS/C.BRANCO), A MAIS 103M DO KM 12;[List];MT,PR,V,VR;FIXO;1687392000000;1426896000000;5;2627/2628/2781/2782;N
649;-23.624529;-46.706563;70/60 km/h;MARGINAL PINHEIROS, PISTA EXPRESSA (INTERLAGOS/C.BRANCO), A MENOS 66M DO KM 14;[List];PR,V;FIXO;1700438400000;1426896000000;4;2629/2630;N
650;-23.572315;-46.700161;60 km/h;MARGINAL PINHEIROS, PT EXPRESSA (INTERL/CB), A MENOS 15M DA PTE EUSEBIO MATOSO;[List];PR,R,V,VR;FIXO;1699142400000;1432857600000;5;2699/2785;N
651;-23.556624;-46.716986;90/60 km/h;MARGINAL PINHEIROS, PTA EXPRESSA (C B/INTERLAGOS), A MAIS 650M DO KM 4,5 (USP);[List];PR,R,V,VR;FIXO;1724112000000;1462492800000;13;2624/2698/2759/2760/2761/2762/2763/2764;N
652;-23.649685;-46.7244189999999;90/60 km/h;MARGINAL PINHEIROS, PTA EXPRESSA (INTERLAGOS/C. BRANCO), A MAIS 130M DO KM 17,5;[List];PR,V;FIXO;1694649600000;1425340800000;3;2696/2697;N
653;-23.520656;-46.613607;70/60 km/h;MARGINAL TIETE, PISTA CENTRAL (A. SENNA/CASTELO BRANCO), A MENOS 133M DO KM 15;[List];R,V,VR;FIXO;1714348800000;1418601600000;3;6775/7124;N
654;-23.5150797;-46.6616809;70/60 km/h;MARGINAL TIETE, PISTA CENTRAL (AS/CB),A MAIS 247M DO KM 10,5;[List];MT,R,V,VR;FIXO;1714003200000;1423440000000;4;6807/7128/6808/7141;N
655;-23.569817;-46.581136;30 km/h;RUA DO ORATORIO (MOOCA/VILA PRUDENTE), OPOSTO AO NUMERO 2621;[List];A,P,R;FIXO;;1720137600000;1;4230;N/A
656;-23.57025;-46.581238;30 km/h;RUA DO ORATORIO (VILA PRUDENTE/MOOCA),NUMERO 2621;[List];A,P,R;FIXO;;1720137600000;1;4231;N/A
657;-23.5172355;-46.6454896;70/60 km/h;MARGINAL TIETE, PISTA CENTRAL (AYRTONSENNA/CASTELO BRANCO), KM 12;[List];MT,R,V,VR;FIXO;1714262400000;1426464000000;4;6763/7126/6904/7140;N
658;-23.5193136;-46.6368265;70/60 km/h;MARGINAL TIETE, PISTA CENTRAL (CB/A SENNA), A MAIS 10M PTE GOV ORESTES QUERCIA;[List];R,V,VR;FIXO;1723420800000;1475193600000;9;6951/7137/6952/7162;N
659;-23.5184494;-46.7363941;70/60 km/h;MARGINAL TIETE, PISTA CENTRAL (CB/AS), A MAIS 240M DO KM 1,5;[List];MT,V;FIXO;1720483200000;1467244800000;5;6949/7131;N
660;-23.514581;-46.677062;70/60 km/h;MARGINAL TIETE, PISTA CENTRAL (CB/AS),A MAIS 200M PONTE JULIO M NETO;[List];MT,R,V,VR;FIXO;1722729600000;1437091200000;4;6838/7135/6839/7143;N
661;-23.509363;-46.691865;70/60 km/h;MARGINAL TIETE, PISTA CENTRAL (CB/AS)A MENOS 206M PT FREGUESIA DO O;[List];MT,R,V,VR;FIXO;1677974400000;1437091200000;4;6850/7133/6851/7142;N
662;-23.513633;-46.674968;90/60 km/h;MARGINAL TIETE, PISTA EXPR (AS/CB), A MENOS 290M PTE JULIO M. NETO;[List];PR,R,V,VR;FIXO;1714348800000;1437091200000;4;6681/6682/6913/6914;N
663;-23.523255;-46.5650679;90/60 km/h;MARGINAL TIETE, PISTA EXPRESSA (AS/CB) , A MAIS 93M DO  KM 21;[List];PR,V,VR;FIXO;1714262400000;1417046400000;4;6660/6661/6787/6788;N
664;-23.5075894;-46.6986744;90/60 km/h;MARGINAL TIETE, PISTA EXPRESSA (AS/CB) A MAIS 101 METROS KM 6,5;[List];PR,R,V,VR;FIXO;1717632000000;1426464000000;4;6755/6756/6909/6910;N
665;-23.515366;-46.6617171;90/60 km/h;MARGINAL TIETE, PISTA EXPRESSA (AS/CB), A MAIS 247 METROS KM 10,5;[List];PR,R,V,VR;FIXO;1714003200000;1437091200000;4;6841/6842/6843/6844;N
666;-23.520861;-46.6135859;90/60 km/h;MARGINAL TIETE, PISTA EXPRESSA (AS/CB), A MENOS 133M DO KM 15;[List];PR,R,V,VR;FIXO;1714262400000;1422921600000;4;6773/6774/6805/6806;N
667;-23.5282972;-46.5956132;90/60 km/h;MARGINAL TIETE, PISTA EXPRESSA (AS/CB), A MENOS 161M DA PTE PR JANIO QUADROS;[List];PR,R,V,VR;FIXO;1722729600000;1477872000000;4;6984/6985/6986/6987;N
668;-23.54515;-46.57445;50 km/h;RUA TUIUTI (VILA MARIA/TATUAPE) X RUA PADRE ADELINO;[List];A,P,V;FIXO;;1720137600000;2;4232;N
669;-23.5144189;-46.6770213;90/60 km/h;MARGINAL TIETE, PISTA EXPRESSA (CB/AS), A MAIS 200M PONTE JULIO  DE MESQUITA  NETO;[List];PR,R,V,VR;FIXO;1722470400000;1509408000000;4;7176/7177/7178/7179;N
670;-23.519234;-46.5552556;90/60 km/h;MARGINAL TIETE, PISTA EXPRESSA (CB/AS), A MENOS 160M DO KM 22;[List];PR,V;FIXO;1714348800000;1411084800000;4;6626/6627/6790/6791;N
671;-23.515641;-46.6673812;90/60 km/h;MARGINAL TIETE, PISTA EXPRESSA (CB/AS), A MENOS 55M PTE DO LIMAO;[List];PR,R,V,VR;FIXO;1714262400000;1437091200000;4;6673/6674/6911/6912;N
672;-23.518245;-46.629584;70/60 km/h;MARGINAL TIETE, PTA CENTRAL (A. SENNA/C.BRANCO) A MENOS 28M PONTE DAS BANDEIRAS;[List];MT,R,V,VR;FIXO;1713398400000;1460678400000;4;6977/6978;N
673;-23.526962;-46.5955229;70/60 km/h;MARGINAL TIETE, PTA CENTRAL (AS/CB) A MENOS 75M DA PT PR J QUADROS;[List];R,V,VR;FIXO;1713312000000;1437091200000;3;6747/7123;N
674;-23.527058;-46.598732;70/60 km/h;MARGINAL TIETE, PTA CENTRAL (CB/AS), A MENOS 167M DA PTE PR J. QUADROS;[List];R,V,VR;FIXO;1707436800000;1423440000000;4;6744/7139/6798/7144;N
675;-23.5128478;-46.7244379;90/60 km/h;MARGINAL TIETE, PTA EXPRESSA (AYRTON SENNA/CASTELO BRANCO), A MAIS 117M KM 3,5;[List];MT,PR,R,V;FIXO;1723420800000;1656288000000;9;7197/7198/7199/7200;N
676;-23.51297;-46.724464;90/60 km/h;MARGINAL TIETE, PTA EXPRESSA (AYRTON SENNA/CASTELO BRANCO), A MAIS 223M KM 3,5;[List];MT,PR,R,V;FIXO;1635552000000;1467244800000;9;6937/6938/6958/6959;N
677;-23.5173031;-46.7358693;90/60 km/h;MARGINAL TIETE, PTA EXPRESSA (AYRTON SENNA/CASTELO BRANCO), A MENOS 67M KM 2;[List];MT,PR,R,V;FIXO;1635552000000;1467244800000;7;6940/6941;N
678;-23.517212;-46.7359801;90/60 km/h;MARGINAL TIETE, PTA EXPRESSA (AYRTON SENNA/CASTELO BRANCO), A MENOS 67M KM 2;[List];MT,PR,R,V;FIXO;1724198400000;1660694400000;7;6940/6941;N
679;-23.5267662;-46.5709511;90/60 km/h;MARGINAL TIETE, PTA EXPRESSA (C BRANCO/A SENNA) A MENOS 40M KM 20;[List];PR,V,VR;FIXO;1713830400000;1426464000000;5;6668/6669/6893/6894;N
680;-23.5093672;-46.7070158;90/60 km/h;MARGINAL TIETE, PTA EXPRESSA (C BRANCO/A SENNA), A MENOS 119M DA PONTE PIQUERI;[List];MT,PR,R,V,VR;FIXO;1724112000000;1660867200000;7;7191/7192;N
681;-23.5092653;-46.7069974;90/60 km/h;MARGINAL TIETE, PTA EXPRESSA (C BRANCO/A SENNA), A MENOS 134M DA PONTE PIQUERI;[List];MT,PR,R,V,VR;FIXO;1635552000000;1467244800000;7;6945/6946;N
682;-23.5182431;-46.6470819;90/60 km/h;MARGINAL TIETE, PTA EXPRESSA (CASTELO BRANCO/AYRTON SENNA), A MAIS 218M KM 11,5;[List];MT,PR,R,V,VR;FIXO;1635552000000;1467244800000;9;6930/6931/6947/6948;N
683;-23.5182748;-46.6470465;90/60 km/h;MARGINAL TIETE, PTA EXPRESSA (CASTELO BRANCO/AYRTON SENNA), A MAIS 225M KM 11,5;[List];MT,PR,R,V,VR;FIXO;1724112000000;1658275200000;9;7193/7194/7195/7196;N
684;-23.518253;-46.7364508;90/60 km/h;MARGINAL TIETE, PTA EXPRESSA (CASTELO BRANCO/AYRTON SENNA), A MAIS 226M KM 1,5;[List];MT,PR,R,V,VR;FIXO;1720051200000;1660694400000;7;7189/7190;N
685;-23.51822;-46.7363866;90/60 km/h;MARGINAL TIETE, PTA EXPRESSA (CASTELO BRANCO/AYRTON SENNA), A MAIS 240M KM 1,5;[List];MT,PR,R,V,VR;FIXO;1635552000000;1452729600000;7;6943/6944;N
686;-23.52694;-46.5986191;90/60 km/h;MARGINAL TIETE, PTA EXPRESSA (CB/AS) A MENOS 167M DA PTE PR J. QUADROS;[List];R,V,VR;FIXO;1713398400000;1423440000000;4;6742/6743/6796/6797;N
687;-23.550927;-46.554317;30 km/h;RUA ANTONIO DE BARROS (VILA FORMOSA/TATUAPE), NUMERO 2361;[List];A,P;FIXO;;1720137600000;1;4233;N/A
688;-23.5233165;-46.611618;90/60 km/h;MARGINAL TIETE, PTA EXPRESSA (CB/AS),A MENOS 31M DA PONTE DA VILA GUILHERME;[List];PR,R,V,VR;FIXO;1723334400000;1426464000000;4;6753/6754/6907/6908;N
689;-23.550836;-46.554427;30 km/h;R ANTONIO DE BARROS(TATUAPE/V FORMOSA) X RUA AGUAPEI;[List];A,P;FIXO;;1720137600000;1;4234;N/A
690;-23.5843354;-46.6702114;50 km/h;PCA DOM GASTAO LIBERAL PINTO (BAIRRO/CENTRO), NUMERO 27;[List];F,R,Z;FIXO;1716336000000;1440115200000;3;5451/5455;N/A
691;-23.5193304;-46.6749543;50 km/h;PCA PASCOAL MARTINS (BAIRRO/CENTRO), A MAIS 40 M DA AV MARQUES DE SAO VICENTE;[List];EXE,R,V,VR;FIXO;1722211200000;1418860800000;4;5109/5110;N
692;-23.5193830199999;-46.67426892;50 km/h;PCA PASCOAL MARTINS (CENTRO/BAIRRO), A MAIS 40M DA AV MARQUES DE SAO VICENTE;[List];EXE,R,V,VR;FIXO;1723680000000;1417478400000;4;5093/5094;N
693;-23.589807;-46.701538;50 km/h;PCA PROFESSOR MEIRA DE VASCONCELLOS (BAIRRO/CENTRO), A MENOS 29M DA AV AMARILIS;[List];V;FIXO;1719446400000;1419033600000;2;2532;N
694;-23.5684579999999;-46.6440309999999;50 km/h;PRACA AMADEU AMARAL (CENTRO/BAIRRO) X RUA TREZE DE MAIO;[List];A,F,P,R,V,Z;FIXO;1711497600000;1439424000000;3;5153;N
695;-23.58138;-46.58494;40 km/h;RUA DO ORFANATO (BAIRRO/CENTRO) X PRACA PADRE DAMIAO;[List];A,P,R;FIXO;;1720137600000;2;4235;N/A
696;-23.521953;-46.52693;50 km/h;AVENIDA AMADOR BUENO DA VEIGA (CENTRO/BAIRRO), NUMERO 1968;[List];V;FIXO;;1711584000000;2;4239;N
697;-23.54236;-46.71156;50 km/h;PRACA SAO MARCOS (LAPA/PINHEIROS), A MAIS 25 METROS DA AVENIDA SAO GUALTER / PRACA SAO MARCOS (PINHEIROS/LAPA), A MAIS 25 METROS DA AVENIDA SAO GUALTER;[List];R,V,Z;FIXO;1712102400000;1416960000000;2;5167/5166;N
698;-23.5002541;-46.6295724;50 km/h;R ALFREDO PUJOL (CASA VERDE/SANTANA),NUMERO 383;[List];EXD,V;FIXO;1707955200000;1459728000000;2;6973/6974;N
699;-23.531384;-46.533491;50 km/h;R ALVINOPOLIS (B/C),A MENOS 114 M DA R MIRANDINHA;[List];V;FIXO;1713312000000;1459296000000;5;4613/4614;N
700;-23.570053;-46.529264;50 km/h;AVENIDA JOAO XXIII (BAIRRO/CENTRO) X AVENIDA MONSENHOR ANTONIO CASTRO;[List];A,V;FIXO;;1720137600000;2;4244;N
701;-23.542285;-46.647968;50 km/h;R AMARAL GURGEL (SANTA CECILIA /CONSOLACAO), NUMERO 58;[List];F,R,V,Z;FIXO;1722470400000;1517184000000;3;5535;N
702;-23.550836;-46.554427;30 km/h;R ANTONIO DE BARROS(TATUAPE/V FORMOSA) X RUA AGUAPEI;[List];A,P;FIXO;1720051200000;1411084800000;1;4234;N/A
703;-23.4029165;-46.7389544999999;40 km/h;R ANTONIO JOSE ANACLETO (CAIEIRAS/RODOANEL), OPOSTO NUMERO 160/R ANTONIO JOSE ANACLETO (RODOANEL/CAIEIRAS), NUMERO 160;[List];V;FIXO;1709078400000;1540944000000;2;7174/7175;S
704;-23.5704228001592;-46.6982866662523;50 km/h;R BUTANTA (BAIRRO/CENTRO), NUMERO 370;[List];F,R,V,Z;FIXO;1711411200000;1485388800000;4;5510;N
705;-23.5521990966644;-46.6658371830392;40 km/h;R CAPIVARI (PACAEMBU/BARRA FUNDA),  A MAIS 28M DA R ITAQUERA;[List];F,R,V,Z;FIXO;1721865600000;1721952000000;2;5447;N
706;-23.5506875;-46.6751897;40 km/h;R CARDOSO DE ALMEIDA (PACAEMBU/B FUNDA), A MENOS 131M DA R MONS ALBERTO PEQUENO;[List];F,R,V,Z;FIXO;1718668800000;1411689600000;2;5233;N
707;-23.527917;-46.551847;40 km/h;R COMENDADOR CANTINHO (BAIRRO/CENTRO) X R CORONEL RODOVALHO;[List];V;FIXO;1696896000000;1416960000000;1;4255;N
708;-23.5623538;-46.6817447;40 km/h;R CONEGO EUGENIO LEITE (BAIRRO/CENTRO) X R ARTUR DE AZEVEDO;[List];A,F,P,R,V,Z;FIXO;1704931200000;1571011200000;2;5228;N
709;-23.570447;-46.529863;50 km/h;AVENIDA JOAO XXIII (CENTRO/BAIRRO) X AVENIDA MONSENHOR ANTONIO CASTRO;[List];A,P,V;FIXO;;1720137600000;2;4245;N
710;-23.558164;-46.579115;50 km/h;R DO ACRE (CENTRO/BAIRRO), NUMERO 722;[List];EXD,R,V;FIXO;1683676800000;1446076800000;3;4605/4606;N
711;-23.5530195;-46.6028303;50 km/h;R DOS TRILHOS (C/B), A MENOS 24M DA R VISCONDE DE LAGUNA;[List];EXD,R,V;FIXO;1720656000000;1447286400000;3;4597/4598;N
712;-23.602709;-46.482514;50 km/h;AVENIDA MATEO BEI (CENTRO/BAIRRO), NUMERO 2372;[List];V;FIXO;;1720137600000;2;4248;N
713;-23.509192;-46.549422;50 km/h;R DOUTOR ASSIS RIBEIRO (BAIRRO/CENTRO), A MENOS 120M DA AV GABRIELA MISTRAL;[List];V;FIXO;1711584000000;1418169600000;2;4262;N
714;-23.5;-46.52473;50 km/h;R DOUTOR ASSIS RIBEIRO (CENTRO/BAIRRO) X AV DOUTOR SALOMAO VASCONCELOS;[List];A,P,V;FIXO;1711584000000;1435708800000;3;4305;N
715;-23.5093785;-46.5467634;50 km/h;R DOUTOR ASSIS RIBEIRO (CENTRO/BAIRRO), NUMERO 414;[List];V;FIXO;1708905600000;1485388800000;3;4628;N
716;-23.490383;-46.46318;50 km/h;R DOUTOR ASSIS RIBEIRO (PENHA/SAO MIGUEL), A MENOS 137M DA R SERRA DE ITAQUERI;[List];V;FIXO;1691625600000;1432598400000;4;4400;N
717;-23.490027;-46.463481;50 km/h;R DOUTOR ASSIS RIBEIRO (SAO MIGUEL/PENHA), OPOSTO AO NUMERO 10170;[List];V;FIXO;1691625600000;1430265600000;4;4408;N
718;-23.5001361;-46.6223271;40 km/h;R DOUTOR ZUQUIM (CENTRO/BAIRRO)  X  R DOUTOR OLAVO EGIDIO;[List];A,P,V;FIXO;1701388800000;1459728000000;3;6975/6976;N
719;-23.535624;-46.493318;50 km/h;R DR LUIZ AYRES (B/C), A MAIS 314M DA R MACIEL MONTEIRO;[List];EXD,V;FIXO;1719792000000;1446076800000;3;4338/4549;N
720;-23.535655;-46.493724;50 km/h;R DR LUIZ AYRES (C/B), A MAIS 162M DA R DR PEDRO MENDES;[List];EXD,V;FIXO;1719792000000;1442793600000;3;4340/4550;N
721;-23.5434874;-46.4703864;50 km/h;R DR LUIZ AYRES (C/B), A MENOS 123 METROS DA AV PROF ENG ARDEVAN MACHADO;[List];V;FIXO;1719792000000;1460073600000;7;4567/4568;N
722;-23.527917;-46.551847;40 km/h;R COMENDADOR CANTINHO (BAIRRO/CENTRO) X R CORONEL RODOVALHO;[List];V;FIXO;;1696896000000;1;4255;N
723;-23.509192;-46.549422;50 km/h;R DOUTOR ASSIS RIBEIRO (BAIRRO/CENTRO), A MENOS 120M DA AV GABRIELA MISTRAL;[List];V;FIXO;;1711584000000;2;4262;N
724;-23.5231535;-46.6871862;50 km/h;R GUAICURUS (CENTRO/BAIRRO), NUMERO 175;[List];R,Z;FIXO;1720569600000;1496275200000;3;5516;N/A
725;-23.61099;-46.530828;40 km/h;RUA ANA CLARA (MORAIS COSTA/ORATORIO), NUMERO 296 A;[List];V;FIXO;;1709078400000;1;4275;N
726;-23.603155;-46.559413;40 km/h;RUA FRANCISCO REBELO (SAO LUCAS/VILACALIFORNIA), NUMERO 314;[List];V;FIXO;;1709683200000;1;4282;N
727;-23.5496209604312;-46.6826372111287;50 km/h;R HEITOR PENTEADO (BAIRRO/CENTRO), A MAIS 25M DA R CRISTIANO VIANA;[List];R,V,Z;FIXO;1710892800000;1504137600000;3;5536;N
728;-23.502211;-46.458567;50 km/h;AV JACU PESSEGO/N TRABALH (S MAT/S MIG), A MAIS 22M DA R CEL MANUEL F DE SOUZA;[List];PR,V;FIXO;;1720569600000;5;4297;N
729;-23.502746;-46.458631;50 km/h;AV JACU PESSEGO/N. TRABALHAD. (S. MIG/S.MAT) A MENOS 378M DA TV FLOR DE PESSEGO;[List];V;FIXO;;1722556800000;5;4298;N
730;-23.5886609999999;-46.676577;40 km/h;R JOAO CACHOEIRA (PINHEIROS/ITAIM) X AV PRES JUSCELINO KUBITSCHEK;[List];A,F,P,R,V,Z;FIXO;1716163200000;1571011200000;4;5140;N
731;-23.53261;-46.63222;50 km/h;R JOAO TEODORO (BRAS/LUZ) X AV TIRADENTES;[List];A,F,P,R,V;FIXO;1723680000000;1439251200000;3;4596;N
732;-23.520593;-46.506399;50 km/h;AVENIDA CALIM EID (CENTRO/BAIRRO), A MAIS 13 METROS DA RUA TARU;[List];V;FIXO;;1703548800000;4;4300;N
733;-23.519677;-46.509848;50 km/h;AVENIDA CALIM EID (BAIRRO/CENTRO), NUMERO 269;[List];V;FIXO;;1703548800000;4;4301;N
734;-23.617685;-46.50659;40 km/h;R LUIS JULIANI (SAO PAULO/SANTO ANDRE), NUMERO 528/R LUIS JULIANI (SANTO ANDRE/SAO PAULO), NUMERO 515 A;[List];V;FIXO;1718755200000;1414108800000;2;4607/4608;N
735;-23.5202209999999;-46.7448479999999;40 km/h;R MAJOR PALADINO (V. DOS REMEDIOS/LAPA), A MAIS 23M DA PONTE DOS REMEDIOS;[List];R,V;FIXO;1723680000000;1416960000000;2;5242;N
736;-23.570068;-46.573703;50 km/h;AV SALIM FARAH MALUF (MARGINAL TIETE/VL PRUDENTE) A MAIS 196M DA R FAUSTO CLEVA;[List];PR,R,V,VR;FIXO;1747612800000;1718236800000;4;4302;N
737;-23.53513;-46.58314;50 km/h;AV SALIM FARAH MALUF (M TIETE/V PRUD) X AV CELSO GARCIA;[List];A,P,R,V,VR;FIXO;1755734400000;1710979200000;6;4303;N
738;-23.5524688;-46.6381026;50 km/h;R MARIA PAULA (BAIRRO/CENTRO) X AV BRIGADEIRO LUIS ANTONIO;[List];A,F,P,R,V,VR;FIXO;1723420800000;1445472000000;3;4342;N
739;-23.540504;-46.5754;50 km/h;R MELO FREIRE (BAIRRO/CENTRO), A MAIS 404 METROS DO VIADUTO CARLOS FERRACI;[List];EXD,F,V,VR;FIXO;1713744000000;1431648000000;5;4545/4354;N
740;-23.53551;-46.58268;50 km/h;AV SALIM FARAH MALUF (V PRUD/M TIETE) X AV CELSO GARCIA;[List];A,P,R,V,VR;FIXO;1747612800000;1712620800000;6;4304;N
741;-23.523111;-46.6511569199999;50 km/h;R NORMA PIERUCCINI GIANNOTTI (B/C), A MENOS 10M DA AV RUDGE;[List];R,V,VR;FIXO;1723680000000;1431993600000;4;5331/5332;N
742;-23.52278502;-46.65805704;50 km/h;R NORMA PIERUCCINI GIANNOTTI (CENTRO/BAIRRO), A MAIS 80M DA R JAMES HOLLAND;[List];EXE,R,V,VR;FIXO;1721865600000;1721952000000;4;5333/5334;N
743;-23.5983559999999;-46.643738;40 km/h;R PEDRO DE TOLEDO (V MARIANA/IBIRAP) X R NAPOLEAO DE BARROS;[List];A,F,P,R,V,Z;FIXO;1711497600000;1571011200000;3;5340;N
744;-23.5;-46.52473;50 km/h;R DOUTOR ASSIS RIBEIRO (CENTRO/BAIRRO) X AV DOUTOR SALOMAO VASCONCELOS;[List];A,P,V;FIXO;;1711584000000;3;4305;N
745;-23.5321;-46.63301;30 km/h;R RIBEIRO DE LIMA (LUZ/PARI)  X AV TIRADENTES;[List];A,P,R;FIXO;1719446400000;1435708800000;3;4392;N/A
746;-23.618088;-46.624679;50 km/h;R RIBEIRO LACERDA (IMIGRANTES/ANCHIETA) X R FONSECA DA COSTA/R RIBEIRO LACERDA (ANCHIETA/IMIGRANTES) X R FONSECA DA COSTA;[List];R,V,Z;FIXO;1710892800000;1426464000000;4;5260/5261;N
747;-23.610123;-46.560364;50 km/h;R SAO RAIMUNDO (BAIRRO/CENTRO), A MAIS 113M DA R SIMIAO FERNANDES;[List];V;FIXO;1720051200000;1430265600000;4;4394;N
748;-23.5654078;-46.6978555;40 km/h;R SUMIDOURO (CENTRO/BAIRRO), NUMERO 250;[List];R,V,Z;FIXO;1703030400000;1571011200000;3;5466;N
749;-23.565977;-46.636625;40 km/h;R TAMANDARE (CENTRO/BAIRRO), OPOSTO NUMERO 849;[List];F,R,Z;FIXO;1711411200000;1517184000000;2;5515;N/A
750;-23.492648;-46.388537;50 km/h;AV MARECHAL TITO (BAIRRO/CENTRO), NUMERO 6035;[List];A,P,V;FIXO;;1722556800000;2;4307;N
751;-23.4982901;-46.6256752;50 km/h;R VOLUNTARIOS DA PATRIA (BAIRRO/CENTRO), NUMERO 2490;[List];V;FIXO;1634774400000;1438560000000;4;6823/6824;N
752;-23.48788;-46.62636;50 km/h;R VOLUNTARIOS DA PATRIA (C/B) X R DR LUIS LUSTOSA DA SILVA;[List];A,P;FIXO;1708992000000;1607644800000;2;7185;N/A
753;-23.554295;-46.435097;40 km/h;R. JARDIM TAMOIO (GUAIANAZES/ITAQUERA)X R. CRISTOVÃO DE SALAMANCA /R JARDIM TAMOIO (ITAQUERA/GUAIANAZES)  X R CRISTOVAO DE SALAMANCA;[List];V;FIXO;1696896000000;1419724800000;2;4454/4453;N
754;-23.5267801;-46.5954545;60/50 km/h;RODOVIA PRESIDENTE DUTRA (AS/CB), A MENOS 75M DA PTE PR J QUADROS;[List];V,VR;FIXO;1707436800000;1437091200000;5;6748/7095/6901/7147;N
755;-23.561953;-46.552374;30 km/h;RUA ACURUI (BAIRRO/CENTRO), OPOSTO AO NUMERO 700;[List];A,P;FIXO;1720051200000;1435708800000;1;4414;N/A
756;-23.561648;-46.552719;30 km/h;RUA ACURUI (CENTRO/BAIRRO), NUMERO 700;[List];A,P;FIXO;1720051200000;1423440000000;1;4415;N/A
757;-23.5754180099999;-46.6448749199999;40 km/h;RUA AFONSO DE FREITAS (CENTRO/BAIRRO), NUMERO 320;[List];F,R,V,Z;FIXO;1723334400000;1571011200000;2;5362;N
758;-23.4650804;-46.6658029;50 km/h;RUA AFONSO LOPES VIEIRA (BAIRRO/CENTRO), NUMERO 457;[List];V;FIXO;1701302400000;1418169600000;2;6752;N
759;-23.4652282;-46.665746;50 km/h;RUA AFONSO LOPES VIEIRA (CENTRO/BAIRRO), NUMERO 458;[List];V;FIXO;1701216000000;1418169600000;2;6751;N
760;-23.5002029;-46.6289332;50 km/h;RUA ALFREDO PUJOL, (SANTANA/CASA VERDE), NUMERO 316;[List];EXD,V;FIXO;1702425600000;1443139200000;2;6886/6887;N
761;-23.561485;-46.711959;50 km/h;RUA ALVARENGA (CENTRO/BAIRRO), A MENOS 28 METROS DA RUA ALEXANDRE M. MACHADO;[List];V;FIXO;1695772800000;1429228800000;4;2656;N
762;-23.61099;-46.530828;40 km/h;RUA ANA CLARA (MORAIS COSTA/ORATORIO), NUMERO 296 A;[List];V;FIXO;1709078400000;1417392000000;1;4275;N
763;-23.550927;-46.554317;30 km/h;RUA ANTONIO DE BARROS (VILA FORMOSA/TATUAPE), NUMERO 2361;[List];A;FIXO;1720051200000;1412294400000;1;4233;N/A
764;-23.621404;-46.503412;40 km/h;RUA ANTONIO DE FRANCA E SILVA (C/B) X RUA MARIA FARNETI/RUA ANTONIO DE FRANCA E SILVA (B/C) X RUA MARIA FARNETI;[List];V;FIXO;1709683200000;1410220800000;2;4224/4225;N
765;-23.49587;-46.391622;50 km/h;AV MARECHAL TITO (BAIRRO/CENTRO), A MAIS 2 METROS DA R ANTONIO NUNES PINTO;[List];V;FIXO;1727913600000;1708041600000;2;4308;N
766;-23.525219;-46.435331;50 km/h;AVENIDA JOSE PINHEIRO BORGES (CENTRO/BAIRRO), A MENOS 300M DA RUA BENTO MUNHOZ;[List];V;FIXO;;1719187200000;2;4309;N
767;-23.5587358923551;-46.6607559982874;50 km/h;RUA AUGUSTA (BAIRRO/CENTRO), NUMERO 1801;[List];F,R,V,Z;FIXO;1705968000000;1422489600000;2;5303/5347;N
768;-23.5587049;-46.660819;50 km/h;RUA AUGUSTA (CENTRO/BAIRRO), NUMERO 1828;[List];F,R,V,Z;FIXO;1703203200000;1422489600000;1;5304;N
769;-23.532767;-46.44818;40 km/h;RUA AUGUSTO CARLOS BAUMAN (CENTRO/BAIRRO), OPOSTO NUMERO 687C/RUA AUGUSTO CARLOS BAUMAN (BAIRRO/CENTRO), NUMERO 687C;[List];V;FIXO;1703721600000;1418774400000;2;4428/4429;N
770;-23.514604;-46.519649;50 km/h;AVENIDA SAO MIGUEL (BAIRRO/CENTRO) X AVENIDA GOVERNADOR CARVALHO PINTO;[List];A,P,V;FIXO;;1722902400000;3;4310;N
771;-23.600307;-46.570837;40 km/h;RUA BAIA GRANDE (VILA ALPINA/VILA ZELINA), NUMERO 483/RUA BAIA GRANDE (VILA ZELINA/VILA ALPINA), NUMERO 472;[List];V;FIXO;1709078400000;1426809600000;2;4517/4518;N
772;-23.55671;-46.60028;50 km/h;AVENIDA PAES DE BARROS (CENTRO/BAIRRO), NUMERO 148;[List];A,P,R,V,VR;FIXO;;1720137600000;3;4311;N
773;-23.540559;-46.629194;50 km/h;AVENIDA MERCURIO (BAIRRO/CENTRO) X RUA DA CANTAREIRA;[List];A,F,P,R,V,VR;FIXO;;1720656000000;4;4312;N
774;-23.583777;-46.6077069999999;40 km/h;RUA BOM PASTOR (BAIRRO/CENTRO) X RUA DOS PATRIOTAS;[List];A,P,R,V,Z;FIXO;1721174400000;1431388800000;3;5429;N
775;-23.60247903;-46.6023261599999;50 km/h;RUA BOM PASTOR (HELIOPOLIS/SACOMA), NUMERO 3019;[List];R;FIXO;1720051200000;1425254400000;3;5298;N/A
776;-23.5382738;-46.634725;40 km/h;RUA BRIGADEIRO TOBIAS (BAIRRO/CENTRO),  NUMERO 541;[List];F,R,V,Z;FIXO;1716076800000;1428278400000;2;4530;N
777;-23.5541502;-46.6758726;50 km/h;RUA CARDEAL ARCOVERDE ( CENTRO/BAIRRO), NUMERO 266;[List];EXD,F,R,V,Z;FIXO;1685923200000;1455148800000;3;5375/5376;N
778;-23.540629;-46.632312;40 km/h;RUA CARLOS DE SOUSA NAZARE (SE/BRAS), NUMERO 190;[List];F,R,V,Z;FIXO;1717459200000;1428278400000;3;4527;N
779;-23.52447297;-46.68340716;50 km/h;RUA CARLOS VICARI (CENTRO/BAIRRO), NUMERO 154;[List];R,V,Z;FIXO;1721520000000;1453852800000;4;5467;N
780;-23.5355;-46.6;30 km/h;RUA CATUMBI (CENTRO/BAIRRO), NUMERO 318;[List];A,P,R;FIXO;1723766400000;1410307200000;3;4226;N/A
781;-23.568105;-46.596214;40 km/h;RUA CELSO DE AZEVEDO MARQUES (CENTRO/BAIRRO), NUMERO 196/RUA CELSO DE AZEVEDO MARQUES (BAIRRO/CENTRO), NUMERO 193A;[List];R,V;FIXO;1709683200000;1418774400000;2;4441/4442;N
782;-23.535703;-46.7177569999999;40 km/h;RUA CERRO CORA (JAGUARE/LAPA), NUMERO 2375/RUA CERRO CORA (LAPA/JAGUARE), NUMERO 2384;[List];R,V,Z;FIXO;1713139200000;1417737600000;2;5239/5238;S
783;-23.5380709999999;-46.7085379999999;40 km/h;RUA CERRO CORA (JAGUARE/LAPA), OPOSTO NUMERO 1268 /  RUA CERRO CORA (LAPA/JAGUARE), NUMERO 1268;[List];R,V,Z;FIXO;1713052800000;1424908800000;3;5237/5236;S
784;-23.52494799;-46.6983698399999;50 km/h;RUA CLELIA (BAIRRO/CENTRO), NUMERO 1607;[List];R,V,Z;FIXO;1722211200000;1442793600000;3;5080;N
785;-23.5249689599999;-46.6918081199999;50 km/h;RUA CLELIA (BAIRRO/CENTRO), NUMERO 939;[List];EXD,R,V,Z;FIXO;1722211200000;1443052800000;3;5081;N
786;-23.5691024;-46.67172743;50 km/h;RUA COLOMBIA (BAIRRO/CENTRO), A MAIS 32M DA AV. BRASIL;[List];F,R,V,Z;FIXO;1713657600000;1628553600000;2;5572;N
787;-23.5691024;-46.67172743;50 km/h;RUA COLOMBIA (CENTRO/BAIRRO), A MENOS  25M DA AV. BRASIL;[List];F,R,V,Z;FIXO;1713657600000;1628553600000;2;5573;N
788;-23.6610443;-46.6595364;40 km/h;RUA CONDE MOREIRA LIMA (JABAQUARA/CIDADE ADEMAR), NUMERO 382/RUA CONDE MOREIRA LIMA (CIDADE ADEMAR/JABAQUARA), NUMERO 395;[List];V;FIXO;1695772800000;1435363200000;2;2680/2681;N
789;-23.524049;-46.416077;40 km/h;RUA CONEGO ANTONIO MANZI (NORDESTINA/LAGEADO), NUMERO 4A/RUA CONEGO ANTONIO MANZI (LAGEADO/NORDESTINA), NUMERO 27;[List];V;FIXO;1707868800000;1429142400000;2;4422/4423;N
790;-23.496879;-46.6309766999999;40 km/h;RUA CONEGO MANUEL VAZ (CENTRO/BAIRRO),NUMERO 412;[List];V;FIXO;1706054400000;1414108800000;2;6607;N
791;-23.479949;-46.6499949;40 km/h;RUA CONSELHEIRO MOREIRA DE BARROS (SANTANA/MANDAQUI), NUMERO 3358/RUA CONSELHEIRO MOREIRA DE BARROS (MANDAQUI/SANTANA), OPOSTO NUMERO 3358;[List];V;FIXO;1705276800000;1416355200000;2;6631/6632;S
792;-23.4830174;-46.6460925;40 km/h;RUA CONSELHEIRO MOREIRA DE BARROS(SANTANA/MANDAQUI), NUMERO 2832/RUA CONSELHEIRO MOREIRA DE BARROS (MANDAQUI/SANTANA), OPOSTO NUMERO 2832;[List];V;FIXO;1705276800000;1416355200000;2;6633/6634;S
793;-23.58001;-46.616981;40 km/h;RUA CORONEL DIOGO (IPIRANGA/CAMBUCI), OPOSTO AO NUMERO 1199/RUA CORONEL DIOGO (CAMBUCI/IPIRANGA), NUMERO 1199;[List];F,R,V,Z;FIXO;1713139200000;1423785600000;2;5264/5265;S
794;-23.4905216;-46.7536673;40 km/h;RUA CORONEL JOSE RUFINO FREIRE (BAIRRO/CENTRO), NUMERO 261/RUA CORONEL JOSE RUFINO FREIRE (CENTRO/BAIRRO), NUMERO 252;[List];V;FIXO;1717286400000;1411084800000;2;6636/6637;N
795;-23.4983184;-46.6073796;40 km/h;RUA CORONEL MARCILIO FRANCO (BAIRRO/CENTRO), NUMERO 305/RUA CORONEL MARCILIO FRANCO (CENTRO/BAIRRO), OPOSTO NUMERO 305;[List];V;FIXO;1707868800000;1417046400000;2;6653/6654;S
796;-23.598445;-46.5532;40 km/h;RUA COSTA BARROS (CENTRO/BAIRRO), NUMERO 1448/RUA COSTA BARROS (BAIRRO/CENTRO), NUMERO 1441;[List];V;FIXO;1709078400000;1417737600000;2;4280/4281;N
797;-23.5729709999999;-46.645085;40 km/h;RUA CUBATAO (CONSOLACAO/PARAISO) X RUA SAMPAIO VIANA;[List];A,F,P,R,V,Z;FIXO;1718064000000;1571011200000;3;5159;N
798;-23.5169407;-46.5844511;50 km/h;RUA CURUCA (VILA GUILHERME/DUTRA) X RUA AMAMBAI;[List];A,P,V;FIXO;1702857600000;1432598400000;3;6831/6969;N
799;-23.54165;-46.628158;50 km/h;AV DO ESTADO (CENTRO/BAIRRO) X AV MERCURIO;[List];A,P,R,V,VR;FIXO;;1720656000000;4;4313;N
800;-23.5484152;-46.6502504;50 km/h;RUA DA CONSOLACAO (BAIRRO/CENTRO), NUMERO 927;[List];A,F,P,R,V,Z;FIXO;1703030400000;1418947200000;4;5226/5323;N
801;-23.5553575;-46.6626684;50 km/h;RUA DA CONSOLACAO (CENTRO/BAIRRO) X AVENIDA PAULISTA;[List];A,F,P,R,V,Z;FIXO;1719446400000;1456272000000;4;5432/5433;N
802;-23.5493741;-46.6531843;50 km/h;RUA DA CONSOLACAO (CENTRO/BAIRRO), NUMERO 1272;[List];EXE,F,R,V,Z;FIXO;1703030400000;1461715200000;4;5307/5308;N
803;-23.579708;-46.572079;50 km/h;AV SALIM FARAH MALUF (BAIRRO/CENTRO) X AV VILA EMA;[List];A,P,R,V,VR;FIXO;1756339200000;1710979200000;4;4314;N
804;-23.572381;-46.50457;50 km/h;AVENIDA ARICANDUVA (CENTRO/BAIRRO) X AVENIDA DOS LATINOS;[List];A,P,V;FIXO;;1717977600000;4;4315;N
805;-23.556671;-46.411078;40 km/h;RUA DA PASSAGEM FUNDA (GUAIANAZES/IGUATEMI), NUMERO 518/R DA PASSAGEM FUNDA (IGUATEMI/GUAIANAZES), A MENOS 9 METROS R PROFESSOR TADEU;[List];V;FIXO;1703548800000;1418860800000;3;4492/4493;N
806;-23.52887;-46.441988;40 km/h;RUA DAMASIO PINTO (CENTRO/BAIRRO), NUMERO 294/RUA DAMASIO PINTO (BAIRRO/CENTRO), OPOSTO NUMERO 294;[List];V;FIXO;1719792000000;1421798400000;2;4480/4481;N
807;-23.5615999999999;-46.6268189999999;50 km/h;RUA DO LAVAPES (CENTRO/BAIRRO), NUMERO 598;[List];F,R,V,Z;FIXO;1712707200000;1424908800000;2;5253;N
808;-23.572035;-46.581632;40 km/h;RUA DO ORATORIO (MOOCA/AGUA RASA), OPOSTO NUMERO 2853/RUA DO ORATORIO (AGUA RASA/MOOCA), NUMERO 2853;[List];R,V;FIXO;1709683200000;1409270400000;2;4478/4479;S
809;-23.569817;-46.581136;30 km/h;RUA DO ORATORIO (MOOCA/VILA PRUDENTE), OPOSTO AO NUMERO 2621;[List];A,P,R;FIXO;1720051200000;1410480000000;1;4230;N/A
810;-23.57025;-46.581238;30 km/h;RUA DO ORATORIO (VILA PRUDENTE/MOOCA),NUMERO 2621;[List];A,P,R;FIXO;1720051200000;1410480000000;1;4231;N/A
811;-23.58138;-46.58494;40 km/h;RUA DO ORFANATO (BAIRRO/CENTRO) X PRACA PADRE DAMIAO;[List];A,P,R;FIXO;1720051200000;1412294400000;2;4235;N/A
812;-23.6256009999999;-46.6151089999999;40 km/h;RUA DOM VILARES (ANCHIETA/IMIGRANTES) X RUA EVOLUCAO/RUA DOM VILARES (IMIGRANTES/ANCHIETA) X RUA EVOLUCAO;[List];V;FIXO;1712448000000;1423785600000;2;5247/5248;N
813;-23.59668303;-46.63657512;50 km/h;RUA DOMINGOS DE MORAIS (BAIRRO/CENTRO), NUMERO 2329;[List];EXD,F,R,V,Z;FIXO;1717718400000;1438560000000;5;5403/5486/5404;N
814;-23.5999977;-46.6367656;50 km/h;RUA DOMINGOS DE MORAIS (CENTRO/BAIRRO), NUMERO 2668;[List];F,R,V,Z;FIXO;1712102400000;1438560000000;5;5405/5406/5487;N
815;-23.5062171;-46.667373;40 km/h;RUA DOMINGOS TORRES (CENTRO/BAIRRO) X RUA TANGERINAS;[List];A,P;FIXO;1716768000000;1439164800000;2;6825;N/A
816;-23.52443;-46.63034;50 km/h;AV DO ESTADO (IPIRANGA/SANTANA) X AV SANTOS DUMONT;[List];A,CPD,P,R,V,VR;FIXO;1725148800000;1439251200000;3;4316;N
817;-23.5654394;-46.6824521;50 km/h;RUA DOS PINHEIROS (BAIRRO/CENTRO) X RUA DOUTOR VIRGILIO DE CARVALHO PINTO;[List];A,F,P,R,V,Z;FIXO;1705363200000;1418947200000;3;5151;N
818;-23.5429029999999;-46.7068879999999;40 km/h;RUA DOUTOR ALBERTO SEABRA (LAPA/PINHEIROS), NUMERO 959/RUA DOUTOR ALBERTO SEABRA (PINHEIROS/LAPA), NUMERO 966;[List];R,V,Z;FIXO;1722124800000;1413417600000;2;5161/5160;N
819;-23.499665;-46.523095;50 km/h;RUA DOUTOR ASSIS RIBEIRO (BAIRRO/CENTRO), OPOSTO AO NUMERO 3216;[List];EXD,V;FIXO;1717459200000;1412899200000;3;4236/4237;N
820;-23.5014157;-46.6376501;40 km/h;RUA DOUTOR CESAR (BAIRRO/CENTRO), A MENOS 12M DA RUA CAPITAO MANUEL NOVAIS;[List];V;FIXO;1704758400000;1418860800000;2;6736;S
821;-23.4935607;-46.6229734;40 km/h;RUA DOUTOR ZUQUIM (CENTRO/BAIRRO), NUMERO 1340;[List];V;FIXO;1717545600000;1418860800000;2;6715;S
822;-23.5418559999999;-46.663578;40 km/h;RUA ENGENHEIRO EDGAR EGIDIO DE SOUZA (SANTA CECILIA/PACAEMBU), NUMERO 303;[List];F,R,V,Z;FIXO;1713744000000;1424908800000;2;5249;N
823;-23.5840139999999;-46.6135329999999;40 km/h;RUA ENGENHEIRO RANULFO PINHEIRO DE LIMA (IPIRANGA/VILA MARIANA), NUMERO 74;[List];R,V;FIXO;1718755200000;1423008000000;2;5259;N
824;-23.5670398;-46.6684232;40 km/h;RUA ESTADOS UNIDOS (IBIRAPUERA/PINHEIROS), NUMERO 1470;[List];F,R,V,Z;FIXO;1704240000000;1431475200000;4;5365;N
825;-23.550035;-46.534117;50 km/h;AV CONSELHEIRO CARRAO (BAIRRO/CENTRO) X R LUIS PINTO;[List];A,P,V;FIXO;;1720137600000;2;4317;N
826;-23.560403;-46.408674;40 km/h;RUA FERNAO CARRILHO (FERRAZ DE VASCONCELOS/GUAIANAZES), NUMERO 7B/RUA FERNAO CARRILHO (GUAIANAZES/FERRAZDE VASCONCELOS), NUMERO 109;[List];V;FIXO;1696896000000;1420588800000;2;4506/4507;N
827;-23.603155;-46.559413;40 km/h;RUA FRANCISCO REBELO (SAO LUCAS/VILACALIFORNIA), NUMERO 314;[List];V;FIXO;1709683200000;1418688000000;1;4282;N
828;-23.55006;-46.53434;50 km/h;AV CONSELHEIRO CARRAO (CENTRO/BAIRRO) X R LUIS PINTO;[List];A,P,V;FIXO;;1720137600000;2;4318;N
829;-23.56412;-46.59643;50 km/h;AVENIDA PAES DE BARROS (BAIRRO/CENTRO), NUMERO 1025;[List];A,P,R,V,VR;FIXO;;1720137600000;2;4321;N
830;-23.5450552;-46.6928861;50 km/h;RUA HEITOR PENTEADO (BAIRRO/CENTRO), NUMERO 1529;[List];F,R,V,Z;FIXO;1704153600000;1438041600000;2;5409/5410;N
831;-23.5497469999999;-46.680627;50 km/h;RUA HEITOR PENTEADO (CENTRO/BAIRRO), A MAIS 88 METROS DO VIADUTO DOUTOR ARNALDO;[List];R,V,Z;FIXO;1713657600000;1414108800000;2;5234;N
832;-23.5449582;-46.6930276;50 km/h;RUA HEITOR PENTEADO (CENTRO/BAIRRO), NUMERO 1570;[List];F,R,V,Z;FIXO;1713139200000;1438560000000;2;5407/5408;N
833;-23.678408;-46.776909;40 km/h;RUA HENRIQUE SAM MINDLIN (ITAPECERICA/M BOI), NUMERO 407/RUA HENRIQUE SAM MINDLIN (M BOI/ITAPECERICA), NUMERO 408;[List];V;FIXO;1716854400000;1418342400000;2;2522/2523;N
834;-23.574598;-46.69688;60/50/50 km/h;RUA HUNGRIA (INTERLAGOS/CASTELO BRANCO) A MENOS 20 METROS DA AVENIDA REBOUCAS;[List];R,V,VR;FIXO;1700438400000;1431216000000;4;2700/2795/2796;N
835;-23.58476001;-46.68214716;40 km/h;RUA IGUATEMI (ITAIM/PINHEIROS), NUMERO 192;[List];EXD,F,R,V,Z;FIXO;1713312000000;1438041600000;3;5371/5372;N
836;-23.5083215;-46.7325744;60 km/h;RUA INACIO LUIS DA COSTA (CENTRO/BAIRRO), NUMERO 1098;[List];V;FIXO;1718496000000;1419292800000;3;6741;N
837;-23.527485;-46.501198;40 km/h;RUA ITINGUCU (CENTRO/BAIRRO), NUMERO 1512/RUA ITINGUCU (BAIRRO/CENTRO), NUMERO 1517;[List];V;FIXO;1696896000000;1419724800000;2;4457/4458;N
838;-23.5241119999999;-46.7019599999999;40 km/h;RUA JEROAQUARA (CENTRO/BAIRRO) X RUA FAUSTOLO;[List];A,P,R,V,Z;FIXO;1721865600000;1406678400000;3;5421;N
839;-23.4422768;-46.7155923;40 km/h;RUA JOAO AMADO COUTINHO (JARAGUA/BRASILANDIA), NUMERO 884/RUA JOAO AMADO COUTINHO (BRASILANDIA/JARAGUA), NUMERO 883;[List];V;FIXO;1717286400000;1409270400000;2;6601/6602;S
840;-23.536516;-46.607432;40 km/h;RUA JOAO BOEMER (BAIRRO/CENTRO), NUMERO 296;[List];R,V;FIXO;1712102400000;1425859200000;2;4508;N
841;-23.5841929999999;-46.673242;40 km/h;RUA JOAQUIM FLORIANO (CENTRO/BAIRRO) X RUA DOUTOR RENATO PAES DE BARROS;[List];A,F,P,R,V,Z;FIXO;1716681600000;1571011200000;3;5148;N
842;-23.5193137;-46.7121727;40 km/h;RUA JOHN HARRISON (BARRA FUNDA/LAPA), OPOSTO AO NUMERO 735;[List];R,V,Z;FIXO;1719446400000;1719446400000;1;5235;N
843;-23.4945103;-46.6246446;50 km/h;RUA JOSE DEBIEUX (BAIRRO/CENTRO) OPOSTO NUMERO 282;[List];V;FIXO;1704931200000;1502668800000;2;7171;N
844;-23.593454;-46.583937;50 km/h;AV DR FRANCISCO MESQUITA (SANTO ANDRE/SAO PAULO), A MAIS 140M DA R VL PRUDENTE;[List];V;FIXO;;1719878400000;3;4322;N
845;-23.6334597;-46.7305278;40 km/h;RUA JOSE RAMON URTIZA (GIOVANNI/MARGINAL PINHEIROS), NUMERO 660/RUA JOSE RAMON URTIZA (MARGINAL PINHEIROS/GIOVANNI), NUMERO 901;[List];V;FIXO;1706054400000;1417824000000;4;2526/2527;N
846;-23.549724;-46.425822;40 km/h;RUA LUIS MATEUS (IGUATEMI/SAO MIGUEL), NUMERO 675/RUA LUIS MATEUS (SAO MIGUEL/IGUATEMI),  NUMERO 820;[List];V;FIXO;1718841600000;1419724800000;2;4451/4452;N
847;-23.572008;-46.6418269999999;40 km/h;RUA MAESTRO CARDIM (PARAISO/LIBERDADE), NUMERO 1251;[List];F,R,V,Z;FIXO;1711929600000;1426464000000;2;5254;N
848;-23.495244;-46.38846;40 km/h;RUA MANUEL BUENO DA FONSECA (CENTRO/BAIRRO), NUMERO 120 A/RUA MANUEL BUENO DA FONSECA (BAIRRO/CENTRO), OPOSTO NUMERO 120 A;[List];V;FIXO;1711584000000;1421798400000;2;4472/4473;N
849;-23.4649323;-46.5996552;40 km/h;RUA MANUEL GAYA (TREMEMBE/JACANA), NUMERO 761/RUA MANUEL GAYA (JACANA/TREMEMBE), OPOSTO NUMERO 761;[List];V;FIXO;1706054400000;1409702400000;2;6605/6606;S
850;-23.53452;-46.60248;40 km/h;RUA MARCOS ARRUDA (BAIRRO/CENTRO) X RUA CACHOEIRA;[List];A,P,R;FIXO;1720569600000;1410307200000;3;4227;N/A
851;-23.6168559999999;-46.7357749999999;40 km/h;RUA MARECHAL HASTINFILO DE MOURA (MORA TO/GIOVANNI), NUMERO 233/RUA MARECHAL HASTINFILO DE MOURA (GIOVANNI/MORATO), OPOSTO AO NUMERO 233;[List];V;FIXO;1699488000000;1419984000000;2;2518/2519;N
852;-23.4569689;-46.6003501;40 km/h;RUA MARIA AMALIA LOPES DE AZEVEDO (JARDIM GUAPIRA/TREMEMBE), NUMERO 2689/RUA MARIA AMALIA LOPES DE AZEVEDO (TREMEMBE/JARDIM GUAPIRA), OPOSTO NUMERO 2689;[List];V;FIXO;1706486400000;1417737600000;2;6705/6706;S
853;-23.5032419;-46.6095396;50 km/h;RUA MARIA CANDIDA (B/C), NUMERO 542;[List];V;FIXO;1711929600000;1502668800000;2;7164;N
854;-23.525115;-46.528465;30 km/h;RUA MARIA CARLOTA (BAIRRO/CENTRO), NUMERO 395;[List];A,P;FIXO;1723593600000;1417996800000;3;4219;N/A
855;-23.5949679;-46.6320291;40 km/h;RUA MAURICIO FRANCISCO KLABIN (VILA MARIANA/IPIRANGA), NUMERO 422;[List];F,R,V,Z;FIXO;1718841600000;1418947200000;2;5231;N
856;-23.5095859;-46.5875888;40 km/h;RUA MERE AMEDEA (MARGINAL TIETE/VILA MARIA), NUMERO 476/RUA MERE AMEDEA (VILA MARIA/MARGINALTIETE), OPOSTO NUMERO 476;[List];V;FIXO;1704153600000;1418860800000;2;6720/6721;N
857;-23.690418;-46.68652;50 km/h;RUA MIGUEL YUNES (BAIRRO/CENTRO) A MENOS 45 METROS DA RUA TABARE;[List];V;FIXO;1694736000000;1408492800000;5;2418;N
858;-23.690521;-46.6866229999999;50 km/h;RUA MIGUEL YUNES (CENTRO/BAIRRO) A MENOS 170 METROS DO NUMERO 343;[List];V;FIXO;1694736000000;1408492800000;4;2419;N
859;-23.549579;-46.6051868;50 km/h;AV ALCANTARA MACHADO (CENTRO/BAIRRO), A MAIS 18M DA R HIPODROMO;[List];A,F,P,R,V,VR;FIXO;;1722297600000;5;4326;N
860;-23.536151;-46.468077;30 km/h;AVENIDA CAMPANELLA (BAIRRO/CENTRO), OPOSTO AO NUMERO 696;[List];A,P;FIXO;1724371200000;1438560000000;1;4328;N/A
861;-23.621953;-46.606493;40 km/h;RUA NOSSA SENHORA DA SAUDE (IMIGRANTES/ANCHIETA), NUMERO 1394/RUA NOSSA SENHORA DA SAUDE (ANCHIETA/IMIGRANTES), NUMERO 1387;[List];V;FIXO;1711497600000;1439856000000;2;5255/5256;N
862;-23.597467;-46.50782;40 km/h;RUA NOVA BRASILIA (SAPOPEMBA/BARREIRA GRANDE), NUMERO 501/RUA NOVA BRASILIA (BARREIRA GRANDE/SAPOPEMBA), NUMERO 510;[List];V;FIXO;1709683200000;1426809600000;2;4283/4284;N
863;-23.496107;-46.507376;40 km/h;RUA OLHO D AGUA DO BORGES (BAIRRO/CENTRO), NUMERO 94/RUA OLHO D AGUA DO BORGES (CENTRO/BAIRRO), NUMERO 184;[List];V;FIXO;1709683200000;1426809600000;2;4470/4471;N
864;-23.678692;-46.7068409999999;50 km/h;RUA OLIVIA GUEDES PENTEADO (BAIRRO/CENTRO) OPOSTO AO NUMERO 1354;[List];V;FIXO;1694476800000;1408924800000;2;2420;N
865;-23.672201;-46.710064;40 km/h;RUA OLIVIA GUEDES PENTEADO (BAIRRO/CENTRO), NUMERO 573/RUA OLIVIA GUEDES PENTEADO (CENTRO/BAIRRO), OPOSTO AO NUMERO 573;[List];V;FIXO;1687392000000;1416441600000;4;2530/2531;S
866;-23.67882;-46.7067759999999;50 km/h;RUA OLIVIA GUEDES PENTEADO (CENTRO/BAIRRO)  NUMERO 1354;[List];V;FIXO;1694476800000;1408924800000;2;2421;N
867;-23.5362215;-46.4682732;30 km/h;AVENIDA CAMPANELLA (CENTRO/BAIRRO), NUMERO 696;[List];A,P;FIXO;1724371200000;1423440000000;1;4332;N/A
868;-23.4991673;-46.5876763;40 km/h;RUA PADRE SABOIA DE MEDEIROS (JARDIM JAPAO/VILA MARIA) , NUMERO 299/RUA PADRE SABOIA DE MEDEIROS (VILA MARIA/JARDIM JAPAO), NUMERO 304;[List];V;FIXO;1704844800000;1418860800000;2;6726/6727;N
869;-23.551054;-46.597484;60/50 km/h;RUA TAQUARI (CENTRO/BAIRRO), NUMERO 624;[List];A,P,R;FIXO;;1720137600000;3;4334;N/A
870;-23.569541;-46.659295;40 km/h;RUA PAMPLONA (CENTRO/BAIRRO) X ALAMEDA LORENA;[List];A,F,P,R,V,Z;FIXO;1713830400000;1571011200000;2;5147;N
871;-23.529064;-46.457001;50 km/h;AV JACU PESSEGO/N TRABAL (S MAT/S MIG) x R MONTANHAS;[List];A,P,V;FIXO;;1717977600000;4;4336;N
872;-23.5624563;-46.6414629;40 km/h;RUA PEDROSO (LIBERDADE/BELA VISTA), NUMERO 258;[List];F,R,V,Z;FIXO;1711929600000;1439856000000;3;5309;N
873;-23.5524688;-46.6381026;50 km/h;R MARIA PAULA (BAIRRO/CENTRO) X AV BRIGADEIRO LUIS ANTONIO;[List];A,F,P,R,V,VR;FIXO;;1723507200000;3;4342;N
874;-23.550098;-46.445087;40 km/h;RUA SABBADO D ANGELO (IGUATEMI/SAO MIGUEL), OPOSTO AO NUMERO 1980/RUA SABBADO D ANGELO (SAO MIGUEL/IGUATEMI), NUMERO 1980;[List];V;FIXO;1712793600000;1418860800000;2;4504/4505;N
875;-23.542126;-46.418768;40 km/h;RUA SALVADOR GIANETTI (CENTRO/BAIRRO), NUMERO 386/RUA SALVADOR GIANETTI (BAIRRO/CENTRO)  OPOSTO NUMERO 386;[List];V;FIXO;1696896000000;1414108800000;2;4486/4487;N
876;-23.522698;-46.456721;50 km/h;AV JACU PESSEGO/NOVA TRABAL (A S/MAUA)A MAIS 62M DA PASSARELA P DUILIO LIBURDI;[List];PR,V;FIXO;;1721779200000;7;4344;N
877;-23.556449;-46.449934;50 km/h;RUA SAO TEODORO (CENTRO/BAIRRO), A MAIS 23 METROS NUMERO 1198/RUA SAO TEODORO (BAIRRO/CENTRO), A MAIS 35 METROS RUA LAGOA TAI GRANDE;[List];V;FIXO;1709683200000;1413417600000;2;4502/4503;N
878;-23.579072;-46.572097;50 km/h;AV SALIM FARAH MALUF (MARGINAL TIETE/V. PRUDENTE), A MENOS 20M DA AV VILA EMA;[List];R,V,VR;FIXO;1747612800000;1717977600000;5;4362;N
879;-23.59280502;-46.64749392;50 km/h;RUA SENA MADUREIRA (VILA MARIANA/IBIRAPUERA), NUMERO 1484;[List];F,R,V,Z;FIXO;1713225600000;1417651200000;3;5215;N
880;-23.5480769999999;-46.6575059999999;40 km/h;RUA SERGIPE (BAIRRO/CENTRO) X RUA ITACOLOMI;[List];A,F,P,R,V,Z;FIXO;1703721600000;1571011200000;2;5150;N
881;-23.5977199999999;-46.6006539999999;50 km/h;RUA SILVA BUENO (CENTRO/BAIRRO) X RUA CLEMENTE PEREIRA;[List];A,P,R,V,Z;FIXO;1720051200000;1441065600000;2;5426;N
882;-23.586795;-46.534553;40 km/h;RUA SOLIDONIO LEITE (CENTRO/BAIRRO), OPOSTO NUMERO 2563/RUA SOLIDONIO LEITE (BAIRRO/CENTRO), NUMERO 2563;[List];V;FIXO;1709683200000;1421798400000;2;4291/4292;N
883;-23.5836659699999;-46.67763888;40 km/h;RUA TABAPUA (ITAIM/JARDIM PAULISTA), NUMERO 711;[List];EXD,F,R,V,Z;FIXO;1713830400000;1438041600000;3;5377/5378;N
884;-23.551054;-46.597484;30 km/h;RUA TAQUARI (CENTRO/BAIRRO), NUMERO 624;[List];A,P,R;FIXO;1720051200000;1422576000000;3;4334;N/A
885;-23.56037604;-46.68222096;50 km/h;RUA TEODORO SAMPAIO (BAIRRO/CENTRO), NUMERO 1316;[List];EXD,R,V,Z;FIXO;1707868800000;1423180800000;3;5125/5321;N
886;-23.5676099699999;-46.69533288;50 km/h;RUA TEODORO SAMPAIO (BAIRRO/CENTRO), NUMERO 2883;[List];F,R,V,Z;FIXO;1703203200000;1423180800000;4;5318;N
887;-23.5282922;-46.6941673;40 km/h;RUA TITO (LAPA/PERDIZES), NUMERO 21;[List];R,V,Z;FIXO;1721865600000;1413417600000;2;5243;N
888;-23.54515;-46.57445;40 km/h;RUA TUIUTI (VILA MARIA/TATUAPE) X RUA PADRE ADELINO;[List];A,P;FIXO;1720051200000;1411084800000;2;4232;N/A
889;-23.549465;-46.632526;40 km/h;RUA VENCESLAU BRAS (PARQUE DOM PEDRO/SE), NUMERO 66;[List];F,R,V,Z;FIXO;1715472000000;1428278400000;3;4531;N
890;-23.6152329999999;-46.605292;40 km/h;RUA VERGUEIRO (BAIRRO/CENTRO), NUMERO 8527/RUA VERGUEIRO (CENTRO/BAIRRO), OPOSTO NUMERO 8527;[List];V;FIXO;1710892800000;1423785600000;2;5262/5263;S
891;-23.5864986;-46.6353767;50 km/h;RUA VERGUEIRO (CENTRO/BAIRRO) X AVENIDA PROFESSOR NOE AZEVEDO;[List];CPE,F,V,R,Z;FIXO;1713052800000;1450310400000;4;5435/5493;N
892;-23.593264;-46.6296749999999;40 km/h;RUA VERGUEIRO (IPIRANGA/VILA MARIANA) X RUA DIDEROT;[List];A,F,P,V,R,Z;FIXO;1712707200000;1571011200000;3;5225;N
893;-23.4804064;-46.6322419;40 km/h;RUA VOLUNTARIOS DA PATRIA (MANDAQUI/SANTANA), NUMERO 4747/RUA VOLUNTARIOS DA PATRIA (SANTANA/MANDAQUI), OPOSTO NUMERO 4747;[List];V;FIXO;1705622400000;1417046400000;2;6649/6650;S
894;-23.5141106;-46.6544424;50 km/h;RUA ZANZIBAR (BAIRRO/CENTRO), NUMERO 125;[List];EXD,V;FIXO;1706745600000;1443139200000;3;6888/6889;N
895;-23.6468;-46.63167;70 km/h;RV DOS IMIGRANTES (SANTOS/SAO PAULO),A MENOS 1186M DA R GUARATU;[List];V;FIXO;1717891200000;1646784000000;7;2885/2886;N
896;-23.64715;-46.63209;70 km/h;RV DOS IMIGRANTES (SAO PAULO/SANTOS),A MENOS 459M DA R ITAGUARA;[List];V;FIXO;1718323200000;1646784000000;7;2887/2888;N
897;-23.580648;-46.586816;50 km/h;AVENIDA PAES DE BARROS (CENTRO/BAIRRO) , NUMERO 3420;[List];EXE,R,V,VR;FIXO;;1721779200000;3;4364;N
898;-23.5910951;-46.6874932;50 km/h;TUNEL PRESIDENTE JANIO QUADROS (IBIRAP/PINH) A MENOS 192M  DO EMBOQUE DO TUNEL;[List];V;FIXO;1718841600000;1659052800000;3;5590;N
899;-23.591069;-46.694575;50 km/h;TUNEL SEBASTIAO CAMARGO (MORUMBI/IBIRAPUERA), A MENOS 26,50 METROS DO EMBOQUE;[List];V;FIXO;1722470400000;1417824000000;2;2539;N
900;-23.5912092;-46.6874033;50 km/h;TUNEL SEBASTIAO CAMARGO (PINH/IBIRAP) A MAIS 192M DO DESEMBOQUE DO TUNEL;[List];V;FIXO;1718841600000;1659052800000;3;5591;N
901;-23.56133;-46.646003;50 km/h;VD ARMANDO PUGLISI (PARAISO/CONSOLACAO), ALT DO N 911 DA R TREZE DE MAIO;[List];F,R,V,Z;FIXO;1716768000000;1424908800000;2;5244;N
902;-23.614417;-46.6009474;50 km/h;VIA ANCHIETA (SANTOS/SAO PAULO), NUMERO 1405;[List];A,P,V;FIXO;1720051200000;1438560000000;3;5428;N
903;-23.6167655;-46.6017516;50 km/h;VIA ANCHIETA (SAO PAULO/SANTOS) X RUA RIGA;[List];A,P,V;FIXO;1716940800000;1438560000000;3;5427;N
904;-23.572526;-46.446175;50 km/h;AV JACU PESSEGO/NOVA TRABALHADORES (SMIG/S MAT) A MENOS 8M DA R IOSOSUKE OKAUE;[List];V;FIXO;;1721779200000;4;4372;N
905;-23.597566;-46.444739;50 km/h;AV JACU PESSEGO/NOVA TRABALHADORES (S.MIG/S. MAT), A MAIS 301M DA AV R. CHOHFI;[List];PR,V;FIXO;1774915200000;1709683200000;3;4378;N
906;-23.597727;-46.444641;50 km/h;AV JACU PESSEGO/NOVA TRABALHADORES (S.MAT/S.MIG), A MENOS 302M DA AV R. CHOHFI;[List];PR,V;FIXO;1774915200000;1711584000000;3;4380;N
907;-23.572097;-46.604353;50 km/h;AV DO ESTADO (CENTRO/BAIRRO), A MENOS 10 METROS DA R PAULO BARBOSA;[List];R,V,PR,VR;FIXO;;1720137600000;4;4385;N
908;-23.549634;-46.578994;50 km/h;AV SALIM FARAH MALUF (MARGINAL TIETE/VPRUDENTE) A MENOS 40M DA R FLORINDO BRAS;[List];PR,R,V,VR;FIXO;1756339200000;1713312000000;6;4386;N
909;-23.57224;-46.603931;50 km/h;AV DO ESTADO (BAIRRO/CENTRO), A MAIS 401  METROS DA R GUEMBE;[List];R,V,VR;FIXO;1727740800000;1431993600000;3;4388;N
910;-23.552426;-46.618222;50 km/h;AVENIDA ALCANTARA MACHADO (BAIRRO/CENTRO), A MENOS 34 METROS DA RUA PLACIDINA;[List];F,R,V,VR;FIXO;;1713312000000;6;4390;N
911;-23.563747;-46.611209;50 km/h;AV DO ESTADO (BAIRRO/CENTRO) X PRACA ALBERTO LION;[List];A,P,R,V,VR;FIXO;;1720137600000;3;4391;N
912;-23.558164;-46.579115;50 km/h;R DO ACRE (CENTRO/BAIRRO), NUMERO 722;[List];EXD,R,V;FIXO;1720656000000;1683676800000;3;4605/4606;N
913;-23.5321;-46.63301;30 km/h;R RIBEIRO DE LIMA (LUZ/PARI)  X AV TIRADENTES;[List];A,P,R;FIXO;;1719446400000;3;4392;N/A
914;-23.5075199;-46.489473;50 km/h;AV SAO MIGUEL (CENTRO/BAIRRO), NUMERO 4560;[List];V;FIXO;1722556800000;1684195200000;3;4306/4534;N
915;-23.54688;-46.5996;40 km/h;R JOAO TOBIAS (BAIRRO/CENTRO) X AV ALCANTARA MACHADO;[List];A,CPD,P,R,V;FIXO;1725408000000;1435708800000;3;4393;N
916;-23.610123;-46.560364;50 km/h;R SAO RAIMUNDO (BAIRRO/CENTRO), A MAIS 113M DA R SIMIAO FERNANDES;[List];V;FIXO;;1720137600000;4;4394;N
917;-23.58277;-46.441988;50 km/h;AV JACU-PESSEGO/N TRABALHADORES (MAUA/A SENNA), A MAIS 20M R GO SUGAYA;[List];V;FIXO;1709078400000;1687910400000;5;4667;N
918;-23.521986;-46.651331;50 km/h;AV RUDGE (BAIRRO/CENTRO), A MAIS 4,5M DA R JAMES HOLLAND;[List];EXE,R,V;FIXO;;1715817600000;4;4399;N
919;-23.54243;-46.63999;40 km/h;AV SAO JOAO (CENTRO/BAIRRO) X AV IPIRANGA;[List];A,F,P,R,V,Z;FIXO;1723593600000;1690156800000;3;4412;N
920;-23.514604;-46.519649;50 km/h;AVENIDA SAO MIGUEL (BAIRRO/CENTRO) X AVENIDA GOVERNADOR CARVALHO PINTO;[List];A,P,V;FIXO;1722902400000;1690156800000;3;4310;N
921;-23.693445;-46.7015529999999;40 km/h;AVENIDA DO RIO BONITO (INTERLAGOS/GUARAPIRANGA), NUMERO 2345/AVENIDA DO RIO BONITO (GUARAPIRANGA/INTERLAGOS), OPOSTO AO NUMERO 2345;[List];V;FIXO;1720483200000;1690243200000;4;2535/2536;S
922;-23.6073364999999;-46.6974266;90/60 km/h;MARGINAL PINHEIROS, PISTA EXPRESSA (INTERLAGOS/C.BRANCO), A MAIS 103M DO KM 12;[List];MT,PR,V,VR;FIXO;1723334400000;1690243200000;5;2627/2628/2781/2782;N
923;-23.6075389999999;-46.697187;60/50 km/h;AVENIDA DAS NACOES UNIDAS (INTERLAGOS/CASTELO BRANCO), NUMERO 12399;[List];V,VR;FIXO;1723420800000;1690243200000;4;2654/2812/2813;N
924;-23.672201;-46.710064;40 km/h;RUA OLIVIA GUEDES PENTEADO (BAIRRO/CENTRO), NUMERO 573/RUA OLIVIA GUEDES PENTEADO (CENTRO/BAIRRO), OPOSTO AO NUMERO 573;[List];V;FIXO;1724198400000;1690243200000;4;2530/2531;S
925;-23.715164;-46.699042;40 km/h;AVENIDA SENADOR TEOTONIO VILELA (CENTRO/BAIRRO), OPOSTO AO NUMERO 1583;[List];V;FIXO;1720483200000;1690243200000;2;2485;S
926;-23.490383;-46.46318;50 km/h;R DOUTOR ASSIS RIBEIRO (PENHA/SAO MIGUEL), A MENOS 137M DA R SERRA DE ITAQUERI;[List];V;FIXO;;1691625600000;4;4400;N
927;-23.571414;-46.573071;50 km/h;AV SALIM FARAH MALUF (VILA PRUDENTE/MARGINAL TIETE), A MAIS 205M DA R RHONE;[List];PR,R,V,VR;FIXO;1747612800000;1717545600000;4;4401;N
928;-23.530254;-46.594659;60/50 km/h;AV CONDESSA ELISABETH DE ROBIANO (C BRANCO/A SENNA), A MENOS 60M NUMERO 320;[List];R,V,VR;FIXO;1713052800000;1477872000000;4;6982/7159/6983/7160;N
929;-23.490027;-46.463481;50 km/h;R DOUTOR ASSIS RIBEIRO (SAO MIGUEL/PENHA), OPOSTO AO NUMERO 10170;[List];V;FIXO;;1691625600000;4;4408;N
930;-23.679847;-46.686833;50 km/h;AV. INTERLAGOS (CENTRO/BAIRRO) A MAIS 11 METROS DA R. GERALDO PACHECO VALENTE;[List];EXD,V;FIXO;1720483200000;1690934400000;3;2400;N
931;-23.5668019999999;-46.704796;60/50 km/h;AV MAGALHAES DE CASTRO (CASTELO/INTERLAGOS), A MAIS 10M DA R MURTINHO NOBRE;[List];R,V,VR;FIXO;1723680000000;1690934400000;3;2661/2799;N
932;-23.6175749999999;-46.701649;90/60 km/h;MARGINAL PINHEIROS, PISTA EXPRESSA (C. BRANCO/INTERLAGOS), A MAIS 117M DO KM 13;[List];PR,V,VR;FIXO;1723680000000;1690934400000;5;2693/2694/2783/2784;N
933;-23.54243;-46.63999;40 km/h;AV SAO JOAO (CENTRO/BAIRRO) X AV IPIRANGA;[List];A,F,P,R,V,Z;FIXO;;1723680000000;3;4412;N
934;-23.57381;-46.55816;30 km/h;AVENIDA SAPOPEMBA (CENTRO/BAIRRO), NUMERO 3244;[List];A,P;FIXO;;1720137600000;1;4413;N/A
935;-23.514859;-46.677097;60/50 km/h;AV PR CASTELO BRANCO (CB/AS), A MAIS 200 METROS PONTE JULIO DE MESQUITA NETO;[List];R,V,VR;FIXO;1720569600000;1691971200000;3;6840/7114;N
936;-23.509363;-46.691865;70/60 km/h;MARGINAL TIETE, PISTA CENTRAL (CB/AS)A MENOS 206M PT FREGUESIA DO O;[List];MT,R,V,VR;FIXO;1722729600000;1691971200000;4;6850/7133/6851/7142;N
937;-23.561953;-46.552374;30 km/h;RUA ACURUI (BAIRRO/CENTRO), OPOSTO AO NUMERO 700;[List];A,P;FIXO;;1720137600000;1;4414;N/A
938;-23.690451;-46.6436769999999;40 km/h;AVENIDA ANGELO CRISTIANINI (CENTRO/BAIRRO), OPOSTO AO NUMERO 1419/AVENIDA ANGELO CRISTIANINI (BAIRRO/CENTRO), NUMERO 1419;[List];V;FIXO;1724198400000;1693526400000;2;2504/2505;N
939;-23.645896;-46.710138;50 km/h;AVENIDA JOAO DIAS (BAIRRO/CENTRO), A MAIS 7,9 METROS DA RUA BARAO DO RIO BRANCO;[List];EXE,V;FIXO;1718755200000;1693526400000;3;2566/2567;N
940;-23.688852;-46.67989;50 km/h;AVENIDA NOSSA SENHORA DO SABARA (BAIRRO/CENTRO), NUMERO 4071;[List];V;FIXO;1724198400000;1693526400000;2;2543;N
941;-23.561648;-46.552719;30 km/h;RUA ACURUI (CENTRO/BAIRRO), NUMERO 700;[List];A,P;FIXO;;1720137600000;1;4415;N/A
942;-23.579008;-46.497094;50 km/h;AVENIDA ARICANDUVA (CENTRO/BAIRRO), A MAIS 13 METROS DA RUA FUNILANDIA;[List];V;FIXO;;1720137600000;3;4461;N
943;-23.6220588;-46.6973849999999;50 km/h;AV ROQUE PETRONI JUNIOR (DIADEMA/MARG PINHEIROS) NR 1226;[List];V;FIXO;1716422400000;1693785600000;4;2718;N
944;-23.510348;-46.504422;50 km/h;AVENIDA SAO MIGUEL (BAIRRO/CENTRO), OPOSTO AO NUMERO 2768;[List];V;FIXO;;1696896000000;2;4488;N
945;-23.636858;-46.6938099999999;50 km/h;AV VEREADOR JOSE DINIZ (BAIRRO/CENTRO), A MENOS 70M DA R AMERICO BRASILIENSE;[List];EXE,V;FIXO;1719446400000;1693785600000;3;2602/2603;N
946;-23.645851;-46.710109;50 km/h;AVENIDA JOAO DIAS (CENTRO/BAIRRO), A MAIS 24,7 METROS DO NUMERO 966;[List];EXE,V;FIXO;1718582400000;1693785600000;3;2564/2565;N
947;-23.637001;-46.693634;50 km/h;AV VEREADOR JOSE DINIZ (CENTRO/BAIRRO), A MAIS 92M DA R AMERICO BRASILIENSE;[List];EXE,V;FIXO;1719878400000;1693785600000;3;2483/2484;N
948;-23.4803713;-46.5672058;40 km/h;AVENIDA EDU CHAVES (JACANA/EDU CHAVES), OPOSTO NUMERO 1533/AVENIDA EDU CHAVES (EDU CHAVES/JACANA), NUMERO 1533;[List];V;FIXO;1717632000000;1693872000000;2;6994/6995;S
949;-23.510692;-46.507878;50 km/h;AVENIDA SAO MIGUEL (CENTRO/BAIRRO), NUMERO 2384;[List];V;FIXO;;1696896000000;2;4489;N
950;-23.538215;-46.456336;50 km/h;AV JOSE PINHEIRO BORGES (CENTRO/BAIRRO), A MENOS 18 METROS DA R ITAGIMIRIM;[List];V;FIXO;;1717632000000;3;4498;N
951;-23.537621;-46.455914;50 km/h;AV JOSE PINHEIRO BORGES (BAIRRO/CENTRO), A MENOS 19 METROS DA R ITAGIMIRIM;[List];V;FIXO;;1717632000000;3;4499;N
952;-23.622063;-46.759075;40 km/h;ESTRADA DO CAMPO LIMPO (VILA SONIA/CAMPO LIMPO), NUMERO 5211/ESTRADA DO CAMPO LIMPO (CAMPO LIMPO/VILA SONIA), NUMERO 5214;[List];V;FIXO;1717286400000;1693958400000;4;2506/2507;S
953;-23.524894;-46.435473;50 km/h;AV JOSE PINHEIRO BORGES (BAIRRO/CENTRO), A MAIS 370 METROS DA R COROA DE FRADE;[List];V;FIXO;;1719446400000;2;4500;N
954;-23.623191;-46.651278;50 km/h;AV ELISEU DE ALMEIDA (B/C), A MAIS 95M DA R HEITOR DOS PRAZERES;[List];EXD,V;FIXO;1721174400000;1694736000000;4;2688/2689;N
955;-23.5893021999999;-46.7343479999999;50 km/h;AVENIDA ELISEU DE ALMEIDA (CENTRO/BAIRRO), A MAIS 6M DA RUA DOM HENRIQUE MOURAO;[List];V;FIXO;1719705600000;1694736000000;4;2692;N
956;-23.574942;-46.7655719999999;50 km/h;AVENIDA ESCOLA POLITECNICA (MARGINAL PINHEIROS/RAPOSO), NUMERO 5050;[List];V;FIXO;1713916800000;1694736000000;4;2616;N
957;-23.536516;-46.607432;40 km/h;RUA JOAO BOEMER (BAIRRO/CENTRO), NUMERO 296;[List];R,V;FIXO;;1712102400000;2;4508;N
958;-23.55497;-46.634297;40 km/h;RUA DA GLORIA (CENTRO/BAIRRO), NUMERO 200;[List];F,R,V,Z;FIXO;1771977600000;1428278400000;2;4519;N
959;-23.555681;-46.63522;40 km/h;RUA GALVAO BUENO (BAIRRO/CENTRO), NUMERO 13;[List];F,R,V,Z;FIXO;1728172800000;1428278400000;1;4520;N
960;-23.5369193;-46.6336754;50 km/h;AV PRESTES MAIA (SANT/AERO), A MAIS 13 M DO N 913A;[List];F,R,V,Z;FIXO;;1720656000000;5;4521;N
961;-23.595316;-46.715637;50 km/h;AVENIDA GIOVANNI GRONCHI (BAIRRO/CENTRO), A MENOS 7,0 METROS DO NUMERO 1065;[List];V,VR;FIXO;1714262400000;1694736000000;2;2540;N
962;-23.540236;-46.637887;40 km/h;RUA SANTA IFIGENIA (BAIRRO/CENTRO), NUMERO 163;[List];F,R,V,Z;FIXO;1773360000000;1428278400000;2;4522;N
963;-23.5902934;-46.68105853;50 km/h;AV PR JUSCELINO KUBITSCHEK (IB/M PIN) X AV BRIGADEIRO FARIA LIMA;[List];A,F,R,V,Z;FIXO;1718236800000;1695168000000;5;5134/5452;N
964;-23.5908979;-46.6811559;50 km/h;AV BRIG. FARIA LIMA (ITAIM/PINHEIROS) X AV PRES. JUSCELINO KUBITSCHEK;[List];A,F,P,R,V,Z;FIXO;1719446400000;1695168000000;5;5222/5489;N
965;-23.530564;-46.63922;40 km/h;RUA JOSE PAULINO (CENTRO/BAIRRO), NUMERO 414;[List];F,R,V,Z;FIXO;1770940800000;1428278400000;2;4525;N
966;-23.596459;-46.713593;50 km/h;AVENIDA GIOVANNI GRONCHI (CENTRO/BAIRRO), OPOSTO AO NUMERO 705;[List];V,VR;FIXO;1714262400000;1695254400000;2;2587;N
967;-23.531174;-46.63763;40 km/h;RUA RIBEIRO DE LIMA (TIRADENTES/BOM RETIRO), NUMERO 500;[List];F,R,V,Z;FIXO;1765152000000;1428278400000;2;4526;N
968;-23.565108;-46.754983;50 km/h;AVENIDA ESCOLA POLITECNICA (RAPOSO/MARGINAL PINHEIROS) A MAIS 29M DO NR 3545;[List];V;FIXO;1715040000000;1695600000000;3;2618;N
969;-23.540629;-46.632312;40 km/h;RUA CARLOS DE SOUSA NAZARE (SE/BRAS), NUMERO 190;[List];F,R,V,Z;FIXO;;1717545600000;3;4527;N
970;-23.661284;-46.679459;50 km/h;AV INTERLAGOS (CENTRO/BAIRRO), A MENOS 24M DA R ENG ALLYRIO HUGUENEY DE MATTOS;[List];V;FIXO;1724198400000;1695600000000;3;2605;N
971;-23.538295;-46.631025;40 km/h;RUA PAULA SOUSA (SANTA IFIGENIA/BRAS),  NUMERO 205;[List];F,R,V,Z;FIXO;1771977600000;1428278400000;2;4528;N
972;-23.5382553;-46.6347013;40 km/h;RUA BRIGADEIRO TOBIAS (BAIRRO/CENTRO),  NUMERO 541;[List];F,R,V,Z;FIXO;;1716163200000;2;4530;N
973;-23.5494349;-46.6325214;40 km/h;RUA VENCESLAU BRAS (PARQUE DOM PEDRO/SE), NUMERO 66;[List];F,R,V,Z;FIXO;;1715558400000;3;4531;N
974;-23.5394917;-46.6324118;50 km/h;AVENIDA SENADOR QUEIROS (BRAS/SANTA IFIGENIA), NUMERO 396;[List];EXD,F,R,V,VR;FIXO;;1722556800000;4;4532;N
975;-23.5155576;-46.6253727;50 km/h;AV CRUZEIRO DO SUL (CENTRO/BAIRRO), A MENOS 64 METROS DO NUMERO 548;[List];EXD,R,V;FIXO;;1715644800000;4;4535;N
976;-23.549687;-46.578432;50 km/h;AV SALIM FARAH MALUF (VL PRUDENTE/MARGINAL TIETE), A MENOS 152M DO NUMERO 2211;[List];PR,R,V,VR;FIXO;1756339200000;1713225600000;6;4537;N
977;-23.549072;-46.525105;50 km/h;AV ARICANDUVA (CENTRO/BAIRRO), PISTA EXPRESSA, A MAIS 163 METROS DA R MANILHA;[List];V;FIXO;;1715040000000;4;4540;N
978;-23.599347;-46.530609;50 km/h;AV PROF LUIZ IGNACIO ANHAIA MELLO (C/B), A MENOS 45M DA R NOVA TIMBOTEUA;[List];V;FIXO;;1724025600000;2;4541;N
979;-23.6295259999999;-46.640656;50 km/h;AV AFFONSO D ESCRAGNOLLE TAUNAY (MARG/IMIG), A MAIS 54,5M DO VD DANTE DELMANTO;[List];PR,R,V,VR;FIXO;1724198400000;1693958400000;3;2643;N
980;-23.599493;-46.529168;50 km/h;AV PROF LUIZ IGNACIO A MELLO (B/C), A MENOS 51,5M DA R SANTA MARIA DO CAMBUCA;[List];V;FIXO;;1721779200000;2;4542;N
981;-23.574481;-46.5872997;50 km/h;AV PAES DE BARROS (BAIRRO/CENTRO), NUMERO 2761;[List];EXE,R,V,VR;FIXO;;1721779200000;4;4544;N
982;-23.6700449999999;-46.7380179;50 km/h;ESTRADA DO M BOI MIRIM (C/B), A MAIS 27 METROS DO NUMERO 460;[List];EXE,V;FIXO;1723680000000;1696377600000;3;2711/2712;N
983;-23.541641;-46.481019;50 km/h;AV JOSE PINHEIRO BORGES (ITAQUERA/PENHA), A MENOS 10M DO ACESSO DA R BOICORA;[List];V;FIXO;;1703721600000;3;4546;N
984;-23.54408;-46.59307;50 km/h;AV ALCANTARA MACHADO (BAIRRO/CENTRO), A MENOS 28 METROS DO VIADUTO GUADALAJARA;[List];F,R,V,VR;FIXO;;1722297600000;10;4560;N
985;-23.616768;-46.7407949999999;40 km/h;AVENIDA DOUTOR GUILHERME DUMONT VILARES (GIOVANNI/MORATO), NUMERO 1093;[List];V;FIXO;1717286400000;1696982400000;2;2517;S
986;-23.58208;-46.56183;50 km/h;AV PROF LUIZ IGNACIO ANHAIA MELLO (BAIRRO/CENTRO), NR 3333;[List];V;FIXO;1726099200000;1443571200000;3;4565;N
987;-23.61259;-46.473199;50 km/h;AV SAPOPEMBA (CENTRO/BAIRRO), A MENOS 15 METROS DO NUMERO 13958;[List];V;FIXO;1726099200000;1442793600000;3;4571;N
988;-23.6145039;-46.4707849;50 km/h;AV SAPOPEMBA (BAIRRO/CENTRO), NUMERO 14331 A;[List];V;FIXO;1728432000000;1459814400000;3;4572;N
989;-23.687795;-46.771883;50 km/h;ESTRADA DO M BOI MIRIM (BAIRRO/CENTRO), A MENOS 60 M DA R JOAO DE LIMA BONFANTE;[List];EXE,V;FIXO;1723680000000;1695859200000;3;2608/2609;N
990;-23.561485;-46.711959;50 km/h;RUA ALVARENGA (CENTRO/BAIRRO), A MENOS 28 METROS DA RUA ALEXANDRE M. MACHADO;[List];V;FIXO;1715126400000;1695859200000;4;2656;N
991;-23.6222147999999;-46.6975016999999;50 km/h;AV ROQUE PETRONI JUNIOR (MARG PINHEIROS/DIADEMA) NR 1089;[List];EXE,V;FIXO;1716422400000;1695859200000;4;2715/2716;N
992;-23.67247;-46.74323;50 km/h;ESTRADA DO M BOI MIRIM (CENTRO/BAIRRO), A MAIS 34M DO NR 1060;[List];EXE,V;FIXO;1723680000000;1695859200000;3;2824/2825;N
993;-23.625352;-46.450555;50 km/h;AV JACU-PESSEGO/N TRABALHADORES (MAUA/A SENNA), A MENOS 280M DA AV SAPOPEMBA;[List];PR,V;FIXO;;1709683200000;5;4581;N
994;-23.4866148;-46.4528149;50 km/h;AV JACU PESSEGO/NOVA TRABAL (MAUA/AS) A MENOS 260M DO ACESSO A ROD AYRTON SENNA;[List];PR,V;FIXO;;1713744000000;7;4582;N
995;-23.660467;-46.6951899999999;50 km/h;AVENIDA NOSSA SENHORA DO SABARA (BAIRRO/CENTRO) NUMERO 421;[List];EXD,V;FIXO;1719878400000;1697500800000;3;2402;N
996;-23.670276;-46.7379212;50 km/h;ESTRADA DO M BOI MIRIM (BAIRRO/CENTRO) X RUA ANHANDUI MIRIM;[List];A,P,V;FIXO;1723593600000;1697760000000;3;2667/2668;N
997;-23.660063;-46.768917;50 km/h;ESTRADA DE ITAPECERICA (SP/ITAPECERICA) X AVENIDA CARLOS CALDEIRA FILHO;[List];A,P,V;FIXO;1716854400000;1697760000000;3;2442;N
998;-23.632445;-46.681445;50 km/h;AVENIDA PROFESSOR VICENTE RAO (DIADEMA/MARGINAL) OPOSTO AO NUMERO 894;[List];EXE,V;FIXO;1716163200000;1697760000000;4;2410/2411;N
999;-23.4862516;-46.4529839;50 km/h;AV JACU-PESSEGO/N TRABALH (A SENNA/MAUA), A MAIS 250M DO ACESSO DA ROD A SENNA;[List];PR,V;FIXO;;1722297600000;7;4583;N
1000;-23.630234;-46.770496;50 km/h;ESTRADA DO CAMPO LIMPO (CENTRO/BAIRRO), NUMERO 3677;[List];V;FIXO;1717286400000;1697760000000;2;2614;N
1001;-23.5835774;-46.534822;50 km/h;AV SAPOPEMBA (CENTRO/BAIRRO), OPOSTO NUMERO 5905;[List];V;FIXO;1726963200000;1447891200000;3;4584;N
1002;-23.583522;-46.534931;50 km/h;AV SAPOPEMBA (BAIRRO/CENTRO), NUMERO 5905;[List];V;FIXO;1726099200000;1447891200000;1;4585;N
1003;-23.541816;-46.481158;50 km/h;AV JOSE PINHEIRO BORGES (PENHA/ITAQUERA), A MAIS 147,5M DO VIADUTO MILTON LEAO;[List];V;FIXO;;1704240000000;3;4590;N
1004;-23.562177;-46.576251;50 km/h;AV SALIM FARAH MALUF (V PRUDENTE/MARG) X R DIOGO LOPES;[List];A,R,V,VR;FIXO;1756339200000;1712534400000;4;4594;N
1005;-23.53261;-46.63222;50 km/h;R JOAO TEODORO (BRAS/LUZ) X AV TIRADENTES;[List];A,F,P,R,V;FIXO;;1723766400000;3;4596;N
1006;-23.6074829999999;-46.71257;50 km/h;AVENIDA MORUMBI (FRANCISCO MORATO/PONTE MORUMBI), NUMERO 4884;[List];V,VR;FIXO;1702339200000;1698105600000;2;2542;N
1007;-23.632242;-46.681786;50 km/h;AVENIDA PROFESSOR VICENTE RAO (MARGINAL/DIADEMA) NUMERO 860;[List];EXE,V;FIXO;1716768000000;1698105600000;4;2412/2413;N
1008;-23.583418;-46.7145769999999;50 km/h;AV PROF FRANCISCO MORATO (BAIRRO/CENTRO), A MENOS 20M DA R GAL SENA DE VASCONCELOS;[List];EXE,V,VR;FIXO;1721865600000;1698105600000;3;2600/2601;N
1009;-23.5530195;-46.6028303;50 km/h;R DOS TRILHOS (C/B), A MENOS 24M DA R VISCONDE DE LAGUNA;[List];EXD,R,V;FIXO;;1720742400000;3;4597;N
1010;-23.559804;-46.52002;50 km/h;AV RIO DAS PEDRAS (BAIRRO/CENTRO), NUMERO 203A;[List];EXD,V;FIXO;;1721260800000;2;4601;N
1011;-23.558164;-46.579115;50 km/h;R DO ACRE (CENTRO/BAIRRO), NUMERO 722;[List];EXD,R,V;FIXO;;1720742400000;3;4605;N
1012;-23.530001;-46.447944;50 km/h;AV JOSE PINHEIRO BORGES (B/C), A  MAIS 32M DA R ALZIRA LIVRAMENTO MARZAGAO;[List];V;FIXO;;1719446400000;5;4611;N
1013;-23.5307106;-46.4482808;50 km/h;AV JOSE PINHEIRO BORGES (CENTRO/BAIRRO), A MENOS 60M DA R JOSE BAUMAN;[List];V;FIXO;1727654400000;1459987200000;5;4612;N
1014;-23.5822172;-46.4915515;50 km/h;AV ARICANDUVA (CENTRO/BAIRRO) X AV RIO DAS PEDRAS;[List];A,P,V;FIXO;;1720137600000;4;4615;N
1015;-23.53445;-46.6251;50 km/h;AV DO ESTADO (IPIRANGA/SANTANA) X R JOAO TEODORO;[List];A,P,R,V,VR;FIXO;;1715126400000;4;4616;N
1016;-23.5822276;-46.5997768;50 km/h;AV DO ESTADO (SANTANA/IPIRANGA) X R DOS PATRIOTAS;[List];A,P,R,V,VR;FIXO;;1720137600000;3;4618;N
1017;-23.54768;-46.64261;50 km/h;AV SAO LUIS (REPUBLICA/SE) X R DA CONSOLACAO;[List];A,F,P,R,V,VR;FIXO;;1724025600000;3;4619;N
1018;-23.53195;-46.62615;50 km/h;AV DO ESTADO (SANTANA/IPIRANGA) X AV CRUZEIRO DO SUL;[List];A,P,R,V,VR;FIXO;;1716940800000;3;4620;N
1019;-23.59254;-46.47097;50 km/h;AV ARICANDUVA (B/C),A MENOS 1,385KM DA ESTRADA DA FAZENDA DO CARMO;[List];EXD,V;FIXO;;1720137600000;3;4624;N
1020;-23.563297;-46.508426;50 km/h;AV ARICANDUVA (B/C), A MENOS 225M DA R FORTUNA DE MINAS;[List];EXD,V;FIXO;;1720137600000;3;4636;N
1021;-23.51347;-46.42604;50 km/h;AV NORDESTINA (ITAIM/GUAIANASES) X R JOSE LEAO DOS SANTOS;[List];A,P,V;FIXO;;1717977600000;2;4642;N
1022;-23.6382316;-46.6969089999999;50 km/h;AVENIDA SANTO AMARO (CENTRO/BAIRRO) X RUA GRAHAM BELL;[List];A,P,V;FIXO;1714348800000;1698796800000;3;2665/2666;N
1023;-23.513243;-46.426435;50 km/h;AV NORDESTINA (GUAIANASES/ITAIM), A MAIS 86M DA R PARREIRA BRAVA;[List];V;FIXO;;1717632000000;2;4643;N
1024;-23.558761;-46.615631;50 km/h;AV DO ESTADO (SANTANA/IPIRANGA), A MENOS 32M DA R DONA ANA NERI;[List];PR,R,V,VR;FIXO;;1719878400000;4;4647;N
1025;-23.5431396;-46.5861191;50 km/h;AV ALCANTARA MACHADO (CENTRO/BAIRRO), NUMERO 4188;[List];F,R,V,VR;FIXO;;1717459200000;5;4657;N
1026;-23.53887;-46.60638;40 km/h;AV CELSO GARCIA (BAIRRO/CENTRO), A MENOS 26M DA R JOAO BOEMER;[List];R,V;FIXO;;1717459200000;2;4664;N
1027;-23.6168559999999;-46.7357749999999;40 km/h;RUA MARECHAL HASTINFILO DE MOURA (MORA TO/GIOVANNI), NUMERO 233/RUA MARECHAL HASTINFILO DE MOURA (GIOVANNI/MORATO), OPOSTO AO NUMERO 233;[List];V;FIXO;1714348800000;1699488000000;2;2518/2519;N
1028;-23.6282561999999;-46.6885616;50 km/h;AVENIDA SANTO AMARO (BAIRRO/CENTRO), NUMERO 5197;[List];EXE,V,VR;FIXO;1716163200000;1699488000000;3;2651/2652;N
1029;-23.5412513;-46.6139056;40 km/h;AV RANGEL PESTANA (BAIRRO/CENTRO), A MENOS 22M DA R MARIA MARCOLINA;[List];R,V;FIXO;;1717459200000;2;4665;N
1030;-23.5872014;-46.5916299;50 km/h;VIADUTO GRANDE SAO PAULO (VP/IP), A MAIS 51M AV PROF LUIZ IGNACIO ANHAIA MELLO;[List];R,V,VR;FIXO;1744502400000;1563926400000;4;4666;N
1031;-23.58277;-46.441988;50 km/h;AV JACU-PESSEGO/N TRABALHADORES (MAUA/A SENNA), A MAIS 20M R GO SUGAYA;[List];V;FIXO;;1709078400000;7;4667;N
1032;-23.52494799;-46.6983698399999;50 km/h;RUA CLELIA (BAIRRO/CENTRO), NUMERO 1607;[List];R,V,Z;FIXO;;1722297600000;3;5080;N
1033;-23.6675445999999;-46.7850477;40 km/h;AV FELIPE CARRILLO PUERTO (SAO PAULO/EMBU), NUMERO 220/AV FELIPE CARRILLO PUERTO (EMBU/SAO PAULO), NUMERO 189;[List];V;FIXO;1717286400000;1699833600000;2;2727/2728;N
1034;-23.6600779999999;-46.769337;50 km/h;ESTRADA DE ITAPECERICA (ITAPECERICA/SP) X AV PROF DOUTOR TELEMACO H M V LANGENDONCK;[List];A,P,V;FIXO;1716854400000;1699833600000;3;2441;N
1035;-23.5249689599999;-46.6918081199999;50 km/h;RUA CLELIA (BAIRRO/CENTRO), NUMERO 939;[List];EXD,R,V,Z;FIXO;;1722297600000;3;5081;N
1036;-23.57320104;-46.61097912;50 km/h;AVENIDA DOM PEDRO I (MOOCA/IPIRANGA), NUMERO 920;[List];EXD,F,R,V,Z;FIXO;;1722297600000;4;5085;N
1037;-23.57383104;-46.6108369199999;50 km/h;AVENIDA DOM PEDRO I (IPIRANGA/MOOCA), NUMERO 909;[List];EXD,F,R,V,Z;FIXO;;1722297600000;4;5086;N
1038;-23.5219609799999;-46.66437288;50 km/h;AVENIDA MARQUES DE SAO VICENTE (BAIRRO/CENTRO), NUMERO 425;[List];EXE,R,V,VR;FIXO;;1721779200000;4;5088;N
1039;-23.5158339599999;-46.6876868399999;50 km/h;AVENIDA MARQUES DE SAO VICENTE (BAIRRO/CENTRO), A MAIS 80 METROS DO NUMERO 2853;[List];EXE,R,V,VR;FIXO;;1722556800000;4;5090;N
1040;-23.5156719599999;-46.68768216;50 km/h;AVENIDA MARQUES DE SAO VICENTE (CENTRO/BAIRRO), NUMERO 2898;[List];EXE,R,V,VR;FIXO;;1721952000000;4;5092;N
1041;-23.5193830199999;-46.67426892;50 km/h;PCA PASCOAL MARTINS (CENTRO/BAIRRO), A MAIS 40M DA AV MARQUES DE SAO VICENTE;[List];EXE,R,V,VR;FIXO;;1723766400000;4;5094;N
1042;-23.5196649899999;-46.6673338799999;50 km/h;AVENIDA ORDEM E PROGRESSO (CENTRO/BAIRRO), OPOSTO AO NUMERO 95;[List];EXE,V,R;FIXO;;1724198400000;4;5096;N
1043;-23.5692175;-46.6722421;50 km/h;AVENIDA BRASIL (PINHEIROS/IBIRAPUERA) X RUA COLOMBIA;[List];A,F,P,R,V,Z;FIXO;;1703721600000;3;5098;N
1044;-23.5261482;-46.6769489;50 km/h;AV FRANCISCO MATARAZZO (CENTRO/BAIRRO) X RUA BARAO DE TEFE;[List];A,R,V,Z;FIXO;;1720656000000;3;5100;N
1045;-23.5829752;-46.6526116;50 km/h;COMPLEXO VIARIO AYRTON SENNA (C/B), A MAIS 50 METROS DA AV VINTE E TRES DE MAIO;[List];F,R,V;FIXO;1749686400000;1719187200000;3;5101;N
1046;-23.5193304;-46.6749543;50 km/h;PCA PASCOAL MARTINS (BAIRRO/CENTRO), A MAIS 40 M DA AV MARQUES DE SAO VICENTE;[List];EXE,R,V,VR;FIXO;;1722297600000;4;5110;N
1047;-23.58900999;-46.59789888;50 km/h;AVENIDA JUNTAS PROVISORIAS (ANCHIETA/MOOCA), NUMERO 295;[List];R,V,VR;FIXO;1747612800000;1719446400000;4;5115;N
1048;-23.59854297;-46.59754104;50 km/h;AVENIDA JUNTAS PROVISORIAS (MOOCA/ANCHIETA), NUMERO 1338;[List];PR,R,V;FIXO;1749686400000;1719792000000;4;5120;N
1049;-23.5269391;-46.6827118;50 km/h;AVENIDA POMPEIA (BARRA FUNDA/POMPEIA), OPOSTO NUMERO 227;[List];R,V,Z;FIXO;;1720656000000;3;5121;N
1050;-23.5271738;-46.6827194;50 km/h;AVENIDA POMPEIA (POMPEIA/BARRA FUNDA), NUMERO 227;[List];R,V,Z;FIXO;;1720742400000;3;5122;N
1051;-23.5356222;-46.6524606;50 km/h;AVENIDA SAO JOAO (BAIRRO/CENTRO), NUMERO 2097;[List];F,R,V,Z;FIXO;;1721779200000;3;5124;N
1052;-23.5925620199999;-46.64854908;50 km/h;RUA SENA MADUREIRA (IBIRAPUERA/VILA MARIANA), NUMERO 1355;[List];F,R,V,Z;FIXO;;1418947200000;4;5127;N
1053;-23.590451;-46.680885;50 km/h;AV PR JUSCELINO KUBITSCHEK (MG PIN/IB) X R PROF ATILIO INNOCENTI;[List];A,F,P,R,V,Z;FIXO;;1717372800000;5;5138;N
1054;-23.5886609999999;-46.676577;50 km/h;R JOAO CACHOEIRA (PINHEIROS/ITAIM) X AV PRES JUSCELINO KUBITSCHEK;[List];A,F,P,R,V,Z;FIXO;;1716249600000;4;5140;N
1055;-23.545047;-46.691048;50 km/h;AVENIDA POMPEIA (POMPEIA/BARRA FUNDA ) X RUA NESTOR VITOR;[List];A,P,R,V,Z;FIXO;1764201600000;1414108800000;2;5141;N
1056;-23.536362;-46.686256;40 km/h;AV PROF ALFONSO BOVERO (CENTRO/BAIRRO) X RUA TUCUNA;[List];A,P,R,V,Z;FIXO;1771545600000;1571011200000;1;5142;N
1057;-23.5679237;-46.6929437;50 km/h;AVENIDA BRIGADEIRO FARIA LIMA (PINHEIROS/ITAIM), NUMERO 1134;[List];A,F,P,R,V,Z;FIXO;;1705363200000;4;5143;N
1058;-23.566907;-46.68883;40 km/h;RUA ARTUR DE AZEVEDO (CENTRO/BAIRRO) X AVENIDA PEDROSO DE MORAIS;[List];A,F,P,R,Z;FIXO;1717891200000;1408924800000;2;5145;N/A
1059;-23.5829239999999;-46.7496829999999;50 km/h;AV ENGENHEIRO HEITOR ANTONIO EIRAS GARCIA (BUTANTA/RAPOSO), OPOSTO AO NR 1927/AVENIDA ENGENHEIRO HEITOR ANTONIO EIRAS GARCIA (RAPOSO/BUTANTA), NUMERO 1927;[List];V;FIXO;1714348800000;1702339200000;2;2520/2521;N
1060;-23.569541;-46.659295;40 km/h;RUA PAMPLONA (CENTRO/BAIRRO) X ALAMEDA LORENA;[List];A,F,P,R,V,Z;FIXO;;1713916800000;2;5147;N
1061;-23.5841929999999;-46.673242;40 km/h;RUA JOAQUIM FLORIANO (CENTRO/BAIRRO) X RUA DOUTOR RENATO PAES DE BARROS;[List];A,F,P,R,V,Z;FIXO;;1716768000000;3;5148;N
1062;-23.574231;-46.6503889999999;40 km/h;R DR RAFAEL DE BARROS (CENTRO/BAIRRO) X RUA TUTOIA;[List];A,F,P,R,Z;FIXO;;1408492800000;1;5149;N/A
1063;-23.5480968;-46.6574509;40 km/h;RUA SERGIPE (BAIRRO/CENTRO) X RUA ITACOLOMI;[List];A,F,P,R,V,Z;FIXO;;1703721600000;2;5150;N
1064;-23.5654394;-46.6824521;40 km/h;RUA DOS PINHEIROS (BAIRRO/CENTRO) X RUA DOUTOR VIRGILIO DE CARVALHO PINTO;[List];A,F,P,R,V,Z;FIXO;;1705363200000;3;5151;N
1065;-23.5684579999999;-46.6440309999999;50 km/h;PRACA AMADEU AMARAL (CENTRO/BAIRRO) X RUA TREZE DE MAIO;[List];A,F,P,R,V,Z;FIXO;;1711584000000;3;5153;N
1066;-23.565072;-46.6905489999999;50 km/h;AV PEDROSO DE MORAIS (PINHEIROS/ITAIM) X RUA TEODORO SAMPAIO;[List];A,F,P,R,V,Z;FIXO;;1713139200000;4;5154;N
1067;-23.5545876;-46.6487435;50 km/h;AVENIDA NOVE DE JULHO (CENTRO/BAIRRO) X RUA PAIM;[List];A,F,P,R,V,Z;FIXO;;1704153600000;3;5155;N
1068;-23.5594679999999;-46.665089;40 km/h;RUA BELA CINTRA (BAIRRO/CENTRO) X ALAMEDA ITU;[List];A,F,P,R,V,Z;FIXO;1727308800000;1571011200000;2;5156;N
1069;-23.5637639999999;-46.6682599999999;40 km/h;RUA OSCAR FREIRE (CONSOLACAO/PARAISO) X RUA HADDOCK LOBO;[List];A,F,P,R,V,Z;FIXO;1720483200000;1571011200000;2;5157;N
1070;-23.534113;-46.6479759999999;40 km/h;AL BARAO DE LIMEIRA (CENTRO/BAIRRO) X AL NOTHMANN;[List];A,F,P,R,V,Z;FIXO;1764201600000;1437091200000;2;5158;N
1071;-23.5729709999999;-46.645085;40 km/h;RUA CUBATAO (CONSOLACAO/PARAISO) X RUA SAMPAIO VIANA;[List];A,F,P,R,V,Z;FIXO;;1718150400000;3;5159;N
1072;-23.5371449699999;-46.7226169199999;50 km/h;AVENIDA QUEIROZ FILHO (BAIRRO/CENTRO), NUMERO 313;[List];R,V,Z;FIXO;;1711065600000;3;5206;N
1073;-23.60752596;-46.60595208;50 km/h;AVENIDA PRESIDENTE TANCREDO NEVES (ANCHIETA/IMIGRANTES), NUMERO 332;[List];R,V,VR;FIXO;1749686400000;1718928000000;4;5207;N
1074;-23.6077329599999;-46.6057828799999;50 km/h;AVENIDA PRESIDENTE TANCREDO NEVES (IMIGRANTES/ANCHIETA), OPOSTO NUMERO 298;[List];R,V,VR;FIXO;1749686400000;1719187200000;4;5208;N
1075;-23.5294986;-46.6679751;50 km/h;AVENIDA FRANCISCO MATARAZZO (CENTRO/BAIRRO), NUMERO 524;[List];EXE,F,R,V,Z;FIXO;;1722297600000;3;5210;N
1076;-23.5295009999999;-46.66824684;50 km/h;AVENIDA FRANCISCO MATARAZZO (BAIRRO/CENTRO), OPOSTO NUMERO 524;[List];EXE,F,R,V,Z;FIXO;;1721260800000;3;5212;N
1077;-23.52610602;-46.6769609999999;50 km/h;AVENIDA FRANCISCO MATARAZZO (BAIRRO/CENTRO), OPOSTO NUMERO 1500;[List];R,V,Z;FIXO;;1721952000000;3;5214;N
1078;-23.59280502;-46.64749392;50 km/h;RUA SENA MADUREIRA (VILA MARIANA/IBIRAPUERA), NUMERO 1484;[List];F,R,V,Z;FIXO;1757548800000;1713312000000;3;5215;N
1079;-23.5354010399999;-46.66262616;50 km/h;AVENIDA PACAEMBU (BARRA FUNDA/ PACAEMBU), NUMERO 1044;[List];F,R,V,Z;FIXO;;1720656000000;3;5216;N
1080;-23.53440798;-46.6620181199999;50 km/h;AVENIDA PACAEMBU (PACAEMBU/BARRA FUNDA), NUMERO 885;[List];F,R,V,Z;FIXO;;1721952000000;3;5217;N
1081;-23.5223900099999;-46.7409531599999;50 km/h;AV DR GASTAO VIDIGAL (V LEOPOLDINA/MARG TIETE), A MAIS 14 M DA R MAJOR PALADINO;[List];R,V;FIXO;;1724284800000;4;5219;N
1082;-23.55721704;-46.7072049599999;50 km/h;AV ANTONIO BATUIRA (MARG PINHEIROS/PCA PANAM), A MENOS 20 M DA AV DOS SEMANEIROS;[List];R,V,Z;FIXO;;1713744000000;2;5220;N
1083;-23.54227299;-46.71904716;50 km/h;AVENIDA PADRE PEREIRA DE ANDRADE (PINHEIROS/LAPA), NUMERO 575;[List];R,V,Z;FIXO;1724889600000;1417478400000;2;5221;N
1084;-23.5908979;-46.6811559;50 km/h;AV BRIG. FARIA LIMA (ITAIM/PINHEIROS) X AV PRES. JUSCELINO KUBITSCHEK;[List];A,F,P,R,V,Z;FIXO;;1719532800000;5;5222;N
1085;-23.5195469999999;-46.7233779999999;50 km/h;RUA MONTE PASCAL (ANHANGUERA/LAPA), A MAIS 29 METROS DA RUA SAMUEL KLABIN;[List];A,P,R,V;FIXO;1764201600000;1418947200000;3;5223;N
1086;-23.519642;-46.722935;50 km/h;RUA MONTE PASCAL (LAPA/ANHANGUERA), A MAIS 17 METROS DO NUMERO 300;[List];A,P,R,V;FIXO;1764201600000;1418947200000;3;5224;N
1087;-23.593264;-46.6296749999999;40 km/h;RUA VERGUEIRO (IPIRANGA/VILA MARIANA) X RUA DIDEROT;[List];A,F,P,R,V,Z;FIXO;1757548800000;1712793600000;3;5225;N
1088;-23.5371049;-46.722246;50 km/h;AVENIDA QUEIROZ FILHO (CENTRO/BAIRRO), OPOSTO AO NUMERO 313;[List];R,V,Z;FIXO;;1695168000000;3;5227;N
1089;-23.522645;-46.399649;40 km/h;ESTRADA DOM JOAO NERY (LAGEADO/ITAIM PAULISTA), OPOSTO NUMERO 3462/ESTRADA DOM JOAO NERY (ITAIM PAULISTA/LAGEADO), NUMERO 3462;[List];V;FIXO;1713312000000;1703721600000;2;4476/4477;S
1090;-23.532767;-46.44818;40 km/h;RUA AUGUSTO CARLOS BAUMAN (CENTRO/BAIRRO), OPOSTO NUMERO 687C/RUA AUGUSTO CARLOS BAUMAN (BAIRRO/CENTRO), NUMERO 687C;[List];V;FIXO;1718841600000;1703721600000;2;4428/4429;N
1091;-23.5623538;-46.6817447;40 km/h;R CONEGO EUGENIO LEITE (BAIRRO/CENTRO) X R ARTUR DE AZEVEDO;[List];F,R,V,Z;FIXO;;1705017600000;2;5228;N
1092;-23.5871527;-46.6657677;50 km/h;AV ANTONIO JOAQUIM DE MOURA ANDRADE (MARGINAL PINHEIROS/IBIRAPUERA), NUMERO 175;[List];F,R,V;FIXO;1721088000000;1645747200000;3;5230;N
1093;-23.5949679;-46.6320291;40 km/h;RUA MAURICIO FRANCISCO KLABIN (VILA MARIANA/IPIRANGA), NUMERO 422;[List];F,R,V,Z;FIXO;1749686400000;1718928000000;3;5231;N
1094;-23.51113;-46.60602;50 km/h;AVENIDA JOAQUINA RAMALHO (CENTRO/BAIRRO), NUMERO 570/AVENIDA JOAQUINA RAMALHO (BAIRRO/CENTRO), NUMERO 631;[List];V;FIXO;1714521600000;1704153600000;4;6709/6710;N
1095;-23.5506875;-46.6751897;40 km/h;R CARDOSO DE ALMEIDA (PACAEMBU/B FUNDA), A MENOS 131M DA R MONS ALBERTO PEQUENO;[List];F,R,V,Z;FIXO;;1718755200000;2;5233;N
1096;-23.5095859;-46.5875888;40 km/h;RUA MERE AMEDEA (MARGINAL TIETE/VILA MARIA), NUMERO 476/RUA MERE AMEDEA (VILA MARIA/MARGINALTIETE), OPOSTO NUMERO 476;[List];V;FIXO;1718064000000;1704153600000;2;6720/6721;N
1097;-23.4618698;-46.6507428;40 km/h;AVENIDA PERI RONCHETTI (CACHOEIRINHA/HORTO), NUMERO 475/AVENIDA PERI RONCHETTI (HORTO/CACHOEIRINHA), OPOSTO NUMERO 475;[List];V;FIXO;1717632000000;1704153600000;2;6641/6642;S
1098;-23.5497469999999;-46.680627;50 km/h;RUA HEITOR PENTEADO (CENTRO/BAIRRO), A MAIS 88 METROS DO VIADUTO DOUTOR ARNALDO;[List];R,V,Z;FIXO;;1713744000000;2;5234;N
1099;-23.519095;-46.709484;40 km/h;RUA JOHN HARRISON (BARRA FUNDA/LAPA), OPOSTO AO NUMERO 735;[List];R,V,Z;FIXO;;1719446400000;1;5235;N
1100;-23.543423;-46.7253801;50 km/h;AV PROF FONSECA RODRIGUES (V. LEOPOLDINA/PINHEIROS), A MAIS 267M DA PCA APECATU / AV PROF FONSECA RODRIGUES (PINHEIROS/V. LEOPOLDINA), A MENOS 26M DA R UBIRACICA;[List];R,V,Z;FIXO;;1716940800000;4;5240/5241;N
1101;-23.5202209999999;-46.7448479999999;40 km/h;R MAJOR PALADINO (V. DOS REMEDIOS/LAPA), A MAIS 23M DA PONTE DOS REMEDIOS;[List];R,V;FIXO;;1723766400000;2;5242;N
1102;-23.5281807;-46.6917947;40 km/h;RUA TITO (LAPA/PERDIZES), NUMERO 21;[List];R,V,Z;FIXO;;1721952000000;2;5243;N
1103;-23.56133;-46.646003;50 km/h;VD ARMANDO PUGLISI (PARAISO/CONSOLACAO), ALT DO N 911 DA R TREZE DE MAIO;[List];F,R,V,Z;FIXO;;1716854400000;2;5244;N
1104;-23.5418559999999;-46.663578;40 km/h;RUA ENGENHEIRO EDGAR EGIDIO DE SOUZA (SANTA CECILIA/PACAEMBU), NUMERO 303;[List];F,R,V,Z;FIXO;;1713830400000;2;5249;N
1105;-23.6019159999999;-46.6055169999999;40 km/h;AVENIDA DOUTOR GENTIL DE MOURA (CENTRO/BAIRRO), NUMERO 980;[List];R,V,Z;FIXO;;1718755200000;2;5250;N
1106;-23.5615999999999;-46.6268189999999;50 km/h;RUA DO LAVAPES (CENTRO/BAIRRO), NUMERO 598;[List];F,V,R,Z;FIXO;1756339200000;1712793600000;2;5253;N
1107;-23.572008;-46.6418269999999;50 km/h;RUA MAESTRO CARDIM (PARAISO/LIBERDADE), NUMERO 1251;[List];F,R,V,Z;FIXO;;1712016000000;2;5254;N
1108;-23.5840139999999;-46.6135329999999;40 km/h;RUA ENGENHEIRO RANULFO PINHEIRO DE LIMA (IPIRANGA/VILA MARIANA), NUMERO 74;[List];R,V;FIXO;;1718755200000;2;5259;N
1109;-23.589009;-46.6105899599999;50 km/h;AVENIDA NAZARE (CENTRO/BAIRRO), NUMERO 588;[List];EXD,R,V,Z;FIXO;;1722384000000;3;5267;N
1110;-23.59644003;-46.609749;50 km/h;AVENIDA NAZARE (BAIRRO/CENTRO), NUMERO 1361;[List];R,V,Z;FIXO;;1719878400000;3;5286;N
1111;-23.5760325;-46.6903074;40 km/h;ALAMEDA GABRIEL MONTEIRO DA SILVA (MARGINAL PINHEIROS/CENTRO), NUMERO 2453;[List];F,R,V,Z;FIXO;;1703030400000;2;5287;N
1112;-23.5376319599999;-46.6902079199999;50 km/h;AVENIDA POMPEIA (POMPEIA/MARGINAL TIETE), NUMERO 1603;[List];R,V,Z;FIXO;;1720656000000;3;5288;N
1113;-23.53693698;-46.68983604;50 km/h;AV POMPEIA (MARGINAL TIETE/POMPEIA), NUMERO 1536;[List];R,V,Z;FIXO;;1723593600000;3;5289;N
1114;-23.6004450299999;-46.65828204;50 km/h;AVENIDA INDIANOPOLIS (JABAQUARA/IBIRAPUERA), OPOSTO AO NUMERO 46;[List];F,R,V,Z;FIXO;1755734400000;1710806400000;4;5290;N
1115;-23.59562598;-46.6800548399999;50 km/h;AVENIDA BRIGADEIRO FARIA LIMA (PINHEIROS/ITAIM), NUMERO 4532;[List];F,R,V,Z;FIXO;;1713398400000;5;5293;N
1116;-23.60247903;-46.6023261599999;50 km/h;RUA BOM PASTOR (HELIOPOLIS/SACOMA), NUMERO 3019;[List];R,V,Z;FIXO;;1720137600000;3;5298;N
1117;-23.62540401;-46.6192990799999;50 km/h;AVENIDA DO CURSINO (BAIRRO/CENTRO) X PRACA ANTONIO PUGLIESE;[List];EXD,R,V,Z;FIXO;;1435795200000;3;5299;N
1118;-23.5851129899999;-46.6638861599999;50 km/h;AVENIDA REPUBLICA DO LIBANO (CENTRO/BAIRRO), NUMERO 528;[List];F,R,V,Z;FIXO;;1437004800000;3;5300;N
1119;-23.62668696;-46.63408392;50 km/h;AVENIDA FAGUNDES FILHO (JABAQUARA/CURSINO), NUMERO 789;[List];F,R,V,Z;FIXO;;1438041600000;2;5301;N
1120;-23.524587;-46.70751096;50 km/h;RUA BARAO DE JUNDIAI (BAIRRO/CENTRO), NUMERO 272;[List];R,V,Z;FIXO;1735084800000;1438041600000;4;5302;N
1121;-23.5587718;-46.6608812;50 km/h;RUA AUGUSTA (CENTRO/BAIRRO), NUMERO 1828;[List];F,R,V,Z;FIXO;;1703203200000;1;5304;N
1122;-23.5445836;-46.6541867;40 km/h;AVENIDA HIGIENOPOLIS (CENTRO/BAIRRO), NUMERO 235;[List];F,R,V,Z;FIXO;;1705363200000;2;5306;N
1123;-23.5624563;-46.6414629;40 km/h;RUA PEDROSO (LIBERDADE/BELA VISTA), NUMERO 258;[List];F,R,V,Z;FIXO;;1712016000000;3;5309;N
1124;-23.5422800099999;-46.65108816;30 km/h;RUA DONA VERIDIANA (CONSOLACAO/SANTA CECILIA), NUMERO 298;[List];F,R,Z;FIXO;;1436140800000;2;5310;N/A
1125;-23.546844;-46.67692104;50 km/h;AVENIDA PAULO VI (PERDIZES/PINHEIROS) NUMERO 2022;[List];EXD,R,V,Z;FIXO;;1721347200000;4;5313 1779;N
1126;-23.60419299;-46.65137508;60 km/h;AVENIDA RUBEM BERTA (AEROPORTO/SANTANA), A MAIS 70 METROS DO NUMERO 1377;[List];F,R,V,VR;FIXO;1756339200000;1712793600000;3;5317;N
1127;-23.567564;-46.6952219;50 km/h;RUA TEODORO SAMPAIO (BAIRRO/CENTRO), NUMERO 2883;[List];F,R,V,Z;FIXO;;1703203200000;4;5318;N
1128;-23.51109096;-46.7055388799999;50 km/h;AVENIDA ERMANO MARCHETTI (BAIRRO/CENTRO) A MAIS 150 METROS DA PONTE DO PIQUERI;[List];EXE,R,V,VR;FIXO;;1722297600000;4;5320;N
1129;-23.51526696;-46.69448904;50 km/h;AVENIDA ERMANO MARCHETTI (CENTRO/BAIRRO), A MAIS 40 METROS DA RUA CENNO SBRIGHI;[List];EXE,R,V,VR;FIXO;;1721779200000;4;5325;N
1130;-23.5154169899999;-46.69579584;50 km/h;AVENIDA ERMANO MARCHETTI (BAIRRO/CENTRO), A MAIS 38 METROS DA RUA DO CURTUME;[List];EXE,R,V,VR;FIXO;;1721347200000;4;5327;N
1131;-23.5113499799999;-46.70534808;50 km/h;AVENIDA ERMANO MARCHETTI (CENTRO/BAIRRO) A MENOS 160 METROS DA PONTE DO PIQUERI;[List];EXE,R,V,VR;FIXO;;1721174400000;4;5329;N
1132;-23.54146704;-46.7192919599999;50 km/h;AVENIDA PADRE PEREIRA DE ANDRADE (LAPA/PINHEIROS), OPOSTO AO NUMERO 519;[List];R,V,Z;FIXO;1724889600000;1421193600000;2;5330;N
1133;-23.523111;-46.6511569199999;50 km/h;R NORMA PIERUCCINI GIANNOTTI (B/C), A MENOS 10M DA AV RUDGE;[List];R,V,VR;FIXO;;1723766400000;4;5332;N
1134;-23.52278502;-46.65805704;50 km/h;R NORMA PIERUCCINI GIANNOTTI (CENTRO/BAIRRO), A MAIS 80M DA R JAMES HOLLAND;[List];EXE,R,V,VR;FIXO;;1721952000000;4;5334;N
1135;-23.5983559999999;-46.643738;40 km/h;R PEDRO DE TOLEDO (V MARIANA/IBIRAP) X R NAPOLEAO DE BARROS;[List];A,F,P,R,V,Z;FIXO;1756339200000;1711584000000;3;5340;N
1136;-23.6062690199999;-46.59388812;50 km/h;AV ALMIRANTE DELAMARE (SP/S CAETANO DO SUL), A MENOS 76M DA R CONEGO XAVIER;[List];EXD,V;FIXO;;1720137600000;3;5341;N
1137;-23.54348097;-46.64407104;40 km/h;PRACA DA REPUBLICA (CENTRO/BAIRRO), NUMERO 295;[List];F,R,V,Z;FIXO;1732060800000;1456272000000;3;5344;N
1138;-23.5646289899999;-46.64935116;40 km/h;ALAMEDA JOAQUIM EUGENIO DE LIMA (CENTRO/BAIRRO), NUMERO 286;[List];F,R,V,Z;FIXO;;1711411200000;3;5345;N
1139;-23.5644049799999;-46.6549959599999;50 km/h;ALAMEDA SANTOS (CONSOLACAO /PARAISO), NUMERO 1293;[List];F,R,V,Z;FIXO;;1707264000000;3;5351;N
1140;-23.551574;-46.7110562;50 km/h;AVENIDA PROFESSOR FONSECA RODRIGUES (PINHEIROS/CEASA), NUMERO 224;[List];R,V,Z;FIXO;;1703030400000;3;5352;N
1141;-23.5483910099999;-46.715076;50 km/h;AVENIDA PROFESSOR FONSECA RODRIGUES (CEASA/PINHEIROS), NUMERO 787;[List];R,V,Z;FIXO;;1712275200000;3;5353;N
1142;-23.578164;-46.6624789199999;50 km/h;AVENIDA BRASIL (IBIRAPUERA/PINHEIROS), NUMERO 126;[List];F,R,V,Z;FIXO;;1711411200000;3;5354;N
1143;-23.60517597;-46.6575609599999;40 km/h;ALAMEDA DOS NHAMBIQUARAS (BAIRRO/CENTRO), NUMERO 614;[List];F,R,V,Z;FIXO;;1712016000000;3;5359;N
1144;-23.5754180099999;-46.6448749199999;40 km/h;RUA AFONSO DE FREITAS (CENTRO/BAIRRO), NUMERO 320;[List];F,R,V,Z;FIXO;;1723420800000;1;5362;N
1145;-23.605443;-46.6593231599999;40 km/h;ALAMEDA DOS MARACATINS (CENTRO/BAIRRO), A MAIS 7M DA AVENIDA DIVINO SALVADOR;[List];F,R,V,Z;FIXO;;1711411200000;3;5363;N
1146;-23.7092929999999;-46.7032239999999;50 km/h;AVENIDA INTERLAGOS (CENTRO/BAIRRO), NUMERO 7250/AVENIDA INTERLAGOS (BAIRRO/CENTRO), NUMERO 7229;[List];V;FIXO;1707523200000;1705622400000;4;2524/2525;N
1147;-23.5366620299999;-46.7323531199999;50 km/h;AVENIDA DOUTOR GASTAO VIDIGAL (MARGINAL TIETE/PINHEIROS), OPOSTO AO NUMERO 2301;[List];R,V;FIXO;;1721952000000;4;5364;N
1148;-23.5670398;-46.6684232;40 km/h;RUA ESTADOS UNIDOS (IBIRAPUERA/PINHEIROS), NUMERO 1470;[List];F,R,V,Z;FIXO;;1704240000000;4;5365;N
1149;-23.55648804;-46.6601529599999;40 km/h;RUA HADDOCK LOBO (CENTRO/BAIRRO), NUMERO 403;[List];F,R,V,Z;FIXO;1711497600000;1439856000000;3;5366;N
1150;-23.6285150399999;-46.62551988;50 km/h;C. VIARIO MARIA MALUF (IPIRANGA/JABAQUARA), A MAIS 155M DO DESEMBOQUE DO TUNEL;[List];PR,V,VR;FIXO;1750723200000;1719187200000;5;5367;N
1151;-23.62860702;-46.62530892;50 km/h;C. VIARIO MARIA MALUF (JABAQUARA/IPIRANGA), A MENOS 122M DO EMBOQUE DO TUNEL;[List];PR,V,VR;FIXO;1749686400000;1718928000000;5;5368;N
1152;-23.58476001;-46.68214716;40 km/h;RUA IGUATEMI (ITAIM/PINHEIROS), NUMERO 192;[List];F,R,V,Z;FIXO;;1713398400000;3;5371;N
1153;-23.5836659699999;-46.67763888;40 km/h;RUA TABAPUA (ITAIM/JARDIM PAULISTA), NUMERO 711;[List];F,R,V,Z;FIXO;;1713916800000;3;5377;N
1154;-23.5963130399999;-46.6504711199999;50 km/h;AVENIDA PROFESSOR ASCENDINO REIS (BAIRRO/CENTRO), NUMERO 603;[List];F,R,V,Z;FIXO;1756339200000;1712620800000;2;5383;N
1155;-23.57908398;-46.6856420399999;50 km/h;AVENIDA BRIGADEIRO FARIA LIMA (ITAIM/PINHEIROS), NUMERO 2537;[List];F,R,V,Z;FIXO;;1714003200000;5;5399;N
1156;-23.521999;-46.668283;50 km/h;AV ANTARTICA (SUMARE/MARGINAL TIETE) X PCA LUIZ CARLOS MESQUITA;[List];A,P,R,V;FIXO;1769558400000;1450742400000;4;5415;N
1157;-23.6256109999999;-46.619387;40 km/h;AVENIDA DO CURSINO (CENTRO/BAIRRO) X RUA DOUTOR NESTOR ALBERTO DE MACEDO;[List];A,P,R,V,Z;FIXO;;1571011200000;3;5416;N
1158;-23.532142;-46.6583219999999;50 km/h;AV GENERAL OLIMPIO DA SILVEIRA (C/B) X R CONSELHEIRO BROTERO;[List];A,F,P,R,V,Z;FIXO;1769558400000;1444176000000;3;5417;N
1159;-23.6115999999999;-46.581484;50 km/h;AVENIDA ALMIRANTE DELAMARE (SAO CAETANO DO SUL/SAO PAULO), NUMERO 3031;[List];A,P,V;FIXO;;1438560000000;3;5418;N
1160;-23.6106489999999;-46.5955859999999;40 km/h;ESTRADA DAS LAGRIMAS (BAIRRO/CENTRO) X RUA VISCONDE DE MAGE;[List];A,P,V;FIXO;;1720137600000;1;5420;N
1161;-23.5241119999999;-46.7019599999999;40 km/h;RUA JEROAQUARA (CENTRO/BAIRRO) X RUA FAUSTOLO;[List];A,P,R,V,Z;FIXO;;1721865600000;3;5421;N
1162;-23.6255977;-46.6288525;50 km/h;AV PROF ABRAAO DE MORAIS (IMIG/IPIRAN) X R FRANCISCO TAPAJOS;[List];A,P,R,V,Z;FIXO;1756339200000;1710979200000;4;5424;N
1163;-23.4750711;-46.5918757;50 km/h;AVENIDA GUAPIRA (CENTRO/BAIRRO), NUMERO 1386/AVENIDA GUAPIRA (BAIRRO/CENTRO), OPOSTO NUMERO 1394;[List];V;FIXO;1717632000000;1707177600000;2;6718/6719;N
1164;-23.5035559;-46.6033977;50 km/h;AVENIDA JOAQUINA RAMALHO (CENTRO/BAIRRO), NUMERO 1500/AVENIDA JOAQUINA RAMALHO (BAIRRO/CENTRO), NUMERO 1511;[List];V;FIXO;1718064000000;1707177600000;2;6711/6712;N
1165;-23.5977199999999;-46.6006539999999;50 km/h;RUA SILVA BUENO (CENTRO/BAIRRO) X RUA CLEMENTE PEREIRA;[List];A,P,R,V,Z;FIXO;;1720137600000;2;5426;N
1166;-23.6167655;-46.6017516;50 km/h;VIA ANCHIETA (SAO PAULO/SANTOS) X RUA RIGA;[List];A,P,V;FIXO;;1716940800000;3;5427;N
1167;-23.508228;-46.5805386;40 km/h;AVENIDA CEREJEIRAS (BAIRRO/CENTRO), A MENOS 45 METROS DO NUMERO 790/AVENIDA CEREJEIRAS (CENTRO/BAIRRO), A MENOS 15 METROS DA RUA YORITOMO;[List];V;FIXO;1718236800000;1707436800000;2;6699/6700;S
1168;-23.614417;-46.6009474;50 km/h;VIA ANCHIETA (SANTOS/SAO PAULO), NUMERO 1405;[List];A,P,V;FIXO;;1720137600000;3;5428;N
1169;-23.583777;-46.6077069999999;40 km/h;RUA BOM PASTOR (BAIRRO/CENTRO) X RUA DOS PATRIOTAS;[List];A,P,R,V,Z;FIXO;1764201600000;1721260800000;3;5429;N
1170;-23.548556;-46.710427;40 km/h;AV DIOGENES RIBEIRO DE LIMA (LAPA/PIN) X AV SAO GUALTER;[List];A,P,R,V,Z;FIXO;;1438041600000;2;5430;N
1171;-23.5680906;-46.6925029;50 km/h;AVENIDA BRIGADEIRO FARIA LIMA (ITAIM/PINHEIROS), OPOSTO AO NUMERO 1134;[List];A,F,P,R,V,Z;FIXO;;1704240000000;3;5431;N
1172;-23.5553575;-46.6626684;50 km/h;RUA DA CONSOLACAO (CENTRO/BAIRRO) X AVENIDA PAULISTA;[List];A,F,P,R,V,Z;FIXO;;1719532800000;4;5433;N
1173;-23.507108;-46.698567;60/50 km/h;AV OTAVIANO ALVES DE LIMA (AS/CB), A MAIS 32M R LEO R DE MORAES;[List];V;FIXO;1710288000000;1707523200000;5;6848/7105/6849/7153;N
1174;-23.5521990966644;-46.6658371830392;40 km/h;R CAPIVARI (PACAEMBU/BARRA FUNDA),  A MAIS 28M DA R ITAQUERA;[List];F,R,V,Z;FIXO;;1721952000000;2;5447;N
1175;-23.5865019599999;-46.65430692;50 km/h;AV PEDRO ALVARES CABRAL (C/B), A MENOS 80M DO VD GENERAL MARCONDES SALGADO;[List];F,R,V,Z;FIXO;1756684800000;1710720000000;4;5463;N
1176;-23.6061669599999;-46.66832784;40 km/h;ALAMEDA JAUAPERI (BAIRRO/CENTRO), NUMERO 1120;[List];F,R,V,Z;FIXO;1722729600000;1448496000000;2;5464;N
1177;-23.570613;-46.6759580399999;50 km/h;R GROENLANDIA (PINHEIROS/ITAIM), NUMERO 1564;[List];F,R,V,Z;FIXO;1725148800000;1462320000000;2;5465;N
1178;-23.5654078;-46.6978555;40 km/h;R SUMIDOURO (CENTRO/BAIRRO), NUMERO 250;[List];R,V,Z;FIXO;;1703030400000;3;5466;N
1179;-23.52447297;-46.68340716;50 km/h;RUA CARLOS VICARI (CENTRO/BAIRRO), NUMERO 154;[List];R,V,Z;FIXO;;1721606400000;4;5467;N
1180;-23.52782196;-46.73389284;40 km/h;AV IMPERATRIZ LEOPOLDINA (BAIRRO/CENTRO), NUMERO 550;[List];R,V;FIXO;1733184000000;1571011200000;2;5468;N
1181;-23.54035104;-46.6754749199999;50 km/h;AV SUMARE (PINHEIROS/PERDIZES), NÚMERO 1231;[List];R,V,Z;FIXO;1732147200000;1449446400000;3;5470;N
1182;-23.5391259599999;-46.6750159199999;50 km/h;AV SUMARE (PERDIZES/PINHEIROS), NUMERO 1130;[List];R,V,Z;FIXO;1728172800000;1449446400000;3;5471;N
1183;-23.5637816;-46.6784374;50 km/h;R HENRIQUE SCHAUMANN (PINHEIROS/JARDINS), NUMERO 81;[List];F,R,V,Z;FIXO;1725494400000;1608681600000;4;5477;N/A
1184;-23.61021;-46.65508;60 km/h;AV MOREIRA GUIMARAES, PISTA EXPRESSA (SANTANA/AEROPORTO), NUMERO 398;[List];F,R,V,VR;FIXO;1749686400000;1719792000000;4;5506;N
1185;-23.5384350781892;-46.7304362259071;50 km/h;AV DOUTOR GASTAO VIDIGAL (PINHEIROS/VILA LEOPOLDINA), NÚMERO 2571;[List];R,V;FIXO;;1723593600000;4;5509;N
1186;-23.5704228001592;-46.6982866662523;50 km/h;R BUTANTA (BAIRRO/CENTRO), NUMERO 370;[List];F,R,V,Z;FIXO;;1711497600000;4;5510;N
1187;-23.5433659;-46.7322121;50 km/h;AV QUEIROZ FILHO (CENTRO/BAIRRO), NUMERO 1700;[List];A,P,R,V;FIXO;;1704153600000;4;5511;N
1188;-23.5437406;-46.7323803;50 km/h;AV QUEIROZ FILHO (BAIRRO/CENTRO), OPOSTO AO NUMERO 1700;[List];A,P,R,V;FIXO;;1704240000000;3;5512;N
1189;-23.5673316;-46.6488467;50 km/h;AV BRIGADEIRO LUIS ANTONIO (C/B) X AV PAULISTA;[List];A,F,P,R,V,Z;FIXO;;1717372800000;2;5513;N
1190;-23.565977;-46.636625;40 km/h;R TAMANDARE (CENTRO/BAIRRO), OPOSTO NUMERO 849;[List];F,R,Z;FIXO;;1711497600000;2;5515;N/A
1191;-23.5231535;-46.6871862;50 km/h;R GUAICURUS (CENTRO/BAIRRO), NUMERO 175;[List];R,V,Z;FIXO;;1720656000000;3;5516;N
1192;-23.5183917;-46.679038;50 km/h;AV NICOLAS BOER (POMPEIA/MARGINAL TIETE), NÚMERO 66;[List];R,V;FIXO;;1724025600000;3;5517;N
1193;-23.5977773343823;-46.6755646866029;50 km/h;AV HELIO PELLEGRINO (CENTRO/BAIRRO), A MENOS 60M DA R CLODOMIRO AMAZONAS;[List];F,R,V,Z;FIXO;;1712188800000;3;5519;N
1194;-23.5782662345027;-46.6626929266062;50 km/h;AV BRASIL (PINHEIROS/IBIRAPUERA), NUMERO 131;[List];F,R,V,Z;FIXO;;1711497600000;3;5521;N
1195;-23.5801005744073;-46.6620900634502;50 km/h;R MANUEL DA NOBREGA (CENTRO/BAIRRO), NUMERO 1920;[List];F,V,R,Z;FIXO;;1506297600000;3;5522;N
1196;-23.580359;-46.6620746;50 km/h;R MANUEL DA NOBREGA (BAIRRO/CENTRO), OPOSTO NUMERO 1920;[List];F,V,R,Z;FIXO;;1506297600000;3;5523;N
1197;-23.5947562;-46.6647577;50 km/h;AV REPUBLICA DO LIBANO (CENTRO/BAIRRO), A MENOS 52M AV IV CENTENARIO;[List];F,V,R,Z;FIXO;;1506297600000;3;5526;N
1198;-23.542285;-46.647968;50 km/h;R AMARAL GURGEL (SANTA CECILIA /CONSOLACAO), NUMERO 58;[List];F,R,V,Z;FIXO;;1722556800000;3;5535;N
1199;-23.5496209604312;-46.6826372111287;50 km/h;R HEITOR PENTEADO (BAIRRO/CENTRO), A MAIS 25M DA R CRISTIANO VIANA;[List];R,V,Z;FIXO;1738540800000;1710979200000;3;5536;N
1200;-23.5211133840313;-46.7272634317578;40 km/h;R GUAIPA (BAIRRO/CENTRO), NUMERO 509;[List];R,Z;FIXO;1731888000000;1504137600000;1;5538;N/A
1201;-23.5210327460113;-46.7272968273015;40 km/h;R GUAIPA (CENTRO/BAIRRO),OPOSTO NUMERO 509;[List];R,Z;FIXO;1731888000000;1504137600000;1;5539;N/A
1202;-23.5486309;-46.6687682;40 km/h;R DES PAULO PASSALAQUA (PERDIZES/JD PAULISTA), A MAIS 30M DA PCA HELENA S SALTO;[List];F,R,Z,V;FIXO;1769558400000;1517184000000;2;5541;N
1203;-23.59692;-46.65047;50 km/h;AV PROF ASCENDINO REIS (CENTRO/BAIRRO), NUMERO 830;[List];F,V,R,Z;FIXO;1756339200000;1712620800000;2;5555;N
1204;-23.5691148;-46.6716529;50 km/h;RUA COLOMBIA (BAIRRO/CENTRO), A MAIS 32M DA AV. BRASIL;[List];F,R,V,Z;FIXO;;1713744000000;2;5572;N
1205;-23.5691024;-46.67172743;50 km/h;RUA COLOMBIA (CENTRO/BAIRRO), A MENOS  25M DA AV. BRASIL;[List];F,R,V,Z;FIXO;;1713744000000;2;5573;N
1206;-23.5808332;-46.6494241;60 km/h;AV VINTE E TRES DE MAIO (SANTANA/AEROPORTO) A MENOS 28M DO VIADUTO TUTOIA;[List];F,V,R,VR;FIXO;1749686400000;1719878400000;6;5582;N
1207;-23.5947952;-46.6215216;50 km/h;AV DR RICARDO JAFET (IPIRANGA/IMIGRANTES), A MENOS 23M  DO VIADUTO SAIOA;[List];R,V,Z;FIXO;1751328000000;1720137600000;7;5583;N
1208;-23.6264647;-46.617022;50 km/h;COMPLEXO VIARIO MARIA MALUF (ANC/IMIGRA), A MENOS 25M DO EMBOQUE DO TUNEL;[List];V;FIXO;1757548800000;1714089600000;3;5585;N
1209;-23.6267525;-46.6169544;50 km/h;COMPLEXO VIARIO MARIA MALUF (IMIG/ANCHI), A MAIS 12M DO DESEMBOQUE DO TUNEL;[List];V;FIXO;1749686400000;1719964800000;3;5586;N
1210;-23.55587;-46.66654;40 km/h;TUNEL NOITE ILUSTRADA (REBOUCAS/DR ARNALDO), A MAIS 15M DO DESEMBOQUE DO TUNEL;[List];R,V;FIXO;1730851200000;1645747200000;2;5587;N
1211;-23.5871733;-46.6744826;50 km/h;COMPL VIÁRIO TRIB DE JUSTICA DO EST SP (PIN/IB) A MENOS 107M DO EMBOQUE DO TUNEL;[List];R,V;FIXO;;1721606400000;2;5588;N
1212;-23.5851715;-46.6687486;50 km/h;COMPL VIARIO TRIB DE JUSTICA DO EST SP (IB/PIN) A MENOS 125M DO EMBOQUE DO TUNEL;[List];R,V;FIXO;;1721606400000;2;5589;N
1213;-23.5910951;-46.6874932;50 km/h;TUNEL PRESIDENTE JANIO QUADROS (IBIRAP/PINH) A MENOS 192M  DO EMBOQUE DO TUNEL;[List];V;FIXO;;1718928000000;2;5590;N
1214;-23.5912092;-46.6874033;50 km/h;TUNEL SEBASTIAO CAMARGO (PINH/IBIRAP) A MAIS 192M DO DESEMBOQUE DO TUNEL;[List];V;FIXO;;1718928000000;2;5591;N
1215;-23.5971953;-46.6508667;60 km/h;AV RUBEM BERTA (SANTANA/AEROPORTO), A MENOS 34M DO VIADUTO PEDRO DE TOLEDO;[List];F,R,V,VR;FIXO;;1719878400000;4;5592;N
1216;-23.5471966;-46.6475435;50 km/h;R AMARAL GURGEL  (PENHA/LAPA) A MENOS 100M DO N° 489;[List];F,R,V,Z;FIXO;1728172800000;1659052800000;3;5595;N
1217;-23.496879;-46.6309766999999;40 km/h;RUA CONEGO MANUEL VAZ (CENTRO/BAIRRO),NUMERO 412;[List];V;FIXO;;1706054400000;2;6607;N
1218;-23.4613667;-46.6841379;40 km/h;AVENIDA DEPUTADO CANTIDIO SAMPAIO (BAIRRO/CENTRO), NUMERO 2145;[List];V;FIXO;;1717372800000;1;6628;S
1219;-23.4478033;-46.7029909;40 km/h;AV DEP CANTIDIO SAMPAIO, BAIRRO/CENTRO X R JOSE EDUARDO PEREIRA II;[List];V;FIXO;;1717372800000;1;6635;S
1220;-23.499873;-46.6085099;40 km/h;AVENIDA CONCEICAO (BAIRRO/CENTRO), NUMERO 493;[List];V;FIXO;;1705276800000;1;6657;N
1221;-23.461025;-46.615519;50 km/h;AV NOVA CANTAREIRA (CENTRO/BAIRRO), A MENOS 12M DA R CONEGO ARNALDO CAIAFFA;[List];V;FIXO;;1704240000000;2;6662;N
1222;-23.460596;-46.6156066;50 km/h;AVENIDA NOVA CANTAREIRA (BAIRRO/CENTRO), NUMERO 4601;[List];V;FIXO;;1704326400000;2;6663;N
1223;-23.515538;-46.647456;40 km/h;AVENIDA OLAVO FONTOURA (SANTANA/MARGINAL), NUMERO 1800;[List];V;FIXO;;1705363200000;3;6664;N
1224;-23.507166;-46.6467681;50 km/h;AVENIDA BRAZ LEME (MARGINAL/SANTANA),OPOSTO NUMERO 1315;[List];V;FIXO;;1710806400000;4;6665;N
1225;-23.506822;-46.6468539;50 km/h;AVENIDA BRAZ LEME (SANTANA/MARGINAL),NUMERO 1315;[List];V;FIXO;;1722297600000;4;6666;N
1226;-23.487024;-46.6463623;50 km/h;AVENIDA ENGENHEIRO CAETANO ALVARES (BAIRRO/CENTRO), NUMERO 4339;[List];V;FIXO;;1702857600000;2;6667;N
1227;-23.518106;-46.6303083;40 km/h;AVENIDA ASSIS CHATEAUBRIAND (A. SENNA/C. BRANCO), ALCA DA PONTE DAS BANDEIRAS;[List];R,S;FIXO;;1714003200000;2;6670;N/A
1228;-23.4602748;-46.6429593;40 km/h;AVENIDA SANTA INES (CENTRO/BAIRRO), NUMERO 3200;[List];V;FIXO;1731801600000;1701993600000;1;6675;N
1229;-23.4603904;-46.642978;40 km/h;AVENIDA SANTA INES (BAIRRO/CENTRO), OPOSTO NUMERO 3200;[List];V;FIXO;1731801600000;1701993600000;1;6676;N
1230;-23.4855426;-46.740006;50 km/h;AVENIDA MUTINGA (PIRITUBA/ANHANGUERA),NUMERO 1406;[List];A,P,V;FIXO;1769558400000;1422921600000;2;6677;N
1231;-23.4856219;-46.740222;50 km/h;AVENIDA MUTINGA (ANHANGUERA/PIRITUBA),NUMERO 1425;[List];A,P,V;FIXO;;1764288000000;2;6678;N
1232;-23.4627715;-46.6541712;50 km/h;AVENIDA MARIANA CALIGIORI RONCHETTI (CENTRO/BAIRRO), NUMERO 202A;[List];V;FIXO;1764028800000;1699574400000;1;6686;N
1233;-23.4600558;-46.6539892;50 km/h;AVENIDA MARIANA CALIGIORI RONCHETTI (BAIRRO/CENTRO), A MENOS 20M NUMERO 237;[List];V;FIXO;1764028800000;1699574400000;1;6687;N
1234;-23.4853202;-46.5828873;40 km/h;AV GUSTAVO ADOLFO (B/C), A MENOS 14M DA R JOAO DE SOUTO MAIOR;[List];V;FIXO;;1705363200000;1;6688;N
1235;-23.4949927;-46.5814263;40 km/h;AVENIDA CONCEICAO (CENTRO/BAIRRO) X RUA REVERENDO ISRAEL VIEIRA FERREIRA;[List];A,P,V;FIXO;;1701302400000;1;6692;N
1236;-23.449193;-46.7216;50 km/h;AVENIDA RAIMUNDO PEREIRA DE MAGALHAES (PERUS/PIRITUBA), NUMERO 10535;[List];V;FIXO;1753660800000;1417046400000;2;6694;N
1237;-23.4489602;-46.7215181;50 km/h;AVENIDA RAIMUNDO PEREIRA DE MAGALHAES (PIRITUBA/PERUS), NUMERO 10662;[List];V;FIXO;1753660800000;1419552000000;2;6695;N
1238;-23.4935607;-46.6229734;40 km/h;RUA DOUTOR ZUQUIM (CENTRO/BAIRRO), NUMERO 1340;[List];V;FIXO;;1717632000000;2;6715;N
1239;-23.4793479;-46.6622341;40 km/h;AVENIDA IMIRIM (BAIRRO/CENTRO), NUMERO 3749;[List];V;FIXO;;1705276800000;2;6732;N
1240;-23.5014157;-46.6376501;40 km/h;RUA DOUTOR CESAR (BAIRRO/CENTRO), A MENOS 12M DA RUA CAPITAO MANUEL NOVAIS;[List];V; FIXO;;1704758400000;2;6736;N
1241;-23.4104042;-46.7761784;50 km/h;ESTRADA DE PERUS (ANHANGUERA/PERUS), A MENOS 20 METROS NUMERO 1600;[List];V;FIXO;;1709078400000;1;6738;N
1242;-23.5083215;-46.7325744;50 km/h;RUA INACIO LUIS DA COSTA (CENTRO/BAIRRO), NUMERO 1098;[List];V;FIXO;;1724371200000;3;6741;N
1243;-23.490568;-46.7506008;50 km/h;AVENIDA MUTINGA (PIRITUBA/ANHANGUERA),NUMERO 2962;[List];V;FIXO;1732406400000;1424736000000;1;6750;N
1244;-23.4652914;-46.6657333;50 km/h;RUA AFONSO LOPES VIEIRA (CENTRO/BAIRRO), NUMERO 458;[List];V;FIXO;;1701302400000;2;6751;N
1245;-23.4650804;-46.6658029;50 km/h;RUA AFONSO LOPES VIEIRA (BAIRRO/CENTRO), NUMERO 457;[List];V;FIXO;;1701302400000;2;6752;N
1246;-23.5156619;-46.6442068;40 km/h;AVENIDA OLAVO FONTOURA (MARGINAL/SANTANA), OPOSTO NUMERO 1400;[List];V;FIXO;;1705363200000;3;6759;N
1247;-23.4873122;-46.6462423;50 km/h;AVENIDA ENGENHEIRO CAETANO ALVARES (CENTRO/BAIRRO), NUMERO 4358;[List];V;FIXO;;1701388800000;2;6760;N
1248;-23.4848207;-46.7231177;50 km/h;AVENIDA RAIMUNDO PEREIRA DE MAGALHAES (CENTRO/BAIRRO) , NUMERO 5374;[List];V;FIXO;;1717977600000;3;6761;N
1249;-23.4844768;-46.7230692;50 km/h;AVENIDA RAIMUNDO PEREIRA DE MAGALHAES (BAIRRO/CENTRO), NUMERO 5435;[List];V;FIXO;;1717977600000;3;6762;N
1250;-23.5004944;-46.7529269;40 km/h;AVENIDA MUTINGA (ANHANGUERA/PIRITUBA) X RUA WILLIAN FURNEAU;[List];A,V;FIXO;1764201600000;1422921600000;1;6764;N
1251;-23.5004544;-46.7527177;40 km/h;AVENIDA MUTINGA (PIRITUBA/ANHANGUERA) X RUA WILLIAN FURNEAU;[List];A,V;FIXO;1764201600000;1422921600000;1;6765;N
1252;-23.4949895;-46.5809791;40 km/h;AVENIDA CONCEICAO (BAIRRO/CENTRO) X RUA REVERENDO ISRAEL VIEIRA FERREIRA;[List];A,P,V;FIXO;;1701302400000;1;6802;N
1253;-23.4982629;-46.6416686;40 km/h;AV IMIRIM (VL N CACHOEIRINHA/SANTANA) X R CLARA CAMARAO;[List];A,V,P;FIXO;1731456000000;1424736000000;1;6818;N
1254;-23.5046785;-46.7184657;50 km/h;AVENIDA RAIMUNDO PEREIRA DE MAGALHAES(BAIRRO/CENTRO), NUMERO 2001;[List];A,P,V;FIXO;1764201600000;1424736000000;2;6819;N
1255;-23.506042;-46.717349;50 km/h;AVENIDA RAIMUNDO PEREIRA DE MAGALHAES (CENTRO/BAIRRO), NUMERO 1652;[List];V;FIXO;;1720656000000;3;6820;N
1256;-23.4741094;-46.6367863;30 km/h;AVENIDA ZUMKELLER (SANTANA/HORTO) X AVENIDA DIREITOS HUMANOS;[List];A,CPE,P;FIXO;1765152000000;1443139200000;1;6821;N/A
1257;-23.4740744;-46.6367048;30 km/h;AVENIDA ZUMKELLER (HORTO/SANTANA) X AVENIDA DIREITOS HUMANOS;[List];A,CPE,P;FIXO;1765152000000;1443139200000;1;6822;N/A
1258;-23.5062171;-46.667373;40 km/h;RUA DOMINGOS TORRES (CENTRO/BAIRRO) X RUA TANGERINAS;[List];A,P;FIXO;;1716854400000;2;6825;N/A
1259;-23.4062836;-46.7553032;40 km/h;PRACA LUIS NERI (CAIEIRAS/ANHANGUERA) X RUA ANTONIO MAIA;[List];A,P,V;FIXO;1769558400000;1434931200000;2;6826;N
1260;-23.4066145;-46.7555838;40 km/h;AV DOUTOR SYLVIO DE CAMPOS (ANHANGUERA/CAIEIRAS), A MAIS 6 METROS NUMERO 193;[List];A,P,V;FIXO;1769558400000;1434931200000;2;6827;N
1261;-23.475356;-46.7535432;50 km/h;ESTRADA TURISTICA DO JARAGUA (ANHANGUERA/JARAGUA), NUMERO 2340;[List];V;FIXO;1733184000000;1439164800000;1;6836;N
1262;-23.474713;-46.75423;50 km/h;ESTRADA TURISTICA DO JARAGUA (JARAGUA/ANHANGUERA) A MENOS 28 METROS NUMERO 2365;[List];V;FIXO;1733184000000;1439164800000;1;6837;N
1263;-23.463918;-46.754201;50 km/h;ESTRADA TURISTICA DO JARAGUA (ANHANG/JARAG), A MENOS 53M DA R COM JOSE DE MATOS;[List];V;FIXO;1753747200000;1445558400000;1;6852;N
1264;-23.463963;-46.754287;50 km/h;ESTRADA TURISTICA DO JARAGUA (JARAG/ANHANG), A MAIS 30M DA R COM JOSE DE MATOS;[List];V;FIXO;1753660800000;1431388800000;1;6853;N
1265;-23.4895782;-46.7171769;50 km/h;AVENIDA PAULA FERREIRA (CENTRO/BAIRRO), NUMERO 2642;[List];V;FIXO;1733270400000;1431388800000;1;6859;N
1266;-23.5016473;-46.7096185;50 km/h;AVENIDA PAULA FERREIRA (BAIRRO/CENTRO), NUMERO 1039;[List];V;FIXO;1733184000000;1431388800000;1;6860;N
1267;-23.4796129;-46.70768;50 km/h;AVENIDA FUAD LUTFALLA (CENTRO/BAIRRO),OPOSTO NUMERO 1191;[List];V;FIXO;;1715299200000;3;6865;N
1268;-23.4795611;-46.7078985;50 km/h;AVENIDA FUAD LUTFALLA (BAIRRO/CENTRO),NUMERO 1191;[List];V;FIXO;;1715299200000;3;6866;N
1269;-23.4021496;-46.7201265;50 km/h;AV RAIMUNDO P DE MAGALHAES (PIRIT/PERUS), A MENOS 154M ALCA DE ACESSO RODOANEL;[List];V;FIXO;;1718064000000;3;6867;N
1270;-23.5040203;-46.6313641;50 km/h;AVENIDA BRAZ LEME (MARGINAL/SANTANA),OPOSTO NUMERO 2947;[List];V;FIXO;;1710806400000;4;6892;N
1271;-23.518245;-46.629584;50 km/h;MARGINAL TIETE, PTA CENTRAL (A. SENNA/C.BRANCO) A MENOS 28M PONTE DAS BANDEIRAS;[List];MT,R,V,VR;FIXO;1757548800000;1713484800000;4;6977;N
1272;-23.4777309;-46.6714238;50 km/h;AV DEPUTADO EMILIO CARLOS (CENTRO/BAIRRO), A MAIS 18M R EDSON ANDRADE SILVA;[List];A,P,V;FIXO;1764028800000;1705363200000;1;6988;N
1273;-23.4775538;-46.671425;50 km/h;AV DEPUTADO EMILIO CARLOS (BAIRRO/CENTRO), A MENOS 17M R EDSON ANDRADE SILVA;[List];A,P,V;FIXO;1764028800000;1705363200000;1;6989;N
1274;-23.4945103;-46.6246446;40 km/h;RUA JOSE DEBIEUX (BAIRRO/CENTRO) OPOSTO NUMERO 282;[List];V;FIXO;1731801600000;1704931200000;2;7171;N
1275;-23.48788;-46.62636;50 km/h;R VOLUNTARIOS DA PATRIA (C/B) X R DR LUIS LUSTOSA DA SILVA;[List];A,P;FIXO;;1718323200000;2;7185;N/A
1276;-23.4103618;-46.7762242;50 km/h;EST DE PERUS (PERUS/ANHANG), OPOSTO AO N 1600;[List];V;FIXO;;1717977600000;2;7186;N
1277;-23.587778;-46.664124;50 km/h;AV REPUBLICA DO LIBANO (BAIRRO/CENTRO) X AV ANTÔNIO J DE MOURA ANDRADE;[List];A,F,P,R,V,Z;FIXO;1756339200000;1712620800000;4;7599;N
1278;-23.5451964;-46.6925666;50 km/h;RUA HEITOR PENTEADO (CENTRO/BAIRRO), NUMERO 1528;[List];F,R,V,Z;FIXO;;1713225600000;2;9281;N
1279;-23.5374198;-46.6544943;50 km/h;AV ANGELICA (HIGIENOPOLIS/BARRA FUNDA), NUMERO 511;[List];F,R,V,Z;FIXO;;1720569600000;2;9283;N/A
1280;-23.5848126;-46.688206;50 km/h;AVENIDA CIDADE JARDIM (CENTRO/BAIRRO), A MAIS 85 METROS DO NUMERO 924;[List];F,R,V,VR;FIXO;;1721779200000;2;9284;N
1281;-23.5981659999999;-46.7471579999999;50 km/h;AVENIDA PIRAJUSSARA (BAIRRO/CENTRO) A MENOS 270M DA RUA CAMINHO DO ENGENHO;[List];V;FIXO;;1706832000000;3;2404/2405;N
1282;-23.598627;-46.740971;50 km/h;AV PROFESSOR FRANCISCO MORATO (BAIRRO/CENTRO) A MENOS 70M DA R DAVID MATARASSO;[List];EXE,V,VR;FIXO;;1719532800000;3;2406/2407;N
1283;-23.632445;-46.681445;50 km/h;AVENIDA PROFESSOR VICENTE RAO (DIADEMA/MARGINAL) OPOSTO AO NUMERO 894;[List];EXE,V;FIXO;;1716249600000;4;2410/2411;N
1284;-23.632242;-46.681786;50 km/h;AVENIDA PROFESSOR VICENTE RAO (MARGINAL/DIADEMA) NUMERO 860;[List];EXE,V;FIXO;;1716854400000;4;2412/2413;N
1285;-23.690418;-46.68652;50 km/h;RUA MIGUEL YUNES (BAIRRO/CENTRO) A MENOS 45 METROS DA RUA TABARE;[List];V;FIXO;1747612800000;1694736000000;5;2418/2909;N
1286;-23.690521;-46.6866229999999;50 km/h;RUA MIGUEL YUNES (CENTRO/BAIRRO) A MENOS 170 METROS DO NUMERO 343;[List];V;FIXO;1747612800000;1694736000000;4;2419/2910;N
1287;-23.674623;-46.712299;50 km/h;AVENIDA ATLANTICA (BAIRRO/CENTRO) A MAIS 91,5 METROS DA AVENIDA DO RIO BONITO;[List];EXE,V;FIXO;1747612800000;1694476800000;3;2422/2423;N
1288;-23.6958659999999;-46.715122;50 km/h;AVENIDA ATLANTICA (CENTRO/BAIRRO) A MENOS 12 METROS DA RUA PORTO ARTUR;[List];EXE,V;FIXO;1726444800000;1693785600000;3;2424/2425;N
1289;-23.6743789999999;-46.7123149999999;50 km/h;AVENIDA ATLANTICA (CENTRO/BAIRRO) NUMERO 1000;[List];EXE,V;FIXO;1726444800000;1693526400000;3;2426/2427;N
1290;-23.695768;-46.714737;50 km/h;AVENIDA ATLANTICA (BAIRRO/CENTRO) A MENOS 20,8 METROS DO NUMERO 3771;[List];EXE,V;FIXO;1755734400000;1710201600000;3;2428/2429;N
1291;-23.739633;-46.702238;50 km/h;AVENIDA SENADOR TEOTONIO VILELA (CENTRO/BAIRRO) NUMERO 4548;[List];EXE,V;FIXO;1747612800000;1697414400000;3;2430/2431;N
1292;-23.6584889999999;-46.663792;50 km/h;AVENIDA VEREADOR JOAO DE LUCA (MARGINAL/DIADEMA) NR 1790;[List];EXE,V;FIXO;1726617600000;1693526400000;4;2434/2435;N
1293;-23.65848;-46.6635319999999;50 km/h;AV VEREADOR JOAO DE LUCA (DIAD/MARG) A MAIS 20M DA TV OCTAVIO DE ABREU SAMPAIO;[List];EXE,V;FIXO;1747612800000;1698105600000;4;2436/2437;N
1294;-23.637001;-46.693634;50 km/h;AV VEREADOR JOSE DINIZ (CENTRO/BAIRRO), A MAIS 92M DA R AMERICO BRASILIENSE;[List];EXE,V;FIXO;;1719964800000;3;2483/2484;N
1295;-23.656115;-46.735889;40 km/h;AVENIDA MARIA COELHO DE AGUIAR (BAIRRO/CENTRO), NUMERO 1359/AVENIDA MARIA COELHO DE AGUIAR (CENTRO/BAIRRO), NUMERO 1368;[List];V;FIXO;;1699315200000;2;2489/2490;S
1296;-23.663698;-46.649928;40 km/h;AVENIDA RODRIGUES MONTEMOR (BAIRRO/CENTRO), NUMERO 533/AVENIDA RODRIGUES MONTEMOR (CENTRO/BAIRRO), OPOSTO AO NUMERO 533;[List];V;FIXO;1747612800000;1695772800000;2;2498/2499;N
1297;-23.6360859999999;-46.650806;40 km/h;AVENIDA PEDRO BUENO (BAIRRO/CENTRO), NUMERO 935/AVENIDA PEDRO BUENO (CENTRO/BAIRRO), NUMERO 826;[List];V;FIXO;1751328000000;1699228800000;4;2500/2501;S
1298;-23.671022;-46.6963269999999;40 km/h;AVENIDA ENGENHEIRO ALBERTO ZAGOTTIS (CENTRO/BAIRRO), OPOSTO AO NUMERO 387/AVENIDA ENGENHEIRO ALBERTO ZAGOTTIS (BAIRRO/CENTRO), NUMERO 349;[List];V;FIXO;1751328000000;1705622400000;4;2502/2503;S
1299;-23.690451;-46.6436769999999;40 km/h;AVENIDA ANGELO CRISTIANINI (CENTRO/BAIRRO), OPOSTO AO NUMERO 1419/AVENIDA ANGELO CRISTIANINI (BAIRRO/CENTRO), NUMERO 1419;[List];V;FIXO;1755734400000;1724284800000;2;2504/2505;S
1300;-23.622063;-46.759075;40 km/h;ESTRADA DO CAMPO LIMPO (VILA SONIA/CAMPO LIMPO), NUMERO 5211/ESTRADA DO CAMPO LIMPO (CAMPO LIMPO/VILA SONIA), NUMERO 5214;[List];V;FIXO;;1717372800000;4;2506/2507;S
1301;-23.678425;-46.772202;40 km/h;AVENIDA COMENDADOR SANTANNA (M BOI/ITAPECERICA), NUMERO 1371/AVENIDA COMENDADOR SANTANNA (ITAPECERICA/M BOI), NUMERO 1370;[List];V;FIXO;1753228800000;1416009600000;2;2510/2511;S
1302;-23.649647;-46.642803;40 km/h;AVENIDA FRANCISCO DE PAULA QUINTANILHA RIBEIRO (CENTRO/BAIRRO), NUMERO 280/AVENIDA FRANCISCO DE PAULA QUINTANILHA RIBEIRO (BAIRRO/CENTRO), OPOSTO AO NR 280;[List];V;FIXO;1749686400000;1695600000000;2;2512/2513;N
1303;-23.60829;-46.725842;50 km/h;AV GIOVANNI GRONCHI (CENTRO/BAIRRO), A MENOS 47M DA R ANTONIO JULIO DOS SANTOS/AVENIDA GIOVANNI GRONCHI (BAIRRO/CENTRO), MENOS 20M DA RUA PASQUALE GALLUPI;[List];V,VR;FIXO;1719964800000;1699833600000;4;2515/2516;N
1304;-23.6168559999999;-46.7357749999999;40 km/h;RUA MARECHAL HASTINFILO DE MOURA (MORA TO/GIOVANNI), NUMERO 233/RUA MARECHAL HASTINFILO DE MOURA (GIOVANNI/MORATO), OPOSTO AO NUMERO 233;[List];V;FIXO;;1714435200000;2;2518/2519;N
1305;-23.5829239999999;-46.7496829999999;50 km/h;AV ENGENHEIRO HEITOR ANTONIO EIRAS GARCIA (BUTANTA/RAPOSO), OPOSTO AO NR 1927/AVENIDA ENGENHEIRO HEITOR ANTONIO EIRAS GARCIA (RAPOSO/BUTANTA), NUMERO 1927;[List];V;FIXO;;1714435200000;2;2520/2521;N
1306;-23.678408;-46.776909;40 km/h;RUA HENRIQUE SAM MINDLIN (ITAPECERICA/M BOI), NUMERO 407/RUA HENRIQUE SAM MINDLIN (M BOI/ITAPECERICA), NUMERO 408;[List];V;FIXO;;1727308800000;2;2522/2523;N
1307;-23.7092929999999;-46.7032239999999;50 km/h;AVENIDA INTERLAGOS (CENTRO/BAIRRO), NUMERO 7250/AVENIDA INTERLAGOS (BAIRRO/CENTRO), NUMERO 7229;[List];V;FIXO;1751328000000;1707523200000;4;2524/2525;N
1308;-23.6334597;-46.7305278;40 km/h;RUA JOSE RAMON URTIZA (GIOVANNI/MARGINAL PINHEIROS), NUMERO 660/RUA JOSE RAMON URTIZA (MARGINAL PINHEIROS/GIOVANNI), NUMERO 901;[List];V;FIXO;;1706054400000;4;2526/2527;N
1309;-23.702368;-46.782981;40 km/h;ESTRADA DO M BOI MIRIM (CENTRO/BAIRRO), NUMERO 6880/ESTRADA DO M BOI MIRIM (BAIRRO/CENTRO), OPOSTO AO NUMERO 6880;[List];V;FIXO;1727049600000;1418342400000;2;2528/2529;S
1310;-23.672201;-46.710064;40 km/h;RUA OLIVIA GUEDES PENTEADO (BAIRRO/CENTRO), NUMERO 573/RUA OLIVIA GUEDES PENTEADO (CENTRO/BAIRRO), OPOSTO AO NUMERO 573;[List];V;FIXO;1752710400000;1724284800000;4;2530/2531;S
1311;-23.5459999999999;-46.7505949999999;40 km/h;AVENIDA PRESIDENTE ALTINO (JAGUARE/RIO PEQUENO), NUMERO 1141/AVENIDA PRESIDENTE ALTINO (RIO PEQUENO/JAGUARE), NUMERO 1138;[List];V;FIXO;1714521600000;1690243200000;2;2533/2534;S
1312;-23.693445;-46.7015529999999;40 km/h;AVENIDA DO RIO BONITO (INTERLAGOS/GUARAPIRANGA), NUMERO 2345/AVENIDA DO RIO BONITO (GUARAPIRANGA/INTERLAGOS), OPOSTO AO NUMERO 2345;[List];V;FIXO;1751328000000;1720569600000;4;2535/2536;S
1313;-23.688969;-46.6800649999999;50 km/h;AVENIDA NOSSA SENHORA DO SABARA (CENTRO/BAIRRO), A MAIS 143,5M DA RUA TABARE;[List];V;FIXO;1747612800000;1695772800000;3;2544/2545;N
1314;-23.6667209999999;-46.654865;50 km/h;AVENIDA CUPECE (DIADEMA/MARGINAL), A MENOS 14M DA RUA ANALIA MARIA DE JESUS;[List];EXE,V;FIXO;1755734400000;1710115200000;4;2546/2547;N
1315;-23.6764909999999;-46.641834;50 km/h;AVENIDA CUPECE (DIADEMA/MARGINAL), A MAIS 26 METROS DA RUA JOSE VIRGINIO SIMOES;[List];EXE,V;FIXO;1755734400000;1710028800000;4;2548/2549;N
1316;-23.7125069999999;-46.7098239999999;50 km/h;AVENIDA ATLANTICA (BAIRRO/CENTRO), A MENOS 18 METROS DA RUA NICOLAU MAGNOLI;[List];EXE,V;FIXO;1755734400000;1710201600000;3;2550/2551;N
1317;-23.573138;-46.737561;50 km/h;AV CORIFEU DE AZEVEDO MARQUES (BAIRRO/CENTRO), A MAIS 190M DA R AMORIM CASTRO;[List];EXD,V;FIXO;1714521600000;1417737600000;2;2552/2553;N
1318;-23.570658;-46.740303;50 km/h;AV CORIFEU DE AZEVEDO MARQUES (C/B) A MAIS 92M DA R PROF GABRIEL ST DE CARVALHO;[List];EXD,V;FIXO;1714521600000;1698105600000;2;2554/2555;N
1319;-23.744596;-46.706833;50 km/h;AVENIDA SENADOR TEOTONIO VILELA (BAIRRO/CENTRO), NUMERO 5351;[List];EXE,V;FIXO;1749686400000;1699228800000;3;2556/2557;N
1320;-23.764315;-46.7165299999999;50 km/h;AV SENADOR TEOTONIO VILELA (CENTRO/BAIRRO), A MENOS 10M DA R BALNEARIO S JOSE;[List];EXE,V;FIXO;1749686400000;1706745600000;3;2558/2559;N
1321;-23.645851;-46.710109;50 km/h;AVENIDA JOAO DIAS (CENTRO/BAIRRO), A MAIS 24,7 METROS DO NUMERO 966;[List];EXE,V;FIXO;;1718668800000;3;2564/2565;N
1322;-23.645896;-46.710138;50 km/h;AVENIDA JOAO DIAS (BAIRRO/CENTRO), A MAIS 7,9 METROS DA RUA BARAO DO RIO BRANCO;[List];EXE,V;FIXO;;1718841600000;3;2566/2567;N
1323;-23.6383557;-46.69722;50 km/h;AVENIDA SANTO AMARO (CENTRO/BAIRRO), A MAIS 28 METROS DA RUA VERBO DIVINO;[List];EXE,V;FIXO;;1714003200000;3;2571/2648;N
1324;-23.666117;-46.656654;50 km/h;AVENIDA CUPECE (MARGINAL/DIADEMA), NUMERO 2958;[List];EXE,V;FIXO;1755734400000;1710028800000;4;2577/2578;N
1325;-23.6760887999999;-46.642113;50 km/h;AVENIDA CUPECE (MARGINAL/DIADEMA), A MAIS 20 METROS DO NUMERO 4820;[List];EXE,V;FIXO;1755734400000;1710201600000;4;2579/2580;N
1326;-23.5397609999999;-46.742752;60/50/50 km/h;AV ENG BILLINGS (C. BRANCO/INTERLAGOS), A MAIS 22 METROS DA R BARAO DE ANTONINA;[List];R,V;FIXO;1747612800000;1695081600000;3;2581/2786/2787;N
1327;-23.647718;-46.727634;60/50 km/h;AVENIDA GUIDO CALOI (CASTELO BRANCO/INTERLAGOS), A MAIS 72 METROS DO NUMERO 25;[List];PR,V;FIXO;1749686400000;1697760000000;4;2582/2788;N
1328;-23.653835;-46.759686;50 km/h;ESTRADA DE ITAPECERICA (BAIRRO/CENTRO), NUMERO 2979;[List];EXE,V;FIXO;;1723680000000;3;2590/2591;N
1329;-23.624994;-46.682121;50 km/h;AVENIDA VEREADOR JOSE DINIZ (BAIRRO/CENTRO), A MAIS 26M DA RUA JOAQUIM NABUCO;[List];EXE,V;FIXO;;1718582400000;3;2593/2594;N
1330;-23.6247879999999;-46.682434;50 km/h;AV VEREADOR JOSE DINIZ (CENTRO/BAIRRO) X R JOAQUIM NABUCO;[List];A,P,V;FIXO;;1718323200000;3;2595/2596;N
1331;-23.583418;-46.7145769999999;50 km/h;AV PROF FRANCISCO MORATO (BAIRRO/CENTRO), A MENOS 20M DA R GAL SENA DE VASCONCELOS;[List];EXE,V,VR;FIXO;;1721952000000;3;2600/2601;N
1332;-23.636858;-46.6938099999999;50 km/h;AV VEREADOR JOSE DINIZ (BAIRRO/CENTRO), A MENOS 70M DA R AMERICO BRASILIENSE;[List];EXE,V;FIXO;;1719532800000;3;2602/2603;N
1333;-23.67882;-46.7630619999999;50 km/h;ESTRADA DO M BOI MIRIM (BAIRRO/CENTRO), A MENOS 22 METROS DA RUA EMILIO KERR;[List];EXE,V;FIXO;1722124800000;1695772800000;3;2606/2607;N
1334;-23.687795;-46.771883;50 km/h;ESTRADA DO M BOI MIRIM (BAIRRO/CENTRO), A MENOS 60 M DA R JOAO DE LIMA BONFANTE;[List];EXE,V;FIXO;;1723766400000;3;2608/2609;N
1335;-23.6372889999999;-46.720337;60/50/50 km/h;AV DAS NACOES UNIDAS (INTERLAGOS/C. BRANCO), A MAIS 10M DA R BRAGANCA PAULISTA;[List];V;FIXO;1747612800000;1694736000000;4;2611/2792/2793;N
1336;-23.556624;-46.716986;90/60 km/h;MARGINAL PINHEIROS, PTA EXPRESSA (C B/INTERLAGOS), A MAIS 650M DO KM 4,5 (USP);[List];PR,R,V,VR;FIXO;1757548800000;1724198400000;12;2624/2698/2759/2760/2762/2763;N
1337;-23.624178;-46.70443;60/50 km/h;AV DAS NACOES UNIDAS (INTERL/C. BRANCO), A MAIS 200M DA R ENG MESQUITA SAMPAIO;[List];EXD,V;FIXO;1749686400000;1702252800000;4;2625/2626/2794;N
1338;-23.6073364999999;-46.6974266;90/60 km/h;MARGINAL PINHEIROS, PISTA EXPRESSA (INTERLAGOS/C.BRANCO), A MAIS 103M DO KM 12;[List];MT,PR,V,VR;FIXO;1751328000000;1723420800000;5;2627/2628/2781/2782;N
1339;-23.624529;-46.706563;70/60 km/h;MARGINAL PINHEIROS, PISTA EXPRESSA (INTERLAGOS/C.BRANCO), A MENOS 66M DO KM 14;[List];PR,V;FIXO;1749686400000;1700524800000;4;2629/2630;N
1340;-23.564281;-46.703316;60/50/50 km/h;AV DRA RUTH CARDOSO/AV DAS NACOES UNIDAS (INTERLAGOS/CASTELO BRANCO), NR 7203;[List];R,V,VR;FIXO;1751328000000;1700524800000;4;2631/2797/2798;N
1341;-23.5394926;-46.7426776;90/60 km/h;MARGINAL PINHEIROS, PISTA EXPRESSA (C. BRANCO/INTERLAGOS), A MENOS 242M DO KM 2;[List];PR,R,V;FIXO;1751328000000;1699488000000;4;2636/2637;N
1342;-23.6302619999999;-46.716732;90/60 km/h;MARGINAL PINHEIROS (CASTELO BRANCO/INTERLAGOS), NUMERO 16741;[List];PR,V;FIXO;1706659200000;1437004800000;4;2638/2639;N
1343;-23.6282561999999;-46.6885616;50 km/h;AVENIDA SANTO AMARO (BAIRRO/CENTRO), NUMERO 5197;[List];EXE,V,VR;FIXO;;1716249600000;3;2651/2652;N
1344;-23.6075389999999;-46.697187;60/50 km/h;AVENIDA DAS NACOES UNIDAS (INTERLAGOS/CASTELO BRANCO), NUMERO 12399;[List];V,VR;FIXO;1751328000000;1723507200000;4;2654/2812/2813;N
1345;-23.5668019999999;-46.704796;60/50 km/h;AV MAGALHAES DE CASTRO (CASTELO/INTERLAGOS), A MAIS 10M DA R MURTINHO NOBRE;[List];R,V,VR;FIXO;1755734400000;1723766400000;3;2661/2799;N
1346;-23.613675;-46.7011329999999;60/50/50 km/h;AV MAGALHAES DE CASTRO (CASTELO/INTERLAGOS), A MENOS 50M DA R FRANCISCO TRAMONTANO;[List];V,VR;FIXO;1755734400000;1710028800000;3;2662/2801/2802;N
1347;-23.670276;-46.7379212;50 km/h;ESTRADA DO M BOI MIRIM (BAIRRO/CENTRO) X RUA ANHANDUI MIRIM;[List];A,P,V,EXE;FIXO;;1723680000000;3;2667/2668;N
1348;-23.6610443;-46.6595364;40 km/h;RUA CONDE MOREIRA LIMA (JABAQUARA/CIDADE ADEMAR), NUMERO 382/RUA CONDE MOREIRA LIMA (CIDADE ADEMAR/JABAQUARA), NUMERO 395;[List];V;FIXO;1749686400000;1695772800000;2;2680/2681;N
1349;-23.6175749999999;-46.701649;90/60 km/h;MARGINAL PINHEIROS, PISTA EXPRESSA (C. BRANCO/INTERLAGOS), A MAIS 117M DO KM 13;[List];PR,V,VR;FIXO;1752710400000;1723766400000;5;2693/2694/2783/2784;N
1350;-23.649532;-46.72422;60/50/50 km/h;AVENIDA DAS NACOES UNIDAS (INTERLAGOS/CASTELO BRANCO), NUMERO 18001;[List];V;FIXO;1747612800000;1694736000000;3;2695/2790/2791;N
1351;-23.649685;-46.7244189999999;90/60 km/h;MARGINAL PINHEIROS, PTA EXPRESSA (INTERLAGOS/C. BRANCO), A MAIS 130M DO KM 17,5;[List];PR,V;FIXO;1747612800000;1694736000000;3;2696/2697;N
1352;-23.572315;-46.700161;60 km/h;MARGINAL PINHEIROS, PT EXPRESSA (INTERL/CB), A MENOS 15M DA PTE EUSEBIO MATOSO;[List];PR,R,V,VR;FIXO;1751328000000;1699228800000;5;2699/2785;N
1353;-23.574598;-46.69688;60/50/50 km/h;RUA HUNGRIA (INTERLAGOS/CASTELO BRANCO) A MENOS 20 METROS DA AVENIDA REBOUCAS;[List];R,V,VR;FIXO;1751328000000;1700524800000;4;2700/2795/2796;N
1354;-23.667015;-46.725346;50 km/h;AVENIDA GUARAPIRANGA (CENTRO/BAIRRO), A MENOS 178 METROS DA AVENIDA GUIDO CALOI;[List];EXE,V;FIXO;;1718668800000;3;2701/2704;N
1355;-23.667185;-46.725268;50 km/h;AVENIDA GUARAPIRANGA (BAIRRO/CENTRO), NUMERO 1389;[List];EXE,V;FIXO;;1718150400000;3;2702/2703;N
1356;-23.6700449999999;-46.7380179;50 km/h;ESTRADA DO M BOI MIRIM (C/B), A MAIS 27 METROS DO NUMERO 460;[List];EXE,V;FIXO;;1723766400000;3;2711/2712;N
1357;-23.7127139999999;-46.7100939999999;50 km/h;AV ATLANTICA (C/B), A MAIS 175 METROS DA R MARIO MARTINS DE ALMEIDA;[List];EXE,V;FIXO;1747612800000;1696377600000;3;2713/2714;N
1358;-23.6222147999999;-46.6975016999999;50 km/h;AV ROQUE PETRONI JUNIOR (MARG PINHEIROS/DIADEMA) NR 1089;[List];EXE,V;FIXO;;1716508800000;4;2715/2716;N
1359;-23.703524;-46.644127;40 km/h;ESTRADA DO ALVARENGA (CENTRO/BAIRRO), OPOSTO AO NUMERO 3565/ESTRADA DO ALVARENGA (BAIRRO/CENTRO), NUMERO 3565;[List];V;FIXO;1751328000000;1706745600000;3;2717/2726;S
1360;-23.6213424;-46.7333667999999;50 km/h;AV GIOVANNI GRONCHI (BAIRRO/CENTRO), NUMERO 4855/AV GIOVANNI GRONCHI (CENTRO/BAIRRO), A MENOS 22 METROS DO NUMERO 4864;[List];V,VR;FIXO;;1721174400000;4;2719/2560;N
1361;-23.6675445999999;-46.7850477;40 km/h;AV FELIPE CARRILLO PUERTO (SAO PAULO/EMBU), NUMERO 220/AV FELIPE CARRILLO PUERTO (EMBU/SAO PAULO), NUMERO 189;[List];V;FIXO;;1717372800000;2;2727/2728;N
1362;-23.66127;-46.78566;40 km/h;AV DOM RODRIGO SANCHES (EMBU/SAO PAULO), OPOSTO AO NUMERO 650/AV DOM RODRIGO SANCHES (SAO PAULO/EMBU), NUMERO 650;[List];V;FIXO;;1690243200000;2;2729/2730;N
1363;-23.57498;-46.699;90/60 km/h;MARGINAL PINHEIROS (CASTELO BRANCO/INTERLAGOS) A MAIS 214M DA R BENTO FRIAS;[List];PR,R,V,VR;FIXO;1752710400000;1722816000000;12;2731/2732/2765/2767/2768/2769;N
1364;-23.637755;-46.721282;90/60 km/h;MARGINAL PINHEIROS, PISTA EXPRESSA (INTERLAGOS/C. BRANCO) A MENOS 19M DO KM 16;[List];MT,V;FIXO;1747612800000;1696377600000;4;2753/2754;N
1365;-23.673;-46.7443;50 km/h;ESTRADA DO M BOI MIRIM (BAIRRO/CENTRO), NUMERO 1211;[List];EXE,V;FIXO;1724544000000;1695772800000;3;2820/2821;N
1366;-23.6759;-46.75291;50 km/h;ESTRADA DO M BOI MIRIM (BAIRRO/CENTRO), NUMERO 2203;[List];EXE,V;FIXO;1722124800000;1703721600000;3;2822/2823;N
1367;-23.67247;-46.74323;50 km/h;ESTRADA DO M BOI MIRIM (CENTRO/BAIRRO), A MAIS 34M DO NR 1060;[List];EXE,V;FIXO;;1723766400000;3;2824/2825;N
1368;-23.67551;-46.75471;50 km/h;ESTRADA DO M BOI MIRIM (CENTRO/BAIRRO), NUMERO 2420;[List];EXE,V;FIXO;1722124800000;1694736000000;3;2826/2827;N
1369;-23.73284;-46.69803;50 km/h;AV SENADOR TEOTONIO VILELA (B/C), A MENOS 152M DO NR 3481;[List];EXE,V;FIXO;1726444800000;1693785600000;3;2834/2849;N
1370;-23.75032;-46.71032;50 km/h;AV SENADOR TEOTONIO VILELA (CENTRO/BAIRRO), NUMERO 5960;[List];EXE,V;FIXO;1749686400000;1697760000000;3;2844/2855;N
1371;-23.75718;-46.71415;50 km/h;AV SENADOR TEOTONIO VILELA (BAIRRO/CENTRO), NUMERO 6801;[List];EXE,V;FIXO;1707350400000;1522281600000;3;2845/2856;N
1372;-23.5346322;-46.7459828;90/60 km/h;MARGINAL PINHEIROS (INTERLAGOS/CASTELO BRANCO), A MAIS 1,7KM DA PONTE JAGUARE;[List];MT,R,V;FIXO;1751328000000;1706054400000;4;2860/2861;N
1373;-23.794828;-46.730359;40 km/h;ESTRADA ECOTURISTICA DE PARELHEIROS/AV SADAMU INOUE (C/B), NR 2666/ESTRADA ECOTURISTICA DE PARELHEIROS/AV SADAMU INOUE (B/C), OPOSTO AO NR 2666;[List];V;FIXO;1747612800000;1695600000000;2;2862/2863;S
1374;-23.823135;-46.73517;40 km/h;ESTR ECOTURISTICA DE PARELHEIROS/AV SADAMU INOUE (C/B), OPOSTO AO NR 6291/ESTR ECOTURISTICA DE PARELHEIROS/AV SADAMU INOUE (B/C), NUMERO 6291;[List];V;FIXO;1749686400000;1695600000000;2;2871/2872;S
1375;-23.61765;-46.66142;50 km/h;AV DOS BANDEIRANTES (MARGINAL/IMIGRANTES) A MAIS 49 METROS DA AV WASHINGTON LUIS;[List];PR,R,V,VR;FIXO;1752710400000;1722816000000;8;2873/2874;N
1376;-23.55749;-46.71135;60/50 km/h;AV DRA RUTH CARDOSO, PISTA CENTRAL (INTERL/C BRANCO), A MAIS 8M DO KM 5,5;[List];R,V,VR;FIXO;1749686400000;1719878400000;3;2876/2877;N
1377;-23.5574;-46.7113;60/50/50 km/h;AV DRA RUTH CARDOSO, PISTA LOCAL (INTER/C BRANCO) A MAIS 155M AV DOS SEMANEIROS;[List];R,V,VR;FIXO;1749686400000;1720051200000;5;2878/2879/2880;N
1378;-23.59381;-46.69449;70/60 km/h;MARG PINHEIROS (C BRANCO/INTERLAGOS), A MAIS 253M DO KM 10;[List];PR,V,VR;FIXO;1749686400000;1720051200000;7;2881/2882/2883/2884;N
1379;-23.6468;-46.63167;70 km/h;RV DOS IMIGRANTES (SANTOS/SAO PAULO),A MENOS 1186M DA R GUARATU;[List];V;FIXO;1747612800000;1717977600000;4;2885/2886;N
1380;-23.64715;-46.63209;70 km/h;RV DOS IMIGRANTES (SAO PAULO/SANTOS),A MENOS 459M DA R ITAGUARA;[List];V;FIXO;1747612800000;1718409600000;4;2887/2888;N
1381;-23.66492;-46.70937;60/50 km/h;AV DAS NACOES UNIDAS (C BRANCO/INTERLAGOS), A MENOS 32M DO N 20728;[List];V;FIXO;1747612800000;1718755200000;5;2889/2890;N
1382;-23.58629;-46.69063;60/50 km/h;AV DAS NACOES UNIDAS, PISTA CENTRAL (INTERLAGOS/C BRANCO), A MENOS 8M DO KM 9,5;[List];R,V,VR;FIXO;1749686400000;1721174400000;5;2896/2897;N
1383;-23.621404;-46.503412;40 km/h;RUA ANTONIO DE FRANCA E SILVA (C/B) X RUA MARIA FARNETI/RUA ANTONIO DE FRANCA E SILVA (B/C) X RUA MARIA FARNETI;[List];V;FIXO;;1709683200000;2;4224/4225;N
1384;-23.499665;-46.523095;50 km/h;RUA DOUTOR ASSIS RIBEIRO (BAIRRO/CENTRO), OPOSTO AO NUMERO 3216;[List];EXD,V;FIXO;;1717459200000;3;4236/4237;N
1385;-23.602235;-46.482769;50 km/h;AVENIDA MATEO BEI (BAIRRO/CENTRO), NUMERO 2323;[List];V;FIXO;;1719878400000;2;4246;N
1386;-23.53339;-46.539985;50 km/h;AV CONDE DE FRONTIN (C/B), A MAIS 40M DA R MONSENHOR FRANCISCO DE PAULA;[List];EXD,V;FIXO;;1721260800000;3;4251/4252;N
1387;-23.571812;-46.587584;50 km/h;AVENIDA PAES DE BARROS (CENTRO/BAIRRO), NUMERO 2430;[List];EXE,R,V,VR;FIXO;;1717977600000;3;4256/4257;N
1388;-23.519016;-46.475862;50 km/h;AV AGUIA DE HAIA (CENTRO/BAIRRO), A MENOS 240 METROS DA ESTRADA DO IMPERADOR;[List];EXD,V;FIXO;;1717977600000;2;4263/4264;N
1389;-23.515639;-46.476635;50 km/h;AV AGUIA DE HAIA (BAIRRO/CENTRO), A MENOS 104M DA ESTRADA DE MOGI DAS CRUZES;[List];EXD,V;FIXO;;1709683200000;2;4265/4266;N
1390;-23.49497;-46.437284;40 km/h;AVENIDA MARECHAL TITO (BAIRRO/CENTRO), NUMERO 877;[List];EXD,V,VR;FIXO;1729036800000;1417046400000;2;4267/4268;N
1391;-23.494996;-46.437623;40 km/h;AV MARECHAL TITO (CENTRO/BAIRRO), A MAIS 30M DA R ENGENHEIRO MANUEL OSORIO;[List];EXD,V,VR;FIXO;1726617600000;1417737600000;2;4269/4270;N
1392;-23.518424;-46.474811;50 km/h;ESTRADA DO IMPERADOR (CENTRO/BAIRRO), OPOSTO AO NUMERO 984;[List];EXD,V;FIXO;;1711584000000;3;4271/4272;N
1393;-23.518496;-46.523573;50 km/h;AVENIDA SAO MIGUEL (CENTRO/BAIRRO), NUMERO 474;[List];EXD,V;FIXO;;1719792000000;3;4273/4274;N
1394;-23.587176;-46.516199;40 km/h;AVENIDA DA BARREIRA GRANDE (CENTRO/BAIRRO), NUMERO 2064/AVENIDA DA BARREIRA GRANDE (BAIRRO/CENTRO), OPOSTO NUMERO 2064;[List];V;FIXO;;1709683200000;2;4276/4277;N
1395;-23.589092;-46.510182;40 km/h;AVENIDA DA BARREIRA GRANDE (CENTRO/BAIRRO), NUMERO 2832/AVENIDA DA BARREIRA GRANDE (BAIRRO/CENTRO), NUMERO 2905;[List];V;FIXO;;1709683200000;2;4278/4279;N
1396;-23.598445;-46.5532;40 km/h;RUA COSTA BARROS (CENTRO/BAIRRO), NUMERO 1448/RUA COSTA BARROS (BAIRRO/CENTRO), NUMERO 1441;[List];V;FIXO;;1709078400000;2;4280/4281;N
1397;-23.597467;-46.50782;40 km/h;RUA NOVA BRASILIA (SAPOPEMBA/BARREIRA GRANDE), NUMERO 501/RUA NOVA BRASILIA (BARREIRA GRANDE/SAPOPEMBA), NUMERO 510;[List];V;FIXO;;1709683200000;2;4283/4284;N
1398;-23.612357;-46.523878;40 km/h;AVENIDA DO ORATORIO (CENTRO/BAIRRO), NUMERO 6518/AVENIDA DO ORATORIO (BAIRRO/CENTRO), NUMERO 6515;[List];V;FIXO;;1709683200000;2;4285/4286;S
1399;-23.59744;-46.541156;40 km/h;AVENIDA DO ORATORIO (CENTRO/BAIRRO), NUMERO 3232/AVENIDA DO ORATORIO (BAIRRO/CENTRO), NUMERO 3191 A;[List];V;FIXO;;1709683200000;2;4287/4288;S
1400;-23.597935;-46.522585;40 km/h;AVENIDA SAPOPEMBA (SAO LUCAS/SAPOPEMBA), OPOSTO NUMERO 8023/AVENIDA SAPOPEMBA (SAPOPEMBA/SAO LUCAS), NUMERO 8023;[List];V;FIXO;1753315200000;1709683200000;2;4289/4290;S
1401;-23.586795;-46.534553;40 km/h;RUA SOLIDONIO LEITE (CENTRO/BAIRRO), OPOSTO NUMERO 2563/RUA SOLIDONIO LEITE (BAIRRO/CENTRO), NUMERO 2563;[List];V,VR;FIXO;;1709683200000;2;4291/4292;N
1402;-23.597264;-46.530653;40 km/h;AVENIDA VILA EMA (CENTRO/BAIRRO), OPOSTO NUMERO 5475/AVENIDA VILA EMA (BAIRRO/CENTRO), NUMERO 5475;[List];V;FIXO;;1709683200000;2;4293/4294;N
1403;-23.590525;-46.572282;40 km/h;AVENIDA ZELINA (VILA PRUDENTE/VILA ALPINA), NUMERO 1212/AVENIDA ZELINA (VILA ALPINA/VILA PRUDENTE), OPOSTO NUMERO 1212;[List];V;FIXO;;1709683200000;2;4295/4296;S
1404;-23.5075199;-46.489473;50 km/h;AV SAO MIGUEL (CENTRO/BAIRRO), NUMERO 4560;[List];V;FIXO;;1722556800000;3;4306/4534;N
1405;-23.544457;-46.447126;50 km/h;AV JACU PESSEGO/NOVA TRABALHADORES (MAUA/AYRTON SENNA), NUMERO 1923;[List];V;FIXO;;1722556800000;7;4319/4320;N
1406;-23.561589;-46.445766;50 km/h;AVENIDA JACU PESSEGO/NOVA TRABALHADORES (MAUA/AYRTON SENNA), NUMERO 385;[List];A,P,V;FIXO;;1717977600000;4;4323/4435;N
1407;-23.561417;-46.446042;50 km/h;AVENIDA JACU PESSEGO/NOVA TRABALHADORES (AYRTON SENNA/MAUA), NUMERO 394;[List];A,P,V;FIXO;;1717977600000;4;4324/4436;N
1408;-23.535624;-46.493318;50 km/h;R DR LUIZ AYRES (B/C), A MAIS 314M DA R MACIEL MONTEIRO;[List];EXD,V;FIXO;;1719792000000;3;4338/4549;N
1409;-23.535655;-46.493724;50 km/h;R DR LUIZ AYRES (C/B), A MAIS 162M DA R DR PEDRO MENDES;[List];EXD,V;FIXO;;1719792000000;3;4340/4550;N
1410;-23.59835;-46.46117;50 km/h;AV RAGUEB CHOHFI (B/C), A MAIS 150 METROS DA R FRANCISCO DE MELO PALHETA;[List];V;FIXO;;1449187200000;3;4358/4552;N
1411;-23.59852;-46.46121;50 km/h;AV RAGUEB CHOHFI (C/B), A MAIS 130 METROS DA R MARIA APARECIDA CUSTODIO;[List];EXD,V;FIXO;;1467590400000;3;4360/4553;N
1412;-23.536051;-46.553105;50 km/h;AVENIDA CONDE DE FRONTIN (CENTRO/BAIRRO), A MENOS 55 METROS DA RUA PINHALZINHO;[List];EXD,F,V,VR;FIXO;;1700179200000;5;4366/4463;N
1413;-23.5356413;-46.5524583;50 km/h;AV CONDE DE FRONTIN (BAIRRO/CENTRO), A MENOS 325M DO ACESSO AO VD ANTONIO ABDO;[List];EXD,F,V,VR;FIXO;;1709078400000;5;4368/4464;N
1414;-23.498823;-46.465279;50 km/h;AV SAO MIGUEL (CENTRO/BAIRRO), A MENOS 29 METROS DA R PAU D ARCO ROXO;[List];EXD,V;FIXO;;1717977600000;3;4370/4438;N
1415;-23.5735707;-46.4455166;50 km/h;AV JACU PESSEGO/N. TRABALHADORES (S. MAT/S.MIG) A MENOS 20M DA R JAIME R WRIGHT;[List];EXD,V;FIXO;;1712793600000;4;4374/4389;N
1416;-23.587704;-46.442921;50 km/h;AV JACU PESSEGO/N. TRABALHAD. (S. MIG/S. MAT), A MAIS 256M DA ESTRADA DOS MONOS;[List];EXD,PR,V;FIXO;;1724198400000;5;4376/4387;N
1417;-23.52326;-46.6503;50 km/h;AV RUDGE (CENTRO/BAIRRO) X R SERGIO TOMAS;[List];A,F,P,V;FIXO;1773014400000;1467158400000;4;4402/4403;N
1418;-23.5495213;-46.6421163;50 km/h;AVENIDA NOVE DE JULHO (CENTRO/BAIRRO), NUMERO 398;[List];EXE,F,R,V,VR;FIXO;;1714003200000;3;4406/4407;N
1419;-23.5497522;-46.6422706;50 km/h;AVENIDA NOVE DE JULHO (BAIRRO/CENTRO), NUMERO 399;[List];EXE,F,R,V,VR;FIXO;;1714003200000;3;4409/4410;N
1420;-23.522254;-46.540224;40 km/h;AVENIDA AMADOR BUENO DA VEIGA (CENTRO/BAIRRO), NUMERO 486/AVENIDA AMADOR BUENO DA VEIGA (BAIRRO/CENTRO), NUMERO 487;[List];V;FIXO;;1704326400000;2;4416/4417;S
1421;-23.549502;-46.58108;40 km/h;AVENIDA ALVARO RAMOS (BAIRRO/CENTRO), OPOSTO NUMERO 1582/AVENIDA ALVARO RAMOS (CENTRO/BAIRRO), NUMERO 1582;[List];R,V;FIXO;;1718755200000;3;4419/4418;S
1422;-23.58011;-46.487044;50 km/h;AVENIDA AFONSO DE SAMPAIO E SOUSA (BAIRRO/CENTRO), NUMERO 3074/AVENIDA AFONSO DE SAMPAIO E SOUSA (CENTRO/BAIRRO), OPOSTO NUMERO 3074;[List];V;FIXO;;1709078400000;4;4420/4421;N
1423;-23.524049;-46.416077;40 km/h;RUA CONEGO ANTONIO MANZI (NORDESTINA/LAGEADO), NUMERO 4A/RUA CONEGO ANTONIO MANZI (LAGEADO/NORDESTINA), NUMERO 27;[List];V;FIXO;;1707868800000;2;4422/4423;N
1424;-23.52804;-46.474286;40 km/h;AVENIDA AGUIA DE HAIA (SAO MIGUEL/RADIAL), A MENOS 6,50 METROS DA RUA CUIM/AVENIDA AGUIA DE HAIA (RADIAL/SÃO MIGUEL), A MAIS 21 METROS DA RUA CUIM;[List];V;FIXO;;1709078400000;4;4424/4425;S
1425;-23.539326;-46.482758;40 km/h;AVENIDA AGUIA DE HAIA (SAO MIGUEL/RADIAL), OPOSTO NUMERO 176/AVENIDA ÁGUIA DE HAIA (RADIAL/SÃO MIGUEL), NUMERO 176;[List];V;FIXO;;1711065600000;4;4426/4427;S
1426;-23.532767;-46.44818;40 km/h;RUA AUGUSTO CARLOS BAUMAN (CENTRO/BAIRRO), OPOSTO NUMERO 687C/RUA AUGUSTO CARLOS BAUMAN (BAIRRO/CENTRO), NUMERO 687C;[List];V;FIXO;;1718841600000;2;4428/4429;N
1427;-23.484673;-46.428358;40 km/h;AV OLIVEIRA  FREIRE (SAO MIGUEL/GUARULHOS), NUMERO 732/AV OLIVEIRA FREIRE (GUARULHOS/SAO MIGUEL), NUMERO 715;[List];V;FIXO;;1709078400000;2;4433/4434;N
1428;-23.549309;-46.525075;50 km/h;AVENIDA ARICANDUVA (CENTRO/BAIRRO), A MAIS 123 METROS DA RUA ASTARTE;[List];EXD,V;FIXO;;1721952000000;3;4439/4440;N
1429;-23.568105;-46.596214;40 km/h;RUA CELSO DE AZEVEDO MARQUES (CENTRO/BAIRRO), NUMERO 196/RUA CELSO DE AZEVEDO MARQUES (BAIRRO/CENTRO), NUMERO 193A;[List];R,V;FIXO;;1709683200000;2;4441/4442;N
1430;-23.533515;-46.459594;40 km/h;AVENIDA CAMPANELLA (BAIRRO/CENTRO), NÚMERO 1863/AVENIDA CAMPANELLA (CENTRO/BAIRRO), OPOSTO NUMERO 1863;[List];V;FIXO;;1709683200000;2;4443/4444;N
1431;-23.499234;-46.487386;40 km/h;AVENIDA BOTURUSSU (SAO MIGUEL/PARANAGUA), MAIS 2 METROS NUMERO 906/AVENIDA BOTURUSSU (PARANAGUA/SAO MIGUEL), NUMERO 915;[List];V;FIXO;;1709683200000;2;4445/4446;N
1432;-23.525264;-46.614425;40 km/h;AVENIDA BOM JARDIM (CENTRO/BAIRRO), NUMERO 275/AVENIDA BOM JARDIM (BAIRRO/CENTRO), NUMERO 220;[List];R,V;FIXO;;1709078400000;4;4447/4448;S
1433;-23.506378;-46.531431;40 km/h;AVENIDA CANGAIBA (CENTRO/BAIRRO), NUMERO 2526/AVENIDA CANGAIBA (BAIRRO/CENTRO), NUMERO 2539;[List];V;FIXO;;1696896000000;2;4449/4450;S
1434;-23.549724;-46.425822;40 km/h;RUA LUIS MATEUS (IGUATEMI/SAO MIGUEL), NUMERO 675/RUA LUIS MATEUS (SAO MIGUEL/IGUATEMI),  NUMERO 820;[List];V;FIXO;;1718841600000;2;4451/4452;N
1435;-23.554295;-46.435097;40 km/h;R. JARDIM TAMOIO (GUAIANAZES/ITAQUERA)X R. CRISTOVÃO DE SALAMANCA /R JARDIM TAMOIO (ITAQUERA/GUAIANAZES)  X R CRISTOVAO DE SALAMANCA;[List];V;FIXO;;1696896000000;2;4454/4453;N
1436;-23.573798;-46.537784;40 km/h;AVENIDA MONTEMAGNO (AGUA RASA/VILA FORMOSA), NUMERO 2926/AVENIDA MONTEMAGNO (VILA FORMOSA/AGUARASA), NUMERO 2927;[List];V;FIXO;;1709683200000;2;4455/4456;N
1437;-23.527485;-46.501198;40 km/h;RUA ITINGUCU (CENTRO/BAIRRO), NUMERO 1512/RUA ITINGUCU (BAIRRO/CENTRO), NUMERO 1517;[List];V;FIXO;;1696896000000;2;4457/4458;N
1438;-23.572614;-46.540797;40 km/h;AVENIDA RENATA (SAPOPEMBA/ARICANDUVA), NUMERO 257/AVENIDA RENATA (ARICANDUVA/SAPOPEMBA), NUMERO 258;[List];V;FIXO;;1709683200000;2;4459/4460;N
1439;-23.575249;-46.529309;40 km/h;AVENIDA CIPRIANO RODRIGUES (CENTRO/BAIRRO), NUMERO 314/AVENIDA CIPRIANO RODRIGUES (BAIRRO/CENTRO), OPOSTO NUMERO 314;[List];V;FIXO;;1709683200000;2;4466/4467;N
1440;-23.488045;-46.479484;40 km/h;AVENIDA PARANAGUA (ASSIS RIBEIRO/SAO MIGUEL), OPOSTO NUMERO 2070/AVENIDA PARANAGUA (SAO MIGUEL/ASSIS RIBEIRO), NUMERO 2070;[List];V;FIXO;;1709078400000;2;4468/4469;N
1441;-23.496107;-46.507376;40 km/h;RUA OLHO D AGUA DO BORGES (BAIRRO/CENTRO), NUMERO 94/RUA OLHO D AGUA DO BORGES (CENTRO/BAIRRO), NUMERO 184;[List];V;FIXO;;1709683200000;2;4470/4471;N
1442;-23.495244;-46.38846;40 km/h;RUA MANUEL BUENO DA FONSECA (CENTRO/BAIRRO), NUMERO 120 A/RUA MANUEL BUENO DA FONSECA (BAIRRO/CENTRO), OPOSTO NUMERO 120 A;[List];V;FIXO;;1711584000000;2;4472/4473;N
1443;-23.522645;-46.399649;40 km/h;ESTRADA DOM JOAO NERY (LAGEADO/ITAIM PAULISTA), OPOSTO NUMERO 3462/ESTRADA DOM JOAO NERY (ITAIM PAULISTA/LAGEADO), NUMERO 3462;[List];V;FIXO;;1713312000000;2;4476/4477;S
1444;-23.572035;-46.581632;40 km/h;RUA DO ORATORIO (MOOCA/AGUA RASA), OPOSTO NUMERO 2853/RUA DO ORATORIO (AGUA RASA/MOOCA), NUMERO 2853;[List];R,V;FIXO;;1709683200000;2;4478/4479;S
1445;-23.52887;-46.441988;40 km/h;RUA DAMASIO PINTO (CENTRO/BAIRRO), NUMERO 294/RUA DAMASIO PINTO (BAIRRO/CENTRO), OPOSTO NUMERO 294;[List];V;FIXO;;1719792000000;2;4480/4481;N
1446;-23.57265;-46.499644;40 km/h;AVENIDA DOS LATINOS (CENTRO/BAIRRO), OPOSTO NUMERO 627/AVENIDA DOS LATINOS (BAIRRO/CENTRO), NUMERO 627;[List];V;FIXO;;1711497600000;2;4482/4483;N
1447;-23.542126;-46.418768;40 km/h;RUA SALVADOR GIANETTI (CENTRO/BAIRRO), NUMERO 386/RUA SALVADOR GIANETTI (BAIRRO/CENTRO)  OPOSTO NUMERO 386;[List];V;FIXO;;1696896000000;2;4486/4487;N
1448;-23.501335;-46.391779;40 km/h;AVENIDA BARAO DE ALAGOAS (CENTRO/BAIRRO), A MENOS 22 METROS DO NUMERO 832/AVENIDA BARAO DE ALAGOAS (BAIRRO/CENTRO), A MENOS 35 METROS RUA ITAJUBI;[List];V;FIXO;;1709683200000;2;4490/4491;N
1449;-23.556671;-46.411078;40 km/h;RUA DA PASSAGEM FUNDA (GUAIANAZES/IGUATEMI), NUMERO 518/R DA PASSAGEM FUNDA (IGUATEMI/GUAIANAZES), A MENOS 9 METROS R PROFESSOR TADEU;[List];V;FIXO;;1703548800000;3;4492/4493;N
1450;-23.535875;-46.416981;40 km/h;AVENIDA NORDESTINA (SAO MIGUEL/LAGEADO), NUMERO 6800/AVENIDA NORDESTINA (LAGEADO/SAO MIGUEL), OPOSTO AO NUMERO 6800;[List];V;FIXO;;1712102400000;2;4494/4495;S
1451;-23.556449;-46.449934;50 km/h;RUA SAO TEODORO (CENTRO/BAIRRO), A MAIS 23 METROS NUMERO 1198/RUA SAO TEODORO (BAIRRO/CENTRO), A MAIS 35 METROS RUA LAGOA TAI GRANDE;[List];V;FIXO;;1709683200000;2;4502/4503;N
1452;-23.550098;-46.445087;40 km/h;RUA SABBADO D ANGELO (IGUATEMI/SAO MIGUEL), OPOSTO AO NUMERO 1980/RUA SABBADO D ANGELO (SAO MIGUEL/IGUATEMI), NUMERO 1980;[List];V;FIXO;;1712793600000;2;4504/4505;N
1453;-23.560403;-46.408674;40 km/h;RUA FERNAO CARRILHO (FERRAZ DE VASCONCELOS/GUAIANAZES), NUMERO 7B/RUA FERNAO CARRILHO (GUAIANAZES/FERRAZDE VASCONCELOS), NUMERO 109;[List];V;FIXO;;1696896000000;2;4506/4507;N
1454;-23.536264;-46.403367;40 km/h;ESTRADA DO LAGEADO VELHO (CENTRO/BAIRRO), NUMERO 612/ESTRADA DO LAGEADO VELHO (BAIRRO/CENTRO), NUMERO 579;[List];V;FIXO;;1708300800000;2;4509/4510;N
1455;-23.551443;-46.490737;40 km/h;AVENIDA WALDEMAR TIETZ (ARTUR ALVIM/CIDADE LIDER), NUMERO 365/AVENIDA WALDEMAR TIETZ (CIDADE LIDER/ARTUR  ALVIM), NUMERO 366;[List];V;FIXO;;1696896000000;2;4511/4512;N
1456;-23.488637;-46.385263;40 km/h;AVENIDA MARECHAL TITO (CENTRO/BAIRRO),  OPOSTO NUMERO 6765/AVENIDA MARECHAL TITO (BAIRRO/CENTRO), NUMERO 6765;[List];V;FIXO;;1721260800000;4;4515/4516;S
1457;-23.600307;-46.570837;40 km/h;RUA BAIA GRANDE (VILA ALPINA/VILA ZELINA), NUMERO 483/RUA BAIA GRANDE (VILA ZELINA/VILA ALPINA), NUMERO 472;[List];V;FIXO;;1709078400000;2;4517/4518;N
1458;-23.536211;-46.642822;50 km/h;PC PRINCESA ISABEL (BAIRRO/CENTRO), A MENOS 25 METROS DA AV DUQUE DE CAXIAS;[List];EXE,F,V,VR,R;FIXO;;1428278400000;4;4523/4524;N
1459;-23.55271;-46.618838;50 km/h;AVENIDA ALCANTARA MACHADO (CENTRO/BAIRRO), NUMERO 638;[List];EXD,F,R,V,VR;FIXO;;1710288000000;6;4538/4539;N
1460;-23.540504;-46.5754;50 km/h;R MELO FREIRE (BAIRRO/CENTRO), A MAIS 404 METROS DO VIADUTO CARLOS FERRACI;[List];EXD,F,V,VR;FIXO;;1713830400000;5;4545/4354;N
1461;-23.518491;-46.546338;40 km/h;AV CANGAIBA (CENTRO/BAIRRO), NUMERO 142/AV CANGAIBA (BAIRRO/CENTRO), OPOSTO NUMERO 142;[List];V;FIXO;;1698278400000;4;4547/4548;N
1462;-23.580008;-46.492552;50 km/h;AV ARICANDUVA (B/C), A MAIS 290M DA AV AFONSO DE SAMPAIO E SOUSA;[List];V;FIXO;1727654400000;1415145600000;5;4554/4555;N
1463;-23.55789;-46.51521;50 km/h;AV ARICANDUVA (C/B), A MAIS 14M DA R DR MARIANO CURSINO DE MOURA;[List];V;FIXO;1727222400000;1459296000000;5;4556/4557;N
1464;-23.54447;-46.59317;50 km/h;AV ALCANTARA MACHADO (C/B), A MAIS 3M DA R SIQUEIRA BUENO;[List];F,R,V,VR;FIXO;;1722297600000;9;4558/4559;N
1465;-23.4986918;-46.4649444;50 km/h;AV SAO MIGUEL (BAIRRO/CENTRO), NUMERO 7469;[List];V;FIXO;;1719792000000;5;4561/4562;N
1466;-23.58229;-46.56163;50 km/h;AV PROF LUIZ IGNACIO ANHAIA MELLO (CENTRO/BAIRRO), OPOSTO AO NR 3333;[List];V;FIXO;1726099200000;1443571200000;5;4563/4564;N
1467;-23.5434874;-46.4703864;50 km/h;R DR LUIZ AYRES (C/B), A MENOS 123 METROS DA AV PROF ENG ARDEVAN MACHADO;[List];V;FIXO;1748822400000;1719792000000;7;4567/4568;N
1468;-23.61293;-46.49116;50 km/h;AV SAPOPEMBA (CENTRO/BAIRRO), OPOSTO AO NUMERO 12141;[List];V;FIXO;1726963200000;1459382400000;5;4569/4570;N
1469;-23.531063;-46.52021;50 km/h;AV ANTONIO ESTEVAO DE CARVALHO (B/C), OPOSTO AO NR 100;[List];V;FIXO;;1722556800000;3;4574/4575;N
1470;-23.53054;-46.51846;50 km/h;AV ANTONIO ESTEVAO DE CARVALHO (C/B), A MAIS 133M DA PCA NOSSA S DA ANUNCIACAO;[List];V;FIXO;;1722556800000;3;4576/4577;N
1471;-23.5264529;-46.630918;50 km/h;AV SANTOS DUMONT (C/B), A MENOS 162 METROS DA AV DO ESTADO;[List];EXD,F,R,V,VR;FIXO;;1722556800000;7;4586/4587;N
1472;-23.525901;-46.631347;50 km/h;AV SANTOS DUMONT (B/C), A MENOS 20M DA R RODOLFO MIRANDA;[List];EXD,F,R,V,VR;FIXO;;1722297600000;9;4588/4589;N
1473;-23.514166;-46.494363;50 km/h;ESTRADA DE MOGI DAS CRUZES (CENTRO/BAIRRO), NUMERO 590;[List];EXD,V;FIXO;;1712102400000;3;4591/4592;N
1474;-23.54786;-46.6026;50 km/h;AV ALCANTARA MACHADO (BAIRRO/CENTRO) X R BRESSER;[List];A,F,P,R,V,VR;FIXO;;1719792000000;6;4595/4653;N
1475;-23.560409;-46.519568;50 km/h;AV RIO DAS PEDRAS (CENTRO/BAIRRO), NUMERO 280;[List];EXD,V;FIXO;1720656000000;1447286400000;2;4599/4600;N
1476;-23.514893;-46.498155;50 km/h;ESTRADA DE MOGI DAS CRUZES (BAIRRO/CENTRO) NUMERO 147;[List];EXD,V;FIXO;;1707177600000;3;4603/4604;N
1477;-23.617685;-46.50659;40 km/h;R LUIS JULIANI (SAO PAULO/SANTO ANDRE), NUMERO 528/R LUIS JULIANI (SANTO ANDRE/SAO PAULO), NUMERO 515 A;[List];V;FIXO;;1718755200000;2;4607/4608;N
1478;-23.622202;-46.465513;50 km/h;AV SAPOPEMBA (BAIRRO/CENTRO), A MAIS 54M DA R ILHA DO CARDOSO;[List];V;FIXO;1726099200000;1459382400000;3;4609/4610;N
1479;-23.531384;-46.533491;50 km/h;R ALVINOPOLIS (B/C),A MENOS 114 M DA R MIRANDINHA;[List];V;FIXO;;1713312000000;5;4613/4614;N
1480;-23.54383;-46.53064;50 km/h;AV ARICANDUVA (BAIRRO/CENTRO) X R SEBASTIAO DE ANDRADE;[List];A,CPE,P,PR,V;FIXO;;1721952000000;7;4617;N
1481;-23.5552614;-46.5167992;50 km/h;AV ARICANDUVA (BAIRRO/CENTRO) X AV ITAQUERA;[List];A,P,V;FIXO;;1721779200000;5;4621;N
1482;-23.598739;-46.468317;50 km/h;AV RAGUEB CHOHFI (S MATEUS/TIRADENTES) X AV ARICANDUVA;[List];A,P,V;FIXO;;1716940800000;3;4622;N
1483;-23.53848;-46.56551;50 km/h;R MELO FREIRE (CENTRO/BAIRRO) X R APUCARANA;[List];A,F,P,VR;FIXO;1718150400000;1484006400000;7;4623/4638;N
1484;-23.593056;-46.471079;50 km/h;AV ARICANDUVA (C/B), A MENOS 65M DO NUMERO 12200;[List];EXD,V;FIXO;1725926400000;1466121600000;3;4626/4627;N
1485;-23.5093785;-46.5467634;50 km/h;R DOUTOR ASSIS RIBEIRO (CENTRO/BAIRRO), NUMERO 414;[List];V;FIXO;;1709078400000;3;4628;N
1486;-23.574917;-46.502779;50 km/h;AV ARICANDUVA (BAIRRO/CENTRO), A MAIS 65M DA AV MATAPI;[List];EXD,V;FIXO;;1717977600000;3;4629/4630;N
1487;-23.493809;-46.417353;50 km/h;AV MARECHAL TITO (BAIRRO/CENTRO), A MAIS 191M DO VD DA CHINA;[List];EXD,V;FIXO;1732579200000;1704240000000;3;4631/4632;N
1488;-23.494657;-46.414193;50 km/h;AV MARECHAL TITO (CENTRO/BAIRRO) X R CARAIPE DAS AGUAS;[List];A,P,V;FIXO;1725321600000;1488412800000;3;4633;N
1489;-23.54021;-46.46751;50 km/h;AV JOSE PINHEIRO BORGES (C/B) X R SANTANA DO AGRESTE;[List];A,P,V;FIXO;;1709078400000;3;4634;N
1490;-23.54022;-46.46751;50 km/h;AV JOSE PINHEIRO BORGES (B/C) X R SANTANA DO AGRESTE;[List];A,P,V;FIXO;;1709078400000;3;4635;N
1491;-23.486862;-46.437463;40 km/h;AVENIDA DOUTOR JOSE ARTUR NOVA (SAO PAULO/GUARULHOS), NUMERO 800/AVENIDA DOUTOR JOSE ARTUR NOVA (GUARULHOS/SAO PAULO), OPOSTO NUMERO 800;[List];V;FIXO;;1714435200000;2;4641/4475;S
1492;-23.548021;-46.525475;50 km/h;AV ARICANDUVA (BAIRRO/CENTRO) A MENOS 38 METROS DA RUA ARQUITETO HEITOR DE MELO;[List];V;FIXO;;1722297600000;8;4644;N
1493;-23.584038;-46.575926;50 km/h;AV PROF LUIZ IGNACIO ANHAIA MELLO (CENTRO/BAIRRO), NUMERO 1820;[List];EXD,R,V,VR;FIXO;1747612800000;1718236800000;4;4648/4649;N
1494;-23.540955;-46.613306;40 km/h;AV RANGEL PESTANA (CENTRO/BAIRRO), NUMERO 2338;[List];R,V;FIXO;;1717459200000;3;4650/4651;N
1495;-23.567824;-46.462575;40 km/h;AV OSVALDO PUCCI (CIDADE LIDER/JOSE BONIFACIO), A MAIS 3M OPOSTO NUMERO 555/AV OSVALDO PUCCI (JOSE BONIFACIO/CIDADE LIDER), A MENOS 3M NUMERO 555;[List];V;FIXO;;1712534400000;4;4654/4655;N
1496;-23.517656;-46.480701;50 km/h;ESTRADA DE MOGI DAS CRUZES (CENTRO/BAIRRO), NUMERO 2120;[List];V;FIXO;;1721779200000;5;4658/4659;N
1497;-23.537126;-46.593399;40 km/h;AV CELSO GARCIA (CENTRO/BAIRRO), NR 1964 - A;[List];EXD,R,V;FIXO;;1711584000000;2;4660/4661;N
1498;-23.5370461;-46.5926473;40 km/h;AV CELSO GARCIA (BAIRRO/CENTRO), A MAIS 34M DO NR 2065;[List];R,V;FIXO;;1715212800000;2;4662/4663;N
1499;-23.5804380299999;-46.6809080399999;50 km/h;AVENIDA NOVE DE JULHO (CENTRO/BAIRRO), NUMERO 5866;[List];EXE,F,R,V,VR;FIXO;;1713139200000;3;5082/5083;N
1500;-23.62214196;-46.6400631599999;50 km/h;AVENIDA JABAQUARA (CENTRO/BAIRRO), NUMERO 2046;[List];F,R,V,Z;FIXO;;1409270400000;4;5084/5482/5178;N
1501;-23.5229563;-46.6595178;50 km/h;AV DR ABRAAO RIBEIRO (CENTRO/BAIRRO) X AV MARQUES DE SAO VICENTE;[List];A,P,R,V;FIXO;;1722643200000;5;5097/5488;N
1502;-23.60681667;-46.67589444;50 km/h;AVENIDA SANTO AMARO (BAIRRO/CENTRO), NUMERO 2587;[List];EXE,F,R,V,VR;FIXO;;1712620800000;3;5111/5112;N
1503;-23.6060927;-46.6757785;50 km/h;AVENIDA SANTO AMARO (CENTRO/BAIRRO), NUMERO 2524;[List];EXE,F,R,V,VR;FIXO;;1714435200000;3;5113/5114;N
1504;-23.61150801;-46.66972392;50 km/h;AVENIDA IBIRAPUERA (CENTRO/BAIRRO), NUMERO 3398;[List];EXE,R,V;FIXO;;1712620800000;3;5116/5117;N
1505;-23.53984803;-46.64646288;50 km/h;AVENIDA DUQUE DE CAXIAS (CENTRO/BAIRRO), NUMERO 193;[List];F,R,V,Z;FIXO;;1724112000000;5;5118/5501;N
1506;-23.56037604;-46.68222096;50 km/h;RUA TEODORO SAMPAIO (BAIRRO/CENTRO), NUMERO 1316;[List];R,V,Z;FIXO;;1707955200000;3;5125/5321;N
1507;-23.52764799;-46.67422896;50 km/h;AV ANTARTICA (MARGINAL TIETE/PINHEIROS) A MAIS 10 METROS DO VIADUTO ANTARTICA;[List];R,V,Z;FIXO;;1723593600000;5;5126/5483;N
1508;-23.5504577;-46.6600832;50 km/h;AVENIDA ANGELICA (CENTRO/BAIRRO) X RUA CORONEL JOSE EUSEBIO;[List];F,R,Z;FIXO;1721606400000;1426204800000;1;5128/5495;N/A
1509;-23.5625552;-46.6747547;40 km/h;RUA ESTADOS UNIDOS (ITAIM/PINHEIROS) X AVENIDA REBOUCAS;[List];F,R,Z;FIXO;1722470400000;1440201600000;2;5129/5496;N/A
1510;-23.609112;-46.667348;50 km/h;AVENIDA IBIRAPUERA (BAIRRO/CENTRO) X AVENIDA MOACI;[List];A,F,P,R,V,Z;FIXO;;1714003200000;3;5130/5131;N
1511;-23.59529167;-46.67302222;50 km/h;AVENIDA SANTO AMARO (BAIRRO/CENTRO) X RUA AFONSO BRAZ;[List];A,F,P,R,V,VR;FIXO;;1416009600000;3;5132/5133;N
1512;-23.5902934;-46.68105853;50 km/h;AV PR JUSCELINO KUBITSCHEK (IB/M PIN) X AV BRIGADEIRO FARIA LIMA;[List];A,F,R,V,Z;FIXO;;1718409600000;5;5134/5452;N
1513;-23.60198;-46.660593;50 km/h;AVENIDA IBIRAPUERA (BAIRRO/CENTRO) X AVENIDA CHIBARAS;[List];A,F,P,R,V,Z;FIXO;;1714003200000;3;5136/5137;N
1514;-23.542903;-46.706888;40 km/h;RUA DOUTOR ALBERTO SEABRA (LAPA/PINHEIROS), NUMERO 959/RUA DOUTOR ALBERTO SEABRA (PINHEIROS/LAPA), NUMERO 966;[List];R,V,Z;FIXO;;1722297600000;2;5161/5160;N
1515;-23.54447;-46.6853;40 km/h;RUA APINAJES (PINHEIROS/PERDIZES), OPOSTO AO NUMERO 1694 / RUA APINAJES (PERDIZES/PINHEIROS), NUMERO 1694;[List];R,V,Z;FIXO;1728432000000;1421798400000;2;5163/5162;N
1516;-23.539097;-46.697609;40 km/h;RUA AURELIA (PINHEIROS/LAPA), NUMERO 1921 / RUA AURELIA (LAPA/PINHEIROS), NUMERO 1906;[List];R,V,Z;FIXO;1732147200000;1418083200000;2;5165/5164;N
1517;-23.54236;-46.71156;50 km/h;PRACA SAO MARCOS (LAPA/PINHEIROS), A MAIS 25 METROS DA AVENIDA SAO GUALTER / PRACA SAO MARCOS (PINHEIROS/LAPA), A MAIS 25 METROS DA AVENIDA SAO GUALTER;[List];R,V,Z;FIXO;;1712361600000;2;5167/5166;N
1518;-23.5747927;-46.6683308;50 km/h;AVENIDA NOVE DE JULHO (CENTRO/BAIRRO), NUMERO 4364;[List];F,R,V,VR;FIXO;;1702080000000;3;5186/5187;N
1519;-23.5748328;-46.6681378;50 km/h;AVENIDA NOVE DE JULHO (BAIRRO/CENTRO), NUMERO 4325;[List];EXE,F,R,V,VR;FIXO;;1702080000000;3;5188/5189;N
1520;-23.55923601;-46.65415284;50 km/h;AVENIDA NOVE DE JULHO (BAIRRO/CENTRO), NUMERO 2029;[List];EXE,F,R,V,VR;FIXO;;1713225600000;3;5190/5191;N
1521;-23.5589569;-46.6541371;50 km/h;AVENIDA NOVE DE JULHO (CENTRO/BAIRRO), NUMERO 2054;[List];EXE,F,R,V,VR;FIXO;;1703808000000;3;5192/5193;N
1522;-23.5718898;-46.697425;50 km/h;AVENIDA EUSEBIO MATOSO (BAIRRO/CENTRO), A MENOS 5 METROS DA RUA SAO COLUMBANO;[List];EXE,R,V,VR;FIXO;;1703721600000;3;5194/5195;N
1523;-23.571532;-46.6958236;50 km/h;AV EUSEBIO MATOSO (CENTRO/BAIRRO), A MAIS 70 METROS DA R CARDEAL ARCOVERDE;[List];EXE,R,V,VR;FIXO;;1703808000000;3;5196/5197;N
1524;-23.55964474;-46.67023333;50 km/h;AVENIDA REBOUCAS (BAIRRO/CENTRO), NUMERO 839;[List];EXE,F,R,V,VR;FIXO;;1705622400000;3;5198/5199;N
1525;-23.5593518;-46.6700813;50 km/h;AVENIDA REBOUCAS (CENTRO/BAIRRO), OPOSTO NUMERO 839;[List];EXE,F,R,V,VR;FIXO;;1702684800000;3;5200/5201;N
1526;-23.5674342;-46.6837257;50 km/h;AVENIDA REBOUCAS (BAIRRO/CENTRO), NUMERO 2485;[List];EXE,F,R,V,VR;FIXO;;1703808000000;3;5202/5203;N
1527;-23.5672544;-46.6837394;50 km/h;AVENIDA REBOUCAS (CENTRO/BAIRRO), NUMERO 2472;[List];EXE,F,R,V,VR;FIXO;;1704326400000;3;5204/5205;N
1528;-23.529117;-46.738927;50 km/h;AV DR GASTAO VIDIGAL (M TIETE/VL LEOP) X R MERGENTHALER;[List];A,P,R,V;FIXO;;1723593600000;5;5218/5491;N
1529;-23.5484152;-46.6502504;50 km/h;RUA DA CONSOLACAO (BAIRRO/CENTRO), NUMERO 927;[List];A,F,P,R,V,Z;FIXO;;1703116800000;4;5226/5323;N
1530;-23.538071;-46.708538;40 km/h;RUA CERRO CORA (JAGUARE/LAPA), OPOSTO NUMERO 1268 /  RUA CERRO CORA (LAPA/JAGUARE), NUMERO 1268;[List];R,V,Z;FIXO;;1713225600000;3;5237/5236;S
1531;-23.535703;-46.717757;40 km/h;RUA CERRO CORA (JAGUARE/LAPA), NUMERO 2375/RUA CERRO CORA (LAPA/JAGUARE), NUMERO 2384;[List];R,V,Z;FIXO;;1713312000000;2;5239/5238;S
1532;-23.630294;-46.618011;40 km/h;AVENIDA DO CURSINO (BAIRRO/CENTRO), NUMERO 3271 / AVENIDA DO CURSINO (CENTRO/BAIRRO), OPOSTO NUMERO 3271;[List];V;FIXO;1755734400000;1711670400000;2;5246/5245;S
1533;-23.625601;-46.615109;40 km/h;RUA DOM VILARES (ANCHIETA/IMIGRANTES) X RUA EVOLUCAO/RUA DOM VILARES (IMIGRANTES/ANCHIETA) X RUA EVOLUCAO;[List];V;FIXO;1756339200000;1712620800000;2;5247/5248;N
1534;-23.594261;-46.661266;40 km/h;AVENIDA IV CENTENARIO (BAIRRO/CENTRO), NUMERO 1105/AVENIDA IV CENTENARIO (CENTRO/BAIRRO), OPOSTO NUMERO 1105;[List];F,R,V,Z;FIXO;1757548800000;1713916800000;2;5251/5252;N
1535;-23.621953;-46.606493;40 km/h;RUA NOSSA SENHORA DA SAUDE (IMIGRANTES/ANCHIETA), NUMERO 1394/RUA NOSSA SENHORA DA SAUDE (ANCHIETA/IMIGRANTES), NUMERO 1387;[List];V,VR;FIXO;1756339200000;1711670400000;2;5255/5256;N
1536;-23.645541;-46.607026;40 km/h;AVENIDA PADRE ARLINDO VIEIRA (IMIGRANTES/ANCHIETA), NUMERO 3101/AVENIDA PADRE ARLINDO VIEIRA(ANCHIETA/IMIGRANTES), NUMERO 3100;[List];V;FIXO;1757548800000;1714089600000;2;5257/5258;N
1537;-23.618088;-46.624679;40 km/h;R RIBEIRO LACERDA (IMIGRANTES/ANCHIETA) X R FONSECA DA COSTA/R RIBEIRO LACERDA (ANCHIETA/IMIGRANTES) X R FONSECA DA COSTA;[List];R,V,Z;FIXO;1756339200000;1711065600000;4;5260/5261;N
1538;-23.615233;-46.605292;40 km/h;RUA VERGUEIRO (BAIRRO/CENTRO), NUMERO 8527/RUA VERGUEIRO (CENTRO/BAIRRO), OPOSTO NUMERO 8527;[List];V;FIXO;1756339200000;1711065600000;2;5262/5263;S
1539;-23.58001;-46.616981;40 km/h;RUA CORONEL DIOGO (IPIRANGA/CAMBUCI), OPOSTO AO NUMERO 1199/RUA CORONEL DIOGO (CAMBUCI/IPIRANGA), NUMERO 1199;[List];F,R,V,Z;FIXO;1756339200000;1713312000000;2;5266/5265;N
1540;-23.60202399;-46.66084596;50 km/h;AVENIDA IBIRAPUERA (CENTRO/BAIRRO), NUMERO 1994;[List];EXE,F,R,V,Z;FIXO;;1715040000000;3;5291/5292;N
1541;-23.5690054;-46.6610566;50 km/h;AVENIDA NOVE DE JULHO (CENTRO/BAIRRO), NUMERO 3384;[List];EXE,R,V,VR;FIXO;;1704326400000;3;5294/5295;N
1542;-23.58156303;-46.65811788;50 km/h;AVENIDA PEDRO ALVARES CABRAL (JABAQUARA/IBIRAPUERA), NUMERO 201;[List];F,R,V,Z;FIXO;1755734400000;1711065600000;4;5296;N
1543;-23.5587049;-46.660819;50 km/h;RUA AUGUSTA (BAIRRO/CENTRO), NUMERO 1801;[List];F,R,V,Z;FIXO;;1706054400000;2;5303/5347;N
1544;-23.5825459;-46.6855886;50 km/h;AVENIDA CIDADE JARDIM (BAIRRO/CENTRO) X RUA ARACARI;[List];EXE,F,R,V,VR;FIXO;;1704844800000;2;5305/5322;N
1545;-23.5493741;-46.6531843;50 km/h;RUA DA CONSOLACAO (CENTRO/BAIRRO), NUMERO 1272;[List];EXE,F,R,V,Z;FIXO;;1703116800000;4;5307/5308;N
1546;-23.5673075;-46.6591735;50 km/h;AVENIDA NOVE DE JULHO (BAIRRO/CENTRO), NUMERO 3117;[List];EXE,F,R,V,VR;FIXO;;1702080000000;3;5311/5312;N
1547;-23.5149389;-46.6984989;50 km/h;AV PAULO VI (PINHEIROS/PERDIZES), OPOSTO AO NUMERO 2004;[List];EXD,R,V,Z;FIXO;1731974400000;1419984000000;3;5315/5316;N
1548;-23.587871;-46.634476;50 km/h;AV PROFESSOR NOE AZEVEDO (JABAQUARA/VILA MARIANA), A MAIS 20M DA R DONA JULIA;[List];F,R,V,Z;FIXO;;1431475200000;4;5337/5485/5338;N
1549;-23.5547349;-46.6689643;50 km/h;AVENIDA DOUTOR ARNALDO (CENTRO/BAIRRO) A MAIS 155 METROS DA RUA MAJOR NATANAEL;[List];F,R,V,Z;FIXO;;1704758400000;4;5346/5350;N
1550;-23.5265003;-46.6820677;50 km/h;RUA PALESTRA ITALIA (PERDIZES/LAPA) X AVENIDA POMPEIA;[List];A,P,R,V,Z;FIXO;1724976000000;1422576000000;4;5348/5349;N
1551;-23.5558471;-46.6820112;50 km/h;AVENIDA PAULO VI (PINHEIROS/SUMARE), A MAIS 35 METROS DA RUA LISBOA;[List];EXD,R,V,Z;FIXO;1709078400000;1703116800000;4;5355/5356;N
1552;-23.554359;-46.68028488;50 km/h;AV PAULO VI (SUMARE/PINHEIROS), A MAIS 135M DA PC OSWALDO CRUZ DE SOUZA DIAS;[List];EXD,R,V,Z;FIXO;1714608000000;1438128000000;4;5357/5358;N
1553;-23.5531048;-46.6734001;50 km/h;AVENIDA DOUTOR ARNALDO (BAIRRO/CENTRO), NUMERO 925;[List];F,R,V,Z;FIXO;;1703808000000;4;5369/5370;N
1554;-23.56691796;-46.61776584;40 km/h;RUA DA INDEPENDENCIA (CENTRO/BAIRRO), NUMERO 480;[List];EXD,F,R,V,Z;FIXO;;1437177600000;3;5379/5380;N
1555;-23.5793993;-46.624152;50 km/h;AVENIDA LINS DE VASCONCELOS (VILA MARIANA/CAMBUCI), NUMERO 1807;[List];EXD,F,R,V,Z;FIXO;;1438128000000;3;5385/5386;N
1556;-23.62094397;-46.64733516;50 km/h;AVENIDA INDIANOPOLIS (IBIRAPUERA /JABAQUARA), NUMERO 2626;[List];EXD,R,V,Z;FIXO;1756339200000;1712620800000;4;5387/5388;N
1557;-23.62129398;-46.647045;50 km/h;AVENIDA INDIANOPOLIS (JABAQUARA/IBIRAPUERA), NUMERO 2645;[List];F,R,V,Z;FIXO;1756339200000;1712620800000;4;5389/5390;N
1558;-23.5646364;-46.6525036;50 km/h;AVENIDA PAULISTA (PARAISO/CONSOLACAO), NUMERO 1106;[List];F,R,V,VR;FIXO;;1704844800000;4;5391/5392;N
1559;-23.56640604;-46.65067884;50 km/h;AVENIDA PAULISTA (CONSOLACAO/PARAISO), NUMERO 807;[List];F,R,V,VR;FIXO;;1717027200000;4;5393/5394;N
1560;-23.5691098;-46.6220299;50 km/h;AVENIDA LINS DE VASCONCELOS (VILA MARIANA/CAMBUCI), NUMERO 653;[List];EXD,F,R,V,Z;FIXO;1747612800000;1717632000000;3;5395/5396;N
1561;-23.57732196;-46.62527616;50 km/h;AVENIDA LACERDA FRANCO (CAMBUCI/VILA MARIANA) NUMERO 1680;[List];EXD,F,R,V,Z;FIXO;;1449100800000;3;5397/5398;N
1562;-23.59668303;-46.63657512;50 km/h;RUA DOMINGOS DE MORAIS (BAIRRO/CENTRO), NUMERO 2329;[List];EXD,F,R,V,Z;FIXO;1747612800000;1717891200000;5;5403/5486/5404;N
1563;-23.5999977;-46.6367656;50 km/h;RUA DOMINGOS DE MORAIS (CENTRO/BAIRRO), NUMERO 2668;[List];F,R,V,Z;FIXO;1756339200000;1712361600000;5;5405/5406;N
1564;-23.5450552;-46.6928861;50 km/h;RUA HEITOR PENTEADO (BAIRRO/CENTRO), NUMERO 1529;[List];F,R,V,Z;FIXO;;1704240000000;2;5409/5410;N
1565;-23.55594722;-46.66309167;50 km/h;RUA DA CONSOLACAO (BAIRRO/CENTRO) X AVENIDA PAULISTA;[List];A,F,P,V,R,Z;FIXO;1718236800000;1456358400000;4;5413/5414;N
1566;-23.615422;-46.627317;50 km/h;AV PROF ABRAAO DE MORAIS (IPIRAN/IMIG) X R GENERAL CHAGAS SANTOS;[List];A,P,R,V,Z;FIXO;1756339200000;1711065600000;5;5425;N
1567;-23.597775;-46.650364;40 km/h;R PEDRO DE TOLEDO (VL CLEMENT/IBIRAP) X AV PROFESSOR ASCENDINO REIS;[List];A,F,R,Z,S;FIXO;;1449100800000;2;5434/5492;N/A
1568;-23.5864986;-46.6353767;50 km/h;RUA VERGUEIRO (CENTRO/BAIRRO) X AVENIDA PROFESSOR NOE AZEVEDO;[List];A,CPE,F,R,V,Z;FIXO;1756339200000;1713225600000;4;5435;N
1569;-23.581808;-46.6662144;50 km/h;AV BRIGADEIRO LUIS ANTONIO (CENTRO/BAIRRO), OPOSTO AO NR 4655;[List];R,V,Z;FIXO;;1670630400000;3;5472/5473;N
1570;-23.5646681;-46.6773908;50 km/h;AV BRASIL (ITAIM/PINHEIROS), A MAIS 28M DA R ENGENHEIRO ALCIDES BARBOSA;[List];F,R,V,Z;FIXO;1727049600000;1448409600000;11;5474/5475/5476;N
1571;-23.6049532;-46.6260387;50 km/h;AV PROF ABRAAO DE MORAIS (JABAQUARA/IPIRANGA), NUMERO 37;[List];R,V,Z;FIXO;1752710400000;1722643200000;7;5497/5498;N
1572;-23.625703;-46.629222;50 km/h;AV PROF ABRAAO DE MORAIS (IPIRANGA/JABAQUARA), A MAIS 9M DA R PALERMO;[List];R,V,Z;FIXO;1752710400000;1723507200000;7;5499/5500;N
1573;-23.6089777;-46.65405178;50 km/h;AV MOREIRA GUIMARAES (SANT/AER), A MAIS 40M DA AV DIVINO SALVADOR;[List];EXD,F,R,V,VR;FIXO;1747612800000;1717632000000;2;5504/5505;N
1574;-23.61485609;-46.63833907;50 km/h;AV JABAQUARA (BAIRRO/CENTRO), NUMERO 1203;[List];F,R,V,Z;FIXO;1756339200000;1713225600000;4;5524/5549;N
1575;-23.61434411;-46.63842844;50 km/h;AV JABAQUARA (CENTRO/BAIRRO), NUMERO 1150;[List];F,R,V,Z;FIXO;1755734400000;1711065600000;4;5525;N
1576;-23.61218;-46.65673;60/50 km/h;AV MOREIRA GUIMARAES (AEROPORTO/SANTANA), NUMERO 699;[List];F,R,V,VR;FIXO;1756339200000;1713571200000;4;5557/5558;N
1577;-23.5620794;-46.6402707;60/50 km/h;AV VINTE E TRES DE MAIO (SANTANA/AEROPORTO) A MENOS 47M DO VD PEDROSO;[List];EXD,F,R,V,VR;FIXO;1747612800000;1718755200000;6;5576/5577;N
1578;-23.5626064;-46.6399635;60/50 km/h;AV VINTE E TRES DE MAIO (AEROPORTO/SANTANA) A MAIS 15M DO VD PEDROSO;[List];EXD,F,R,V,VR;FIXO;1747612800000;1718323200000;5;5578/5579;N
1579;-23.5809839;-46.6494408;60/50 km/h;AV VINTE E TRES DE MAIO (AER/SANT), A MAIS 32M  DO VIADUTO TUTOIA;[List];EXD,F,R,V,Z;FIXO;1751328000000;1722643200000;9;5580/5581;N
1580;-23.4421893;-46.7130841;40 km/h;RUA JOAO AMADO COUTINHO (JARAGUA/BRASILANDIA), NUMERO 884/RUA JOAO AMADO COUTINHO (BRASILANDIA/JARAGUA), NUMERO 883;[List];V;FIXO;;1717545600000;2;6601/6602;N
1581;-23.4649323;-46.5996552;40 km/h;RUA MANUEL GAYA (TREMEMBE/JACANA), NUMERO 761/RUA MANUEL GAYA (JACANA/TREMEMBE), OPOSTO NUMERO 761;[List];V;FIXO;;1706140800000;2;6605/6606;N
1582;-23.50053;-46.7064076;50 km/h;AVENIDA GENERAL EDGAR FACO (CENTRO/BAIRRO), NUMERO 676;[List];EXE,V;FIXO;;1715212800000;4;6608/6609;N
1583;-23.51888;-46.554885;60/50 km/h;AV CONDESSA ELISABETH DE ROBIANO (C. BRANCO/A. SENNA), NR 5120;[List];V;FIXO;1756339200000;1713830400000;4;6625/7157;N
1584;-23.519234;-46.5552556;90/60 km/h;MARGINAL TIETE, PISTA EXPRESSA (CB/AS), A MENOS 160M DO KM 22;[List];PR,V;FIXO;1757548800000;1714521600000;4;6626/6627;N
1585;-23.4996972;-46.6804436;40 km/h;AVENIDA CLAVASIO ALVES DA SILVA (CENTRO/BAIRRO), NUMERO 164/AVENIDA CLAVASIO ALVES DA SILVA (BAIRRO/CENTRO), OPOSTO NUMERO 164;[List];V;FIXO;;1712275200000;2;6629/6630;N
1586;-23.479949;-46.6499949;40 km/h;RUA CONSELHEIRO MOREIRA DE BARROS (SANTANA/MANDAQUI), NUMERO 3358/RUA CONSELHEIRO MOREIRA DE BARROS (MANDAQUI/SANTANA), OPOSTO NUMERO 3358;[List];V;FIXO;;1705363200000;2;6631/6632;S
1587;-23.4830174;-46.6460925;40 km/h;RUA CONSELHEIRO MOREIRA DE BARROS(SANTANA/MANDAQUI), NUMERO 2832/RUA CONSELHEIRO MOREIRA DE BARROS (MANDAQUI/SANTANA), OPOSTO NUMERO 2832;[List];V;FIXO;;1705363200000;2;6633/6634;S
1588;-23.490569;-46.7532237;40 km/h;RUA CORONEL JOSE RUFINO FREIRE (BAIRRO/CENTRO), NUMERO 261/RUA CORONEL JOSE RUFINO FREIRE (CENTRO/BAIRRO), NUMERO 252;[List];V;FIXO;;1717459200000;2;6636/6637;N
1589;-23.5080684;-46.7507775;40 km/h;AVENIDA CANDIDO PORTINARI (CENTRO/BAIRRO), NUMERO 402/AVENIDA CANDIDO PORTINARI (BAIRRO/CENTRO), OPOSTO NUMERO 402;[List];V;FIXO;;1717459200000;2;6638/6639;N
1590;-23.52299;-46.565165;60/50 km/h;AV MORVAN DIAS DE FIGUEIREDO (AS/CB),A MENOS 36M RUA DR. VIDAL REIS;[List];V,VR;FIXO;1757548800000;1713830400000;4;6640/7145;N
1591;-23.4618698;-46.6507428;40 km/h;AVENIDA PERI RONCHETTI (CACHOEIRINHA/HORTO), NUMERO 475/AVENIDA PERI RONCHETTI (HORTO/CACHOEIRINHA), OPOSTO NUMERO 475;[List];V;FIXO;;1717804800000;2;6641/6642;N
1592;-23.4025032;-46.7264827;50 km/h;AVENIDA RAIMUNDO PEREIRA DE MAGALHAES(CAIEIRAS/PERUS), NUMERO 17992/AVENIDA RAIMUNDO PEREIRA DE MAGALHAES(PERUS/CAIEIRAS), OPOSTO NUMERO 17992;[List];V;FIXO;1768262400000;1717545600000;2;6643/6644;N
1593;-23.4686461;-46.6438962;40 km/h;AV PARADA PINTO (CENTRO/BAIRRO), MENOS 5 METROS DA R CASA ILHA DA MADEIRA/AV PARADA PINTO (BAIRRO/CENTRO), MAIS 5 METROS DA R CASA ILHA DA MADEIRA;[List];V;FIXO;;1705363200000;2;6647/6648;N
1594;-23.4804064;-46.6322419;40 km/h;RUA VOLUNTARIOS DA PATRIA (MANDAQUI/SANTANA), NUMERO 4747/RUA VOLUNTARIOS DA PATRIA (SANTANA/MANDAQUI), OPOSTO NUMERO 4747;[List];V;FIXO;;1705708800000;2;6649/6650;S
1595;-23.4978239;-46.615734;40 km/h;AVENIDA LEONCIO DE MAGALHAES (CARANDIRU/AGUA FRIA), OPOSTO NUMERO 337/AVENIDA LEONCIO DE MAGALHAES (AGUA FRIA/CARANDIRU), NUMERO 337;[List];V;FIXO;;1705104000000;2;6651/6652;N
1596;-23.4983184;-46.6073796;40 km/h;RUA CORONEL MARCILIO FRANCO (BAIRRO/CENTRO), NUMERO 305/RUA CORONEL MARCILIO FRANCO (CENTRO/BAIRRO), OPOSTO NUMERO 305;[List];V;FIXO;;1707955200000;2;6653/6654;N
1597;-23.502869;-46.66664;50 km/h;AVENIDA ENGENHEIRO CAETANO ALVARES (CENTRO/BAIRRO), NUMERO 1358;[List];EXD,V;FIXO;;1701388800000;3;6658/6659;N
1598;-23.52328;-46.56512;90/60 km/h;MARGINAL TIETE, PISTA EXPRESSA (AS/CB) , A MAIS 93M DO  KM 21;[List];PR,V,VR;FIXO;1757548800000;1714435200000;4;6660/6661;N
1599;-23.5267662;-46.5709511;90/60 km/h;MARGINAL TIETE, PTA EXPRESSA (C BRANCO/A SENNA) A MENOS 40M KM 20;[List];PR,V,VR;FIXO;1757548800000;1714003200000;5;6668/6669;N
1600;-23.509206;-46.6918339;90/60 km/h;MARGINAL TIETE, PTA EXPRESSA (CB/AS),A MENOS 206M PTE FREGUESIA DO O;[List];PR,R,V,VR;FIXO;1725580800000;1429056000000;4;6671/6881/6906/6672;N
1601;-23.515641;-46.6673812;90/60 km/h;MARGINAL TIETE, PISTA EXPRESSA (CB/AS), A MENOS 55M PTE DO LIMAO;[List];PR,R,V,VR;FIXO;1757548800000;1714435200000;4;6673/6674;N
1602;-23.5185156;-46.5897279;50 km/h;AVENIDA GUILHERME COTCHING (CENTRO/BAIRRO), NUMERO 1238;[List];EXD,V;FIXO;;1706832000000;3;6679/6684;N
1603;-23.517934;-46.650917;60/50 km/h;AV PR CASTELO BRANCO (CB/AS), A MAIS 255M PONTE DA CASA VERDE;[List];R,V,VR;FIXO;1757548800000;1713571200000;5;6680/7117;N
1604;-23.513633;-46.674968;90/60 km/h;MARGINAL TIETE, PISTA EXPR (AS/CB), A MENOS 290M PTE JULIO M. NETO;[List];PR,R,V,VR;FIXO;1757548800000;1714521600000;4;6681/6682;N
1605;-23.513091;-46.675735;60/50 km/h;AV OTAVIANO ALVES DE LIMA (AS/CB), A MENOS 290M PT JULIO DE M NETO;[List];R,V,VR;FIXO;1757548800000;1714435200000;4;6683/7151;N
1606;-23.520757;-46.613207;60/50 km/h;AV MORVAN DIAS DE FIGUEIREDO (AS/CB),A MAIS 3M R AMAZONAS DA SILVA/AV MORVAN DIAS DE FIGUEIREDO (AS/CB) MAIS 78M R AMAZONAS DA SILVA-FX EXCL ONIBUS;[List];R,V,VR;FIXO;1755734400000;1710201600000;5;6685/6693/7098;N
1607;-23.4972664;-46.6122838;50 km/h;AVENIDA LUIZ DUMONT VILLARES (B/C) X RUA VIRI;[List];A,P,V;FIXO;;1706659200000;4;6689/6794;N
1608;-23.4968753;-46.612324;50 km/h;AVENIDA LUIZ DUMONT VILLARES (C/B) X RUA VIRI;[List];A,P,V;FIXO;;1702080000000;4;6690/6793;N
1609;-23.4959195;-46.6620038;50 km/h;AV ENGENHEIRO CAETANO ALVARES (B/C) X R BAIA FORMOSA;[List];A,P,V;FIXO;;1701475200000;3;6691/6696;N
1610;-23.4837429;-46.6029739;40 km/h;AVENIDA GENERAL ATALIBA LEONEL (CENTRO/BAIRRO), NUMERO 3918/AVENIDA GENERAL ATALIBA LEONEL (BAIRRO/CENTRO), OPOSTO NUMERO 3918;[List];V;FIXO;;1705104000000;2;6697/6698;S
1611;-23.508228;-46.5805386;40 km/h;AVENIDA CEREJEIRAS (BAIRRO/CENTRO), A MENOS 45 METROS DO NUMERO 790/AVENIDA CEREJEIRAS (CENTRO/BAIRRO), A MENOS 15 METROS DA RUA YORITOMO;[List];V;FIXO;;1718409600000;2;6699/6700;N
1612;-23.483499;-46.5797626;40 km/h;AVENIDA JARDIM JAPAO (JARDIM BRASIL/VILA NIVI), NUMERO 770/AVENIDA JARDIM JAPAO (VILA NIVI/JARDIMBRASIL), OPOSTO NUMERO 770;[List];V;FIXO;;1705363200000;2;6703/6704;S
1613;-23.4569689;-46.6003501;40 km/h;RUA MARIA AMALIA LOPES DE AZEVEDO (JARDIM GUAPIRA/TREMEMBE), NUMERO 2689/RUA MARIA AMALIA LOPES DE AZEVEDO (TREMEMBE/JARDIM GUAPIRA), OPOSTO NUMERO 2689;[List];V;FIXO;;1706572800000;2;6705/6706;N
1614;-23.51113;-46.60602;50 km/h;AVENIDA JOAQUINA RAMALHO (CENTRO/BAIRRO), NUMERO 570/AVENIDA JOAQUINA RAMALHO (BAIRRO/CENTRO), NUMERO 631;[List];V;FIXO;;1714694400000;4;6709/6710;N
1615;-23.5035559;-46.6033977;50 km/h;AVENIDA JOAQUINA RAMALHO (CENTRO/BAIRRO), NUMERO 1500/AVENIDA JOAQUINA RAMALHO (BAIRRO/CENTRO), NUMERO 1511;[List];V;FIXO;;1718236800000;2;6711/6712;N
1616;-23.4395023;-46.7212982;50 km/h;AVENIDA RAIMUNDO PEREIRA DE MAGALHAES(CENTRO/BAIRRO), NUMERO 11790/AVENIDA RAIMUNDO PEREIRA DE MAGALHAES(BAIRRO/CENTRO), NUMERO 11773;[List];V;FIXO;;1717545600000;4;6713/6714;N
1617;-23.4938777;-46.5917128;40 km/h;AVENIDA EDE (CENTRO/BAIRRO), NUMERO 634/AVENIDA EDE (BAIRRO/CENTRO), NUMERO 651;[List];V;FIXO;;1705708800000;2;6716/6717;N
1618;-23.4750711;-46.5918757;50 km/h;AVENIDA GUAPIRA (CENTRO/BAIRRO), NUMERO 1386/AVENIDA GUAPIRA (BAIRRO/CENTRO), OPOSTO NUMERO 1394;[List];V;FIXO;;1717804800000;2;6718/6719;N
1619;-23.5095859;-46.5875888;40 km/h;RUA MERE AMEDEA (MARGINAL TIETE/VILA MARIA), NUMERO 476/RUA MERE AMEDEA (VILA MARIA/MARGINALTIETE), OPOSTO NUMERO 476;[List];V;FIXO;;1718236800000;2;6720/6721;N
1620;-23.4699406;-46.6170244;50 km/h;AVENIDA NOVA CANTAREIRA (TREMEMBE/AGUAFRIA), NUMERO 3541/AVENIDA NOVA CANTAREIRA (AGUA FRIA/TREMEMBE), OPOSTO AO NUMERO 3541;[List];V;FIXO;;1704326400000;4;6722/6723;N
1621;-23.4759028;-46.612099;40 km/h;AVENIDA NOVA CANTAREIRA (AGUA FRIA/TUCURUVI), NUMERO 2511/AVENIDA NOVA CANTAREIRA (TUCURUVI/AGUAFRIA), NUMERO 2534;[List];V;FIXO;;1705104000000;4;6724/6725;S
1622;-23.4991673;-46.5876763;40 km/h;RUA PADRE SABOIA DE MEDEIROS (JARDIM JAPAO/VILA MARIA) , NUMERO 299/RUA PADRE SABOIA DE MEDEIROS (VILA MARIA/JARDIM JAPAO), NUMERO 304;[List];V;FIXO;;1704931200000;2;6726/6727;N
1623;-23.4759182;-46.6000934;50 km/h;AV DOUTOR ANTONIO MARIA DE LAET (BAIRRO/CENTRO), A MAIS 30M DA R SAO NESTOR/AV DOUTOR ANTONIO MARIA DE LAET (CENTRO/BAIRRO), A MENOS 30M DA R SAO NESTOR;[List];V;FIXO;;1706659200000;2;6728/6729;N
1624;-23.4881609;-46.6759281;40 km/h;AVENIDA DEPUTADO EMILIO CARLOS (BAIRRO/CENTRO), NUMERO 2113/AVENIDA DEPUTADO EMILIO CARLOS (CENTRO/BAIRRO), NUMERO 2224;[List];V;FIXO;;1706659200000;2;6730/6731;S
1625;-23.52694;-46.5986191;90/60 km/h;MARGINAL TIETE, PTA EXPRESSA (CB/AS) A MENOS 167M DA PTE PR J. QUADROS;[List];R,V,VR;FIXO;1756339200000;1713571200000;4;6742/6743;N
1626;-23.527058;-46.598732;70/60 km/h;MARGINAL TIETE, PTA CENTRAL (CB/AS), A MENOS 167M DA PTE PR J. QUADROS;[List];R,V,VR;FIXO;1755734400000;1707609600000;4;6744/7139;N
1627;-23.526962;-46.5955229;70/60 km/h;MARGINAL TIETE, PTA CENTRAL (AS/CB) A MENOS 75M DA PT PR J QUADROS;[List];R,V,VR;FIXO;1757548800000;1713484800000;3;6747/7123;N
1628;-23.5267801;-46.5954545;60/50 km/h;RODOVIA PRESIDENTE DUTRA (AS/CB), A MENOS 75M DA PTE PR J QUADROS;[List];V,VR;FIXO;1751328000000;1707609600000;5;6748/7095;N
1629;-23.5169477;-46.6474461;60/50 km/h;AV ASSIS CHATEAUBRIAND (AYRTON SENNA/CASTELO BRANCO), NR 1447;[List];R,V,VR;FIXO;1749686400000;1707609600000;4;6749/7148;N
1630;-23.5233165;-46.611618;90/60 km/h;MARGINAL TIETE, PTA EXPRESSA (CB/AS),A MENOS 31M DA PONTE DA VILA GUILHERME;[List];PR,R,V,VR;FIXO;1752710400000;1723507200000;7;6753/6754;N
1631;-23.5075726;-46.6987697;90/60 km/h;MARGINAL TIETE, PISTA EXPRESSA (AS/CB) A MAIS 101 METROS KM 6,5;[List];PR,R,V,VR;FIXO;1757548800000;1717804800000;4;6755/6756;N
1632;-23.4856203;-46.6813196;50 km/h;AV INAJAR DE SOUZA (B/C) A MAIS 60M DA R SIMAO DE TOLEDO CASTELHANOS;[List];A,P,V;FIXO;1731974400000;1715644800000;4;6757/6902;N
1633;-23.4860227;-46.681119;50 km/h;AV INAJAR DE SOUZA (CENTRO/BAIRRO), A MAIS 74M DA R INACIO LEITAO;[List];A,P,V;FIXO;1731974400000;1712188800000;4;6758/6903;N
1634;-23.5172355;-46.6454896;70/60 km/h;MARGINAL TIETE, PISTA CENTRAL (AYRTONSENNA/CASTELO BRANCO), KM 12;[List];MT,R,V,VR;FIXO;1757548800000;1714435200000;4;6763/7126;N
1635;-23.5191583;-46.5606547;50 km/h;AVENIDA EDUCADOR PAULO FREIRE (PENHA/FERNAO DIAS), NUMERO 1100;[List];A,P,V;FIXO;;1702080000000;3;6771/6961;N
1636;-23.5192084;-46.5609615;50 km/h;AVENIDA EDUCADOR PAULO FREIRE (FERNAO DIAS/PENHA), NUMERO 191;[List];A,P;FIXO;;1705449600000;4;6772/6795;N
1637;-23.520861;-46.6135859;90/60 km/h;MARGINAL TIETE, PISTA EXPRESSA (AS/CB), A MENOS 133M DO KM 15;[List];PR,R,V,VR;FIXO;1757548800000;1714435200000;4;6773/6774;N
1638;-23.520656;-46.613607;70/60 km/h;MARGINAL TIETE, PISTA CENTRAL (A. SENNA/CASTELO BRANCO), A MENOS 133M DO KM 15;[List];R,V,VR;FIXO;1757548800000;1714521600000;3;6775/7124;N
1639;-23.5075117;-46.7404174;50 km/h;R INACIO LUIS DA COSTA (CENTRO/BAIRRO) X R BRIGADEIRO HENRIQUE FONTENELLE;[List];A,P,V;FIXO;1769558400000;1423526400000;3;6803/6964;N
1640;-23.5095441;-46.6707737;50 km/h;AV ENGENHEIRO CAETANO ALVARES (B/C) X R CONEGO ARAUJO MARCONDES;[List];A,V;FIXO;;1701475200000;3;6804/6965;N
1641;-23.5150797;-46.6616809;70/60 km/h;MARGINAL TIETE, PISTA CENTRAL (AS/CB),A MAIS 247M DO KM 10,5;[List];MT,R,V,VR;FIXO;1757548800000;1714176000000;4;6807/7128;N
1642;-23.5155068;-46.6250557;50 km/h;AVENIDA CRUZEIRO DO SUL (CENTRO/BAIRRO), NUMERO 1800;[List];A,P,V;FIXO;;1701388800000;4;6809/6810;N
1643;-23.5152381;-46.6253044;50 km/h;AVENIDA CRUZEIRO DO SUL (BAIRRO/CENTRO), NUMERO 1803;[List];A,P,V;FIXO;;1702425600000;4;6811/6812;N
1644;-23.5038416;-46.6305061;50 km/h;AVENIDA BRAZ LEME (BAIRRO/CENTRO) X RUA COMENDADOR JOAQUIM MONTEIRO;[List];A,P,V;FIXO;;1712793600000;4;6828/6966;N
1645;-23.5065633;-46.6152172;50 km/h;AVENIDA ZAKI NARCHI (CENTRO/BAIRRO), NUMERO 1250;[List];A,P,V;FIXO;;1702512000000;4;6829/6967;N
1646;-23.5065449;-46.6154151;50 km/h;AVENIDA ZAKI NARCHI (BAIRRO/CENTRO), A MENOS 34 METROS NUMERO 1207;[List];A,P,V;FIXO;;1702598400000;4;6830/6968;N
1647;-23.5169407;-46.5844511;50 km/h;RUA CURUCA (VILA GUILHERME/DUTRA) X RUA AMAMBAI;[List];A,P,V;FIXO;;1702944000000;3;6831/6969;N
1648;-23.5157124;-46.5949628;50 km/h;AV NADIR DIAS DE FIGUEIREDO (MT/VG) X R PROFESSORA MARIA JOSE BARONE FERNANDES;[List];A,P,V;FIXO;;1699660800000;2;6832/6962;N
1649;-23.5154387;-46.5951615;50 km/h;AV NADIR DIAS DE FIGUEIREDO (VG/DUTRA) X R SAO QUIRINO;[List];A,P,V;FIXO;;1702425600000;2;6833/6963;N
1650;-23.4801052;-46.6733305;50 km/h;AV INAJAR DE SOUZA (CENTRO/BAIRRO) X SAIDA DA AV DEP. EMILIO CARLOS;[List];A,V;FIXO;1764201600000;1475280000000;3;6834/6835;N
1651;-23.514581;-46.677062;70/60 km/h;MARGINAL TIETE, PISTA CENTRAL (CB/AS),A MAIS 200M PONTE JULIO M NETO;[List];MT,R,V,VR;FIXO;1752710400000;1722902400000;7;6838/7134/7135/7143;N
1652;-23.515366;-46.6617171;90/60 km/h;MARGINAL TIETE, PISTA EXPRESSA (AS/CB), A MAIS 247 METROS KM 10,5;[List];PR,R,V,VR;FIXO;1757548800000;1714176000000;4;6841/6842;N
1653;-23.5149164;-46.6616397;60/50 km/h;AV OTAVIANO ALVES DE LIMA (AS/CB), ALT DA PCA PROF CESARINO JUNIOR;[List];R,V,VR;FIXO;1755734400000;1707609600000;5;6845/7101;N
1654;-23.507259;-46.698228;70/60 km/h;MARGINAL TIETE, PISTA CENTRAL (AS/CB),A MAIS 101M KM 6,5;[List];MT,R,V,VR;FIXO;1706745600000;1429056000000;3;6847/7129;N
1655;-23.507108;-46.698567;60/50 km/h;AV OTAVIANO ALVES DE LIMA (AS/CB), A MAIS 32M R LEO R DE MORAES;[List];R,V,VR;FIXO;1751328000000;1710374400000;5;6848/7105/6849/7153;N
1656;-23.509363;-46.691865;70/60 km/h;MARGINAL TIETE, PISTA CENTRAL (CB/AS)A MENOS 206M PT FREGUESIA DO O;[List];MT,R,V,VR;FIXO;1751328000000;1722902400000;7;6850/7132/7133/7142;N
1657;-23.4990572;-46.6853453;50 km/h;AVENIDA INAJAR DE SOUZA (CENTRO/BAIRRO), NUMERO 736;[List];A,P,V;FIXO;1731974400000;1712275200000;4;6854/6855;N
1658;-23.4987819;-46.6857032;50 km/h;AVENIDA INAJAR DE SOUZA (BAIRRO/CENTRO), A MAIS 21M NUMERO 765;[List];A,P,V;FIXO;1731974400000;1712361600000;4;6856/6857;N
1659;-23.4909338;-46.7099899;50 km/h;AVENIDA GENERAL EDGAR FACO (CENTRO/BAIRRO), NUMERO 1754;[List];EXE,V;FIXO;;1718409600000;4;6861/6862;N
1660;-23.4958772;-46.7081723;50 km/h;AVENIDA GENERAL EDGAR FACO (BAIRRO/CENTRO), NUMERO 1179;[List];EXE,V;FIXO;;1718755200000;4;6863/6864;N
1661;-23.4841121;-46.6074557;50 km/h;AV LUIZ D VILLARES (B/C), A MAIS 39M AV M EURICO GASPAR DUTRA;[List];EXD,V;FIXO;;1714176000000;5;6868/6869;N
1662;-23.482256;-46.605092;50 km/h;AV LUIZ DUMONT VILLARES (C/B), A MENOS 35M R ARIOSTO CESAR;[List];EXD,V;FIXO;;1705104000000;4;6870/6871;N
1663;-23.4907099;-46.6104857;50 km/h;AV LUIZ DUMONT VILLARES (C/B), A MENOS 35M R FRANCISCO LIPI;[List];EXD,V;FIXO;;1705363200000;5;6874/6875;N
1664;-23.5033452;-46.6199538;50 km/h;AVENIDA GENERAL ATALIBA LEONEL (CENTRO/BAIRRO), NUMERO 768;[List];EXD,V;FIXO;;1705536000000;3;6876/6877;N
1665;-23.5024997;-46.6181197;50 km/h;AVENIDA GENERAL ATALIBA LEONEL (BAIRRO/CENTRO), NUMERO 1089;[List];V;FIXO;;1701475200000;4;6878/6879;N
1666;-23.517848;-46.589423;50 km/h;AVENIDA GUILHERME COTCHING (BAIRRO/CENTRO), NUMERO 1303;[List];EXD,V;FIXO;;1705017600000;3;6882/6883;N
1667;-23.5002029;-46.6289332;50 km/h;RUA ALFREDO PUJOL, (SANTANA/CASA VERDE), NUMERO 316;[List];EXD,V;FIXO;;1702512000000;2;6886/6887;N
1668;-23.5141436;-46.654429;50 km/h;RUA ZANZIBAR (BAIRRO/CENTRO), NUMERO 125;[List];EXD,V;FIXO;;1706832000000;3;6888/6889;N
1669;-23.4807758;-46.6740975;50 km/h;AV INAJAR DE SOUZA (B/C), A MENOS 61M  R MORATO DE OLIVEIRA;[List];EXE,V;FIXO;1753401600000;1715299200000;4;6890/7087/6891;N
1670;-23.51721;-46.73609;90/60 km/h;MARGINAL TIETE, PTA EXPRESSA (AYRTON SENNA/CASTELO BRANCO), A MENOS 67M KM 2;[List];MT,PR,R,V;FIXO;1752710400000;1724371200000;7;6923/6924/6940/6941;N
1671;-23.5174772;-46.6455164;90/60 km/h;MARGINAL TIETE, PISTA EXPRESSA (AYRTON SENNA/CASTELO BRANCO), KM 12;[List];MT,PR,R,V,VR;FIXO;1726444800000;1467331200000;5;6934/6935;N
1672;-23.5076543;-46.7131161;70/60 km/h;MARGINAL TIETE, PISTA CENTRAL (AYRTON SENNA/CASTELO BRANCO), A MAIS 35M KM 5;[List];MT,R,V,VR;FIXO;1726099200000;1472083200000;5;6936/7130;N
1673;-23.5168042;-46.7319645;60/50 km/h;AV MARGINAL DIREITA DO TIETE (AYRTON SENNA/CASTELO BRANCO), NUMERO 536;[List];V;FIXO;1752710400000;1723852800000;9;6939/7108;N
1674;-23.5185688;-46.7362181;60/50 km/h;AV EMBAIXADOR MACEDO SOARES (CASTELO BRANCO/AYRTON SENNA), NUMERO 8000;[List];V;FIXO;1749686400000;1720051200000;5;6942/7111;N
1675;-23.5184494;-46.7363941;70/60 km/h;MARGINAL TIETE, PISTA CENTRAL (CB/AS), A MAIS 240M DO KM 1,5;[List];MT,V;FIXO;1751328000000;1720656000000;5;6949/7131;N
1676;-23.5193136;-46.6368265;70/60 km/h;MARGINAL TIETE, PISTA CENTRAL (CB/A SENNA), A MAIS 10M PTE GOV ORESTES QUERCIA;[List];R,V,VR;FIXO;1752710400000;1723593600000;9;6951/7137/6952/7162;N
1677;-23.4343438;-46.7198125;50 km/h;AV RAIMUNDO PEREIRA DE MAGALHAES (C/B) X AV DEPUTADO CANTIDIO SAMPAIO;[List];A,CPE,V;FIXO;1769558400000;1480550400000;3;6955/7090;N
1678;-23.4714264;-46.6406534;40 km/h;AV ULTRAMARINO (SANTANA/MANDAQUI), NUMERO 694/AV ULTRAMARINO (MANDAQUI/SANTANA), OPOSTO NUMERO 694;[List];V;FIXO;;1704326400000;2;6956/6957;N
1679;-23.4906366;-46.6106503;50 km/h;AV LUIZ DUMONT VILLARES (B/C), A MENOS 62M R SARGENTO MOR RAMALHO;[List];EXD,V;FIXO;;1707264000000;5;6970/6971;N
1680;-23.5002541;-46.6295724;50 km/h;R ALFREDO PUJOL (CASA VERDE/SANTANA),NUMERO 383;[List];EXD,V;FIXO;;1708041600000;2;6973/6974;N
1681;-23.5001361;-46.6223271;40 km/h;R DOUTOR ZUQUIM (CENTRO/BAIRRO)  X  R DOUTOR OLAVO EGIDIO;[List];A,P,V;FIXO;;1701475200000;3;6975/6976;N
1682;-23.4996107;-46.598713;40 km/h;AV CONCEICAO (CENTRO/BAIRRO), OPOSTO NUMERO 1539/AV CONCEICAO (BAIRRO/CENTRO), NUMERO 1539;[List];V;FIXO;;1705449600000;2;6980/6981;N
1683;-23.530254;-46.594659;60/50 km/h;AV CONDESSA ELISABETH DE ROBIANO (C BRANCO/A SENNA), A MENOS 60M NUMERO 320;[List];R,V,VR;FIXO;1756339200000;1713225600000;4;6982/7159;N
1684;-23.5282972;-46.5956132;90/60 km/h;MARGINAL TIETE, PISTA EXPRESSA (AS/CB), A MENOS 161M DA PTE PR JANIO QUADROS;[List];PR,R,V,VR;FIXO;1752710400000;1722902400000;6;6984/6985/6986/6987;N
1685;-23.4707713;-46.6057945;40 km/h;AV CORONEL SEZEFREDO FAGUNDES (C/B), NUMERO 876/AV CORONEL SEZEFREDO FAGUNDES (B/C), NUMERO 877;[List];V;FIXO;;1705104000000;2;6990/6991;N
1686;-23.4940165;-46.7310708;40 km/h;AV RAIMUNDO PEREIRA DE MAGALHAES (CENTRO/BAIRRO), A MENOS 6M NUMERO 3840/AV RAIMUNDO PEREIRA DE MAGALHAES (BAIRRO/CENTRO), A MENOS 230M NUMERO 3101;[List];V;FIXO;;1717459200000;2;6992/6993;S
1687;-23.4803713;-46.5672058;40 km/h;AVENIDA EDU CHAVES (JACANA/EDU CHAVES), OPOSTO NUMERO 1533/AVENIDA EDU CHAVES (EDU CHAVES/JACANA), NUMERO 1533;[List];V;FIXO;;1717804800000;2;6994/6995;N
1688;-23.4816199;-46.5928584;40 km/h;AVENIDA GUSTAVO ADOLFO (TUCURUVI/JARDIM BRASIL), NUMERO 686/AVENIDA GUSTAVO ADOLFO (JARDIM BRASIL/TUCURUVI), NUMERO 683;[List];V;FIXO;;1705536000000;2;6996/6997;N
1689;-23.476942;-46.6203266;40 km/h;AVENIDA AGUA FRIA (BAIRRO/CENTRO), NUMERO 1373/AVENIDA AGUA FRIA (CENTRO/BAIRRO), NUMERO 1356;[List];V;FIXO;;1704326400000;2;6998/6999;N
1690;-23.4915646;-46.6558814;50 km/h;AV ENGENHEIRO CAETANO ALVARES (CENTRO/BAIRRO), NR 3142;[List];V;FIXO;;1701475200000;2;7088;N
1691;-23.5272178;-46.5649175;60/50 km/h;AV CDESSA ELISABETH DE ROBIANO (CB/AS) X R ANTONIO MACEDO;[List];A,P,V,VR;FIXO;1755734400000;1707436800000;3;7091/7165;N
1692;-23.514859;-46.677097;60/50/50 km/h;AV PR CASTELO BRANCO (CB/AS), A MAIS 200 METROS PONTE JULIO DE MESQUITA NETO;[List];R,V,VR;FIXO;1749686400000;1720742400000;3;7114/7115;N
1693;-23.526874;-46.59932;60/50 km/h;AV PRES CASTELO BRANCO (C. BRANCO/A. SENNA), A MENOS 55M AV ARISTON AZEVEDO;[List];R,V,VR;FIXO;1756339200000;1714089600000;3;7119/7120;N
1694;-23.513639;-46.722685;60/50 km/h;AV EMBAIXADOR MACEDO SOARES (CB/AS), A MENOS 1M DA R BOTOCUDOS;[List];R,V,VR;FIXO;1751328000000;1711584000000;4;6897/7154;N
1695;-23.5032419;-46.6095396;40 km/h;RUA MARIA CANDIDA (B/C), NUMERO 542;[List];V;FIXO;;1712016000000;2;7164;N
1696;-23.509467;-46.71066;60/50 km/h;AV EMBAIXADOR MACEDO SOARES (CB/AS) N 10001;[List];R,V,VR;FIXO;1757548800000;1713571200000;5;7166/7167;N
1697;-23.4031638;-46.7388803;40 km/h;R ANTONIO JOSE ANACLETO (CAIEIRAS/RODOANEL), OPOSTO NUMERO 160/R ANTONIO JOSE ANACLETO (RODOANEL/CAIEIRAS), NUMERO 160;[List];V;FIXO;;1709164800000;2;7174/7175;N
1698;-23.5144189;-46.6770213;90/60 km/h;MARGINAL TIETE, PISTA EXPRESSA (CB/AS), A MAIS 200M PONTE JULIO  DE MESQUITA  NETO;[List];PR,R,V,VR;FIXO;1755734400000;1722643200000;7;7176/7177/7178/7179;N
1699;-23.5038486;-46.6249455;40 km/h;AV CRUZEIRO DO SUL (B/C) X R DARZAN;[List];A,P,V;FIXO;;1701475200000;5;7187/7188;N
1700;-23.51825;-46.73636;90/60 km/h;MARGINAL TIETE, PTA EXPRESSA (CASTELO BRANCO/AYRTON SENNA), A MAIS 226M KM 1,5;[List];MT,PR,R,V,VR;FIXO;1751328000000;1720224000000;7;7189/7190;N
1701;-23.5093672;-46.7070158;90/60 km/h;MARGINAL TIETE, PTA EXPRESSA (C BRANCO/A SENNA), A MENOS 119M DA PONTE PIQUERI;[List];MT,PR,R,V,VR;FIXO;1752710400000;1724284800000;7;7191/7192;N
1702;-23.5182748;-46.6470465;90/60 km/h;MARGINAL TIETE, PTA EXPRESSA (CASTELO BRANCO/AYRTON SENNA), A MAIS 225M KM 11,5;[List];MT,PR,R,V,VR;FIXO;1752710400000;1724284800000;9;7193/7194/7195/7196;N
1703;-23.5129096;-46.724454;90/60 km/h;MARGINAL TIETE, PTA EXPRESSA (AYRTON SENNA/CASTELO BRANCO), A MAIS 117M KM 3,5;[List];MT,PR,R,V;FIXO;1752710400000;1723593600000;9;7197/7198/7199/7200;N
1704;-23.5362215;-46.4682732;30 km/h;AVENIDA CAMPANELLA (CENTRO/BAIRRO), NUMERO 696;[List];A,P;FIXO;;1724457600000;1;4332;N/A
1705;-23.536151;-46.468077;30 km/h;AVENIDA CAMPANELLA (BAIRRO/CENTRO), OPOSTO AO NUMERO 696;[List];A,P;FIXO;;1724457600000;1;4328;N/A
1706;-23.5265208;-46.6820872;50 km/h;RUA PALESTRA ITALIA (PERDIZES/LAPA) X AVENIDA POMPEIA;[List];A,P,R,V,Z;FIXO;;1725062400000;4;5349;N
1707;-23.52443;-46.63034;50 km/h;AV DO ESTADO (IPIRANGA/SANTANA) X AV SANTOS DUMONT;[List];A,CPD,P,R,V,VR;FIXO;;1725321600000;3;4316;N
1708;-23.616986;-46.7104052;50 km/h;AV MORUMBI (MARG PINHEIROS/FRANCISCO MORATO), A MAIS 117M DA R LEONOR QUADROS;[List];V,VR;FIXO;;1725494400000;2;2865;N
1709;-23.5423742;-46.7189665;50 km/h;AVENIDA PADRE PEREIRA DE ANDRADE (PINHEIROS/LAPA), NUMERO 575;[List];R,V,Z;FIXO;;1725062400000;2;5221;N
1710;-23.5414772;-46.7192728;50 km/h;AVENIDA PADRE PEREIRA DE ANDRADE (LAPA/PINHEIROS), OPOSTO AO NUMERO 519;[List];R,V,Z;FIXO;;1725062400000;2;5330;N
1711;-23.5707254;-46.675841;50 km/h;RUA GROENLANDIA (PINHEIROS/ITAIM), NUMERO 1546;[List];F,R,V,Z;FIXO;;1725321600000;2;9285;N
1712;-23.672996;-46.744144;50 km/h;ESTRADA DO M BOI MIRIM (BAIRRO/CENTRO), NUMERO 1211;[List];EXE,V;FIXO;;1724716800000;3;2820/2821;N
1713;-23.6169978;-46.7103076;50 km/h;AV MORUMBI (FRANCISCO MORATO/MARGINAL PINHEIROS), A MENOS 86M DA R HEITOR PORTUGAL;[List];V,VR;FIXO;;1724716800000;3;2864;N
1714;-23.6058218;-46.668005;40 km/h;ALAMEDA JAUAPERI (BAIRRO/CENTRO), NUMERO 1096;[List];F,R,V,Z;FIXO;;1722902400000;2;6328;N
1715;-23.6535479;-46.759562;50 km/h;ESTRADA DE ITAPECERICA (CENTRO/BAIRRO) A MENOS 55M DA RUA JOAO FRANCISCO DELMAS;[List];V;FIXO;;1722297600000;3;2589;N
1716;-23.494657;-46.414193;50 km/h;AV MARECHAL TITO (CENTRO/BAIRRO) X R CARAIPE DAS AGUAS;[List];A,P,V;FIXO;;1725494400000;3;4633;N
1717;-23.54688;-46.5996;40 km/h;R JOAO TOBIAS (BAIRRO/CENTRO) X AV ALCANTARA MACHADO;[List];A,CPD,P,R,V;FIXO;;1725580800000;3;4393;N
1718;-23.5637075;-46.6784927;50 km/h;R HENRIQUE SCHAUMANN (PINHEIROS/JARDINS), NUMERO 81;[List];R,V;FIXO;;1725667200000;8;5477;N
1719;-23.5092;-46.69183;90/60 km/h;MARGINAL TIETE, PTA EXPRESSA (CB/AS),A MENOS 206M PTE FREGUESIA DO O;[List];MT,PR,R,V,VR;FIXO;1752710400000;1725667200000;4;6671/6672;N
1720;-23.50765;-46.71311;70/60 km/h;MARGINAL TIETE, PISTA CENTRAL (AYRTON SENNA/CASTELO BRANCO), A MAIS 35M KM 5;[List];MT,R,V,VR;FIXO;1757548800000;1726185600000;5;6936/7130/7849/7850;N
1721;-23.593056;-46.471079;50 km/h;AV ARICANDUVA (C/B), A MENOS 65M DO NUMERO 12200;[List];EXD,V;FIXO;1767571200000;1726012800000;3;4626;N
1722;-23.58229;-46.56163;50 km/h;AV PROF LUIZ IGNACIO ANHAIA MELLO (CENTRO/BAIRRO), OPOSTO AO NR 3333;[List];V;FIXO;;1726272000000;5;4563;N
1723;-23.51747;-46.64551;90/60 km/h;MARGINAL TIETE, PISTA EXPRESSA (AYRTON SENNA/CASTELO BRANCO), KM 12;[List];MT,PR,R,V,VR;FIXO;1752710400000;1726531200000;5;6934/6935/7847/7848;N
1724;-23.69586;-46.71512;50 km/h;AVENIDA ATLANTICA (CENTRO/BAIRRO) A MENOS 12 METROS DA RUA PORTO ARTUR;[List];EXE,V;FIXO;1755734400000;1726617600000;3;2424/2425;N
1725;-23.67437;-46.71231;50 km/h;AVENIDA ATLANTICA (CENTRO/BAIRRO) NUMERO 1000;[List];EXE,V;FIXO;1755734400000;1726617600000;3;2426/2427;N
1726;-23.73284;-46.69803;50 km/h;AV SENADOR TEOTONIO VILELA (B/C) A MENOS 152M DO NR 3481;[List];EXE,V;FIXO;1755734400000;1726617600000;3;2834/2849;N
1727;-23.58208;-46.56183;50 km/h;AV PROF LUIZ IGNACIO ANHAIA MELLO (BAIRRO/CENTRO), NR 3333;[List];V;FIXO;;1726272000000;4;4565;N
1728;-23.61259;-46.473199;50 km/h;AV SAPOPEMBA (CENTRO/BAIRRO), A MENOS 15 METROS DO NUMERO 13958;[List];V;FIXO;;1726272000000;3;4571;N
1729;-23.583522;-46.534931;50 km/h;AV SAPOPEMBA (BAIRRO/CENTRO), NUMERO 5905;[List];V;FIXO;;1726272000000;1;4585;N
1730;-23.622202;-46.465513;50 km/h;AV SAPOPEMBA (BAIRRO/CENTRO), A MAIS 54M DA R ILHA DO CARDOSO;[List];V;FIXO;;1726272000000;3;4609;N
1731;-23.494996;-46.437623;40 km/h;AV MARECHAL TITO (CENTRO/BAIRRO), A MAIS 30M DA R ENGENHEIRO MANUEL OSORIO;[List];EXD,V,VR;FIXO;;1726790400000;2;4269/4270;N
1732;-23.564778;-46.6772626;50 km/h;AV BRASIL (ITAIM/PINHEIROS), A MAIS 28M DA R ENGENHEIRO ALCIDES BARBOSA;[List];F,R,V,Z;FIXO;;1727136000000;7;5474;N
1733;-23.5835774;-46.534822;50 km/h;AV SAPOPEMBA (CENTRO/BAIRRO), OPOSTO NUMERO 5905;[List];V;FIXO;;1727136000000;3;4584;N
1734;-23.61293;-46.49116;50 km/h;AV SAPOPEMBA (CENTRO/BAIRRO), OPOSTO AO NUMERO 12141;[List];V;FIXO;;1727136000000;5;4569;N
1735;-23.5609387;-46.687155;50 km/h;RUA CARDEAL ARCOVERDE (CENTRO/BAIRRO), NUMERO 1636;[List];R,V;FIXO;;1721692800000;3;5373;N
1736;-23.5638183;-46.668212;40 km/h;RUA OSCAR FREIRE (CONSOLACAO/PARAISO), NUMERO 778;[List];F,R,V,Z;FIXO;;1720656000000;2;9282;N
1737;-23.636585;-46.7370111;50 km/h;AVENIDA GIOVANNI GRONCHI (BAIRRO/CENTRO), NUMERO 6701;[List];V,VR;FIXO;;1722556800000;2;2563;N
1738;-23.6759523;-46.7528401;50 km/h;ESTRADA DO M BOI MIRIM (BAIRRO/CENTRO), NUMERO 2203;[List];EXE,V;FIXO;;1722297600000;3;2822/2823;N
1739;-23.6787702;-46.7631643;50 km/h;ESTRADA DO M BOI MIRIM (B/C), A MENOS 22M DA RUA EMILIO KERR;[List];EXE,V;FIXO;;1722297600000;3;2606/2607;N
1740;-23.6756275;-46.7544309;50 km/h;ESTRADA DO M BOI MIRIM (CENTRO/BAIRRO), NUMERO 2420;[List];EXE,V;FIXO;;1722297600000;3;2826/2827;N
1741;-23.55789;-46.51521;50 km/h;AV ARICANDUVA (C/B), A MAIS 14M DA R DR MARIANO CURSINO DE MOURA;[List];V;FIXO;;1727395200000;5;4556;N
1742;-23.6243995;-46.7373902;50 km/h;AV DR GUILHERME DUMONT VILARES (FCO MORATO/GIOVANNI) A MENOS 55M DA R CARAPOANA;[List];V,VR;FIXO;;1727481600000;2;2707;N
1743;-23.5539612;-46.6755485;50 km/h;RUA CARDEAL ARCOVERDE (CENTRO/BAIRRO),NUMERO 226;[List];R,V,Z;FIXO;;1727481600000;3;9286;N
1744;-23.580008;-46.492552;50 km/h;AV ARICANDUVA (B/C), A MAIS 290M DA AV AFONSO DE SAMPAIO E SOUSA;[List];V;FIXO;;1727827200000;5;4554;N
1745;-23.57224;-46.603931;50 km/h;AV DO ESTADO (BAIRRO/CENTRO), A MAIS 401 METROS DA R GUEMBE;[List];R,V,VR;FIXO;;1727913600000;4;4388;N
1746;-23.5307106;-46.4482808;50 km/h;AV JOSE PINHEIRO BORGES (CENTRO/BAIRRO), A MENOS 60M DA R JOSE BAUMAN;[List];V;FIXO;;1727827200000;5;4612;N
1747;-23.5565166;-46.6601823;40 km/h;RUA HADDOCK LOBO (CENTRO/BAIRRO), NUMERO 403;[List];F,R,V,Z;FIXO;;1711670400000;3;5366;N
1748;-23.55594722;-46.66309167;50 km/h;RUA DA CONSOLACAO (BAIRRO/CENTRO) X AVENIDA PAULISTA;[List];A,F,P,R,V,Z;FIXO;;1718323200000;4;5414;N
1749;-23.5558471;-46.6820112;50 km/h; AVENIDA PAULO VI (PINHEIROS/SUMARE), A MAIS 35 METROS DA RUA LISBOA;[List];EXD,R,V,Z;FIXO;;1709164800000;4;5355/5356;N
1750;-23.573138;-46.737561;50 km/h;AV CORIFEU DE AZEVEDO MARQUES (BAIRRO/CENTRO), A MAIS 190M DA R AMORIM CASTRO;[List];V;FIXO;;1714694400000;2;2552;N
1751;-23.566908;-46.6888374;40 km/h;RUA ARTUR DE AZEVEDO (CENTRO/BAIRRO) X AVENIDA PEDROSO DE MORAIS;[List];A,F,P,R,Z;FIXO;;1718064000000;2;5145;N
1752;-23.60829;-46.725842;50 km/h;AV GIOVANNI GRONCHI (C/B), A MENOS 47M DA R ANTONIO JULIO DOS SANTOS-AVENIDA GIOVANNI GRONCHI (B/C), MENOS 20M DA RUA PASQUALE GALLUPI;[List];V,VR;FIXO;;1720137600000;4;2515/2516;N
1753;-23.586709;-46.693498;50 km/h;AVENIDA DOS TAJURAS (BAIRRO/CENTRO), NUMERO 406;[List];V;FIXO;;1720137600000;3;2588;N
1754;-23.702368;-46.78298;40 km/h;ESTRADA DO M BOI MIRIM (CENTRO/BAIRRO), NUMERO 6880- ESTRADA DO M BOI MIRIM (BAIRRO/CENTRO), OPOSTO AO NUMERO 6880;[List];V;FIXO;;1727222400000;2;2528/2529;S
1755;-23.49587;-46.391622;50 km/h;AV MARECHAL TITO (BAIRRO/CENTRO), A MAIS 2 METROS DA R ANTONIO NUNES PINTO;[List];V;FIXO;;1728086400000;2;4308;N
1756;-23.521474;-46.52562;50 km/h;AV SAO MIGUEL (BAIRRO/CENTRO), NUMERO 105;[List];V;FIXO;;1727481600000;3;4221;N
1757;-23.53912596;-46.67501592;50 km/h;AV SUMARE (PERDIZES/PINHEIROS), NUMERO 1130;[List];R,V,Z;FIXO;;1728345600000;4;5471;N
1758;-23.5471966;-46.6475435;50 km/h;R AMARAL GURGEL  (PENHA/LAPA) A MENOS 100M DO N° 489;[List];F,R,V,Z;FIXO;;1728345600000;3;5595;N
1759;-23.555681;-46.63522;40 km/h;R GALVAO BUENO B/C, NR 17;[List];F,R,V,Z;FIXO;1736380800000;1728345600000;1;117;N
1760;-23.54447;-46.6853;40 km/h;RUA APINAJES (PINHEIROS/PERDIZES), OPOSTO AO NUMERO 1694 / RUA APINAJES (PERDIZES/PINHEIROS), NUMERO 1694;[List];R,V,Z;FIXO;;1728518400000;2;5163/5162;N
1761;-23.6145039;-46.4707849;50 km/h;AV SAPOPEMBA (BAIRRO/CENTRO), NUMERO 14331 A;[List];V;FIXO;;1728604800000;3;4572;N
1762;-23.49497;-46.437284;40 km/h;AVENIDA MARECHAL TITO (BAIRRO/CENTRO), NUMERO 877;[List];EXD,V,VR;FIXO;;1729209600000;2;4267/4268;N
1763;-23.6650138;-46.7704479;50 km/h;AV ELLIS MAAS (CENTRO/BAIRRO) X AV PROF DOUTOR TELEMACO H M V LANGENDONCK;[List];A,P;FIXO;;1729728000000;2;2724;N
1764;-23.6378188;-46.7392918;50 km/h;AV CARLOS CALDEIRA FILHO (CENTRO/BAIRRO) A MAIS 375M DA AV GIOVANNI GRONCHI / AV CARLOS CALDEIRA FILHO (BAIRRO/CENTRO), NUMERO 453;[List];V;FIXO;;1720656000000;4;2720/2721;N
1765;-23.586698;-46.693497;50 km/h;AVENIDA DOS TAJURAS (CENTRO/BAIRRO), A MENOS 14 METROS DO NUMERO 401;[List];V;FIXO;;1720656000000;3;2509;N
1766;-23.59935;-46.68563;50 km/h;AV DOS BANDEIRANTES, PISTA EXPRESSA (IMIG/MARG) A MENOS 72M DA R LOURENÇO MARQUES;[List];R,V,VR;FIXO;1756339200000;1706832000000;5;2901;N
1767;-23.5073252;-46.698354;70/60 km/h;MARGINAL TIETE, PISTA CENTRAL (AS/CB), A MAIS 101M KM 6,5;[List];MT,R,V,VR;FIXO;1757548800000;1706832000000;3;6847/7129;N
1768;-23.620232;-46.478256;50 km/h;AV ADELIA CHOHFI (MAUA/SAO PAULO) A MAIS 27M DA R FORTALEZA DE PARANAGUÁ;[List];V;FIXO;;1731628800000;2;3554;N
1769;-23.4945103;-46.6246446;40 km/h;R JOSE DEBIEUX B/C, NR 261;[List];V;FIXO;;1731974400000;2;116;N
1770;-23.4602748;-46.6429593;40 km/h;AV SANTA INES C/B, NR 3200;[List];V;FIXO;;1731974400000;1;19;N
1771;-23.4603904;-46.642978;40 km/h;AV SANTA INES B/C, OPOSTO NR 3200;[List];V;FIXO;;1731974400000;1;100;N
1772;-23.52111338;-46.72726343;40 km/h;R GUAIPA B/C, NR 489/R GUAIPA C/B, NR 486;[List];R,V,Z;FIXO;;1732060800000;2;1756/1757;N
1773;-23.5502483;-46.6658488;40 km/h;R DES PAULO PASSALAQUA (JD PAULISTA/PERDIZES), A MENOS 49M R ITACARANHA;[List];R,V,Z,F;FIXO;;1780012800000;2;1754;N
1774;-23.5468591;-46.6767521;50 km/h;AV PAULO VI (PINHEIROS/PERDIZES), OPOSTO AO NUMERO 2004;[List];EXD,R,V,Z;FIXO;;1732060800000;4;5315;N
1775;-23.65837;-46.6639;50 km/h;AVENIDA VEREADOR JOAO DE LUCA (MARGINAL/DIADEMA) NUMERO 1790;[List];EXE,V;FIXO;1755734400000;1726790400000;4;2434/2435;N
1776;-23.560409;-46.519568;50 km/h;AV RIO DAS PEDRAS (CENTRO/BAIRRO), NUMERO 280;[List];EXD,V;FIXO;;1720828800000;2;4599;N
1777;-23.53848;-46.56551;50 km/h;R MELO FREIRE (CENTRO/BAIRRO) X R APUCARANA;[List];A,F,P,V,VR;FIXO;;1718323200000;7;4623/4638;N
1778;-23.5389735;-46.6974594;40 km/h;RUA AURELIA (PINHEIROS/LAPA), NUMERO 1921 / RUA AURELIA (LAPA/PINHEIROS), NUMERO 1906;[List];R,V,Z;FIXO;;1732233600000;2;5165/5164;N
1779;-23.54035104;-46.67547492;50 km/h;AV SUMARE (PINHEIROS/PERDIZES), NÚMERO 1231;[List];R,V,Z;FIXO;;1732233600000;4;5470;N
1780;-23.70135;-46.7013;50 km/h;AVENIDA INTERLAGOS (BAIRRO/CENTRO) X PRACA ENZO FERRARI;[List];A,P;FIXO;1749686400000;1706832000000;4;2663;N/A
1781;-23.73512;-46.69543;50 km/h;AV DONA BELMIRA MARIN (BAIRRO/CENTRO) X DOUTOR OSCAR ANDRADE LEMOS;[List];A,P,V;FIXO;1749686400000;1707523200000;2;2683;N
1782;-23.75718;-46.71415;50 km/h;AV SENADOR TEOTONIO VILELA (BAIRRO/CENTRO), NUMERO 6801;[List];EXE,V;FIXO;1749686400000;1707523200000;3;2845/2856;N
1783;-23.507507;-46.489368;50 km/h; AV SAO MIGUEL (BAIRRO/CENTRO) NUMERO 6451;[List];V;FIXO;;1732233600000;3;8567;N
1784;-23.490568;-46.7506008;50 km/h;AV MUTINGA (PIRITU/ANHANG), NR 2962 / AV MUTINGA (ANHANG/PIRITU), NR 2959;[List];V;FIXO;;1732579200000;2;1766/1767;N
1785;-23.493809;-46.417353;50 km/h;AV MARECHAL TITO (BAIRRO/CENTRO), A MAIS 191M DO VD DA CHINA;[List];EXD,V;FIXO;;1732752000000;3;4631/4632;N
1786;-23.63026;-46.71673;90/60 km/h;MARGINAL PINHEIROS (CASTELO BRANCO/INTERLAGOS), NUMERO 16741;[List];PR,V;FIXO;1751328000000;1706832000000;4;2638/2639;N
1787;-23.52782196;-46.73389284;40 km/h;AV IMPERATRIZ LEOPOLDINA C/B, NR 609/ AV IMPERATRIZ LEOPOLDINA B/C, OPOSTO NR 609;[List];R,V;FIXO;;1733356800000;4;1752/1753;N
1788;-23.6382353;-46.69724;30 km/h;R VERBO DIVINO (MARGINAL/SANTO AMARO) X AV SANTO AMARO;[List];A,P;FIXO;;1731542400000;3;2664;N/A
1789;-23.4748704;-46.7539404;50 km/h;ESTR TURISTICA DO JARAGUA (ANHANG/JARAGUA), NR 2500/ ESTR TURISTICA DO JARAGUA (JARAGUA/ANHANG), NR 2365;[List];V;FIXO;;1733356800000;2;1758/1759;N
1790;-23.5013081;-46.7098508;50 km/h;AV PAULA FERREIRA B/C, NR 1075;[List];V;FIXO;;1733356800000;1;1762;N
1791;-23.501381;-46.7097864;50 km/h;AV PAULA FERREIRA C/B, OPOSTO NR 1075;[List];V;FIXO;;1733356800000;1;1763;N
1792;-23.5727713;-46.7382243;50 km/h;AV CORIFEU DE AZEVEDO MARQUES (C/B) A MAIS 92M DA R PROF GABRIEL ST DE CARVALHO;[List];V;FIXO;;1714694400000;2;2554;N
1793;-23.546;-46.750595;40 km/h;AVENIDA PRESIDENTE ALTINO (JAGUARE/RIO PEQUENO), NUMERO 1141 / AVENIDA PRESIDENTE ALTINO (RIO PEQUENO/JAGUARE), NUMERO 1138;[List];V;FIXO;;1714694400000;2;2533/2534;S
1794;-23.554359;-46.68028488;50 km/h;AV PAULO VI (SUMARE/PINHEIROS), A MAIS 135M DA PC OSWALDO CRUZ DE SOUZA DIAS;[List];EXD,R,V,Z;FIXO;;1714694400000;4;5357/5358;N
1795;-23.4895782;-46.7171769;50 km/h;AV PAULA FERREIRA C/B, NR 2642/  AV PAULA FERREIRA B/C, OPOSTO NR 2642;[List];V;FIXO;;1733443200000;2;1764/1765;N
1796;-23.636946;-46.737026;50 km/h;AV GIOVANNI GRONCHI (CENTRO/BAIRRO), A MAIS 45M DA RUA CAXE;[List];V,VR;FIXO;;1732320000000;3;2561/2562;N
1797;-23.524587;-46.70751096;50 km/h;RUA BARAO DE JUNDIAI (BAIRRO/CENTRO), NUMERO 272;[List];R,V,Z;FIXO;;1735257600000;4;5302;N
1798;-23.555681;-46.63522;40 km/h;R GALVAO BUENO B/C, NR 18;[List];F,R,V,Z;FIXO;;1736467200000;1;117;N
1799;-23.54962096;-46.68263721;40 km/h;R HEITOR PENTEADO (BAIRRO/CENTRO), A MAIS 25M DA R CRISTIANO VIANA;[List];R,V,Z;FIXO;1756512000000;1738713600000;3;5536;S
1800;-23.552652;-46.741699;50 km/h;AVENIDA JAGUARE (CENTRO/BAIRRO) X PRACA FRANCISCO LUIZ GONZAGA;[List];V;FIXO;;1738368000000;3;2439;N
1801;-23.660397;-46.695923;50 km/h;AV. NOSSA SENHORA DO SABARA (C/B) A MAIS 117M DA R. DR. ARMANDO DA SILVA PRADO;[List];EXD,V;FIXO;1747612800000;1706832000000;3;2403;N
1802;-23.58721;-46.59161;50 km/h;VIADUTO GRANDE SAO PAULO (VP/IP), A MAIS 51M AV PROF LUIZ IGNACIO ANHAIA MELLO;[List];R,V,VR;FIXO;;1744675200000;4;4666;N
1803;-23.6784275;-46.7722221;40 km/h;AVENIDA COMENDADOR SANTANNA (M BOI/ITAPECERICA), NUMERO 1371/AVENIDA COMENDADOR SANTANNA (ITAPECERICA/M BOI), NUMERO 1370;[List];V;FIXO;;1721865600000;2;2510/2511;S
1804;-23.5871527;-46.6657677;50 km/h;AV ANTONIO JOAQUIM DE MOURA ANDRADE (MARGINAL PINHEIROS/IBIRAPUERA), NUMERO 175;[List];F,R,V;FIXO;;1721260800000;4;5230;N
1805;-23.55587;-46.66654;40 km/h;TUNEL NOITE ILUSTRADA (REBOUCAS/DR ARNALDO), A MAIS 15M DO DESEMBOQUE DO TUNEL;[List];R,V;FIXO;;1731024000000;2;5587;N
1806;-23.5434874;-46.4703864;50 km/h;AV S C CORINTHIANS PAULISTA (C/B) A MENOS 123M DA AV PROF ENG ARDEVAN MACHADO (antiga R Dr Luiz Ayres).;[List];V;FIXO;;1748995200000;7;8582;N
1807;-23.4860227;-46.681119;50 km/h;AV INAJAR DE SOUZA (CENTRO/BAIRRO), A MAIS 74M DA R INACIO LEITAO;[List];A,P,V;FIXO;;1746662400000;5;1772/1773;N
1808;-23.4856203;-46.6813196;50 km/h;AV INAJAR DE SOUZA (B/C) A MAIS 60M DA R SIMAO DE TOLEDO CASTELHANOS;[List];A,P,V;FIXO;;1746662400000;5;1770 1771;N
1809;-23.4990572;-46.6853453;50 km/h;AVENIDA INAJAR DE SOUZA (CENTRO/BAIRRO), NUMERO 736;[List];A,P,V;FIXO;;1746662400000;5;1774/1775;N
1810;-23.4987819;-46.6857032;50 km/h;AVENIDA INAJAR DE SOUZA (BAIRRO/CENTRO), A MAIS 21M NUMERO 765;[List];A,P,V;FIXO;;1746662400000;5;1776/1777;N
1811;-23.6501433;-46.7587191;50 km/h;AV CARLOS CALDEIRA FILHO (B/C) X R ROGERIO DE PAULA BRITO;[List];A,P,V;FIXO;;1751328000000;4;2676;N
1812;-23.597935;-46.522585;40 km/h;AVENIDA SAPOPEMBA (SAO LUCAS/SAPOPEMBA), NUMERO 8066/AVENIDA SAPOPEMBA (SAPOPEMBA/SAO LUCAS), NUMERO 8077 (antiga Av. Sapopemba, 8023 e oposto);[List];V;FIXO;;1752278400000;2;3565/3566;S
1813;-23.4807758;-46.6740975;50 km/h;AV INAJAR DE SOUZA (B/C), A MENOS 61M  R MORATO DE OLIVEIRA;[List];EXE,V;FIXO;;1753488000000;4;1778;N
1814;-23.4489602;-46.7215181;50 km/h;AVENIDA RAIMUNDO PEREIRA DE MAGALHAES (PIRITUBA/PERUS), NUMERO 10662;[List];V;FIXO;;1753833600000;2;6695;N
1815;-23.449193;-46.7216;50 km/h;AVENIDA RAIMUNDO PEREIRA DE MAGALHAES (PERUS/PIRITUBA), NUMERO 10535;[List];V;FIXO;;1753833600000;2;6694;N
1816;-23.5046785;-46.7184657;50 km/h;AVENIDA RAIMUNDO PEREIRA DE MAGALHAES(BAIRRO/CENTRO), NUMERO 2001;[List];V,A,P;FIXO;;1764288000000;2;6819;N
1817;-23.463958;-46.754087;50 km/h;ESTRADA TURISTICA DO JARAGUA (JARAG/ANHANG), A MAIS 30M DA R COM JOSE DE MATOS;[List];V;FIXO;;1753833600000;1;6853;N
1818;-23.464019;-46.754218;50 km/h;ESTRADA TURISTICA DO JARAGUA (ANHANG/JARAG), A MENOS 53M DA R COM JOSE DE MATOS;[List];V;FIXO;;1753833600000;1;6852;N
1819;-23.679847;-46.686833;50 km/h;AV. INTERLAGOS (CENTRO/BAIRRO) A MAIS 11 METROS DA R. GERALDO PACHECO VALENTE;[List];EXD,V;FIXO;;1751414400000;3;2400;N
1820;-23.683132;-46.690544;50 km/h;AV. INTERLAGOS (BAIRRO/CENTRO) A MENOS 30 METROS DA AV. ENG. EUSEBIO STEVAUX;[List];EXD,V;FIXO;;1747699200000;3;2401;N
1821;-23.660467;-46.69519;50 km/h;AVENIDA NOSSA SENHORA DO SABARA (BAIRRO/CENTRO) NUMERO 421;[List];EXD,V;FIXO;;1749772800000;3;2402;N
1822;-23.660397;-46.695923;50 km/h;AV. NOSSA SENHORA DO SABARA (C/B) A MAIS 117M DA R. DR. ARMANDO DA SILVA PRADO;[List];EXD,V;FIXO;;1747699200000;3;2403;N
1823;-23.690418;-46.68652;50 km/h;RUA MIGUEL YUNES (BAIRRO/CENTRO) A MENOS 45 METROS DA RUA TABARE;[List];V;FIXO;;1747699200000;5;2418/2909;N
1824;-23.690521;-46.686623;50 km/h;RUA MIGUEL YUNES (CENTRO/BAIRRO) A MENOS 170 METROS DO NUMERO 343;[List];V;FIXO;;1747699200000;4;2419/2910;N
1825;-23.678692;-46.706841;50 km/h;RUA OLIVIA GUEDES PENTEADO (BAIRRO/CENTRO) OPOSTO AO NUMERO 1354;[List];V;FIXO;;1747699200000;2;2420;N
1826;-23.67882;-46.706776;50 km/h;RUA OLIVIA GUEDES PENTEADO (CENTRO/BAIRRO)  NUMERO 1354;[List];V;FIXO;;1747699200000;2;2421;N
1827;-23.674623;-46.712299;50 km/h;AVENIDA ATLANTICA (BAIRRO/CENTRO) A MAIS 91,5 METROS DA AVENIDA DO RIO BONITO;[List];EXE,V;FIXO;;1747699200000;3;2422/2423;N
1828;-23.695866;-46.715122;50 km/h;AVENIDA ATLANTICA (CENTRO/BAIRRO) A MENOS 12 METROS DA RUA PORTO ARTUR;[List];EXE,V;FIXO;;1755820800000;3;2424/2425;N
1829;-23.674379;-46.712315;50 km/h;AVENIDA ATLANTICA (CENTRO/BAIRRO) NUMERO 1000;[List];EXE,V;FIXO;;1755820800000;3;2426/2427;N
1830;-23.695768;-46.714737;50 km/h;AVENIDA ATLANTICA (BAIRRO/CENTRO) A MENOS 20,8 METROS DO NUMERO 3771;[List];EXE,V;FIXO;;1755820800000;3;2428/2429;N
1831;-23.739633;-46.702238;50 km/h;AVENIDA SENADOR TEOTONIO VILELA (CENTRO/BAIRRO) NUMERO 4548;[List];EXE,V;FIXO;;1747699200000;3;2430/2431;N
1832;-23.66869;-46.63605;50 km/h;AV ENG ARMANDO DE ARRUDA PEREIRA (CENTRO/BAIRRO), A MAIS 65M DA R DAS VITACEAS;[List];V;FIXO;;1749772800000;2;2432;N
1833;-23.668456;-46.635805;50 km/h;AV ENG ARMANDO DE ARRUDA PEREIRA (BAIRRO/CENTRO), NUMERO 5241;[List];A,P,V;FIXO;;1747699200000;2;2433;N
1834;-23.658489;-46.663792;50 km/h;AVENIDA VEREADOR JOAO DE LUCA (MARGINAL/DIADEMA) NR 1790;[List];EXE,V;FIXO;;1755820800000;4;2434/2435;N
1835;-23.65848;-46.663531999999996;50 km/h;AV VEREADOR JOAO DE LUCA (DIAD/MARG) A MAIS 20M DA TV OCTAVIO DE ABREU SAMPAIO;[List];EXE,V;FIXO;;1747699200000;4;2436/2437;N
1836;-23.704859;-46.68742;50 km/h;AVENIDA JAIR RIBEIRO DA SILVA (C/B) X RUA ALFREDO FERREIRA DE CARVALHO;[List];A,P,V;FIXO;;1755820800000;2;2460;N
1837;-23.705042;-46.687302;50 km/h;AVENIDA JAIR RIBEIRO DA SILVA (B/C) X RUA ALFREDO FERREIRA DE CARVALHO;[List];A,P,V;FIXO;;1749772800000;2;2461;N
1838;-23.715164;-46.699042;40 km/h;AVENIDA SENADOR TEOTONIO VILELA (CENTRO/BAIRRO), OPOSTO AO NUMERO 1583;[List];V;FIXO;;1752796800000;2;2485;S
1839;-23.663698;-46.649928;40 km/h;AVENIDA RODRIGUES MONTEMOR (BAIRRO/CENTRO), NUMERO 533/AVENIDA RODRIGUES MONTEMOR (CENTRO/BAIRRO), OPOSTO AO NUMERO 533;[List];V;FIXO;;1747699200000;2;2498/2499;N
1840;-23.636086;-46.650806;40 km/h;AVENIDA PEDRO BUENO (BAIRRO/CENTRO), NUMERO 935/AVENIDA PEDRO BUENO (CENTRO/BAIRRO), NUMERO 826;[List];V;FIXO;;1751414400000;4;2500/2501;S
1841;-23.671022;-46.696327;40 km/h;AVENIDA ENGENHEIRO ALBERTO ZAGOTTIS (CENTRO/BAIRRO), OPOSTO AO NUMERO 387/AVENIDA ENGENHEIRO ALBERTO ZAGOTTIS (BAIRRO/CENTRO), NUMERO 349;[List];V;FIXO;;1751414400000;4;2502/2503;S
1842;-23.690451;-46.643677;40 km/h;AVENIDA ANGELO CRISTIANINI (CENTRO/BAIRRO), OPOSTO AO NUMERO 1419/AVENIDA ANGELO CRISTIANINI (BAIRRO/CENTRO), NUMERO 1419;[List];V;FIXO;;1755820800000;2;2504/2505;S
1843;-23.649647;-46.642803;40 km/h;AVENIDA FRANCISCO DE PAULA QUINTANILHA RIBEIRO (CENTRO/BAIRRO), NUMERO 280/AVENIDA FRANCISCO DE PAULA QUINTANILHA RIBEIRO (BAIRRO/CENTRO), OPOSTO AO NR 280;[List];V;FIXO;;1749772800000;2;2512/2513;S
1844;-23.709293;-46.703224;50/40 km/h;AVENIDA INTERLAGOS (CENTRO/BAIRRO), NUMERO 7250/AVENIDA INTERLAGOS (BAIRRO/CENTRO), NUMERO 7229;[List];V;FIXO;;1751414400000;4;2524/2525;S/N
1845;-23.672201;-46.710064;40 km/h;RUA OLIVIA GUEDES PENTEADO (BAIRRO/CENTRO), NUMERO 573/RUA OLIVIA GUEDES PENTEADO (CENTRO/BAIRRO), OPOSTO AO NUMERO 573;[List];V;FIXO;;1752796800000;4;2530/2531;S
1846;-23.693445;-46.701553;40 km/h;AVENIDA DO RIO BONITO (INTERLAGOS/GUARAPIRANGA), NUMERO 2345/AVENIDA DO RIO BONITO (GUARAPIRANGA/INTERLAGOS), OPOSTO AO NUMERO 2345;[List];V;FIXO;;1751414400000;4;2535/2536;S
1847;-23.688852;-46.67989;50 km/h;AVENIDA NOSSA SENHORA DO SABARA (BAIRRO/CENTRO), NUMERO 4071;[List];V;FIXO;;1755820800000;2;2543;N
1848;-23.688969;-46.680065;50 km/h;AVENIDA NOSSA SENHORA DO SABARA (CENTRO/BAIRRO), A MAIS 143,5M DA RUA TABARE;[List];V;FIXO;;1747699200000;3;2544/2545;N
1849;-23.666721;-46.654865;50 km/h;AVENIDA CUPECE (DIADEMA/MARGINAL), A MENOS 14M DA RUA ANALIA MARIA DE JESUS;[List];EXE,V;FIXO;;1755820800000;4;2546/2547;N
1850;-23.676491;-46.641834;50 km/h;AVENIDA CUPECE (DIADEMA/MARGINAL), A MAIS 26 METROS DA RUA JOSE VIRGINIO SIMOES;[List];EXE,V;FIXO;;1755820800000;4;2548/2549;N
1851;-23.712507;-46.709824;50 km/h;AVENIDA ATLANTICA (BAIRRO/CENTRO), A MENOS 18 METROS DA RUA NICOLAU MAGNOLI;[List];EXE,V;FIXO;;1755820800000;3;2550/2551;N
1852;-23.744596;-46.706833;50 km/h;AVENIDA SENADOR TEOTONIO VILELA (BAIRRO/CENTRO), NUMERO 5351;[List];EXE,V;FIXO;;1749772800000;3;2556/2557;N
1853;-23.764315;-46.71653;50 km/h;AV SENADOR TEOTONIO VILELA (CENTRO/BAIRRO), A MENOS 10M DA R BALNEARIO S JOSE;[List];EXE,V;FIXO;;1749772800000;3;2558/2559;N
1854;-23.666117;-46.656654;50 km/h;AVENIDA CUPECE (MARGINAL/DIADEMA), NUMERO 2958;[List];EXE,V;FIXO;;1755820800000;4;2577/2578;N
1855;-23.6760888;-46.642113;50 km/h;AVENIDA CUPECE (MARGINAL/DIADEMA), A MAIS 20 METROS DO NUMERO 4820;[List];EXE,V;FIXO;;1755820800000;4;2579/2580;N
1856;-23.753237;-46.688343;50 km/h;AVENIDA DONA BELMIRA MARIN (BAIRRO/CENTRO), A MENOS 60 METROS DO NUMERO 2672;[List];V;FIXO;;1757635200000;4;2583;N
1857;-23.753386;-46.688538;50 km/h;AV DONA BELMIRA MARIN (CENTRO/BAIRRO) A MAIS 60M DA R ELISIA GONCALVES BARCELOS;[List];V;FIXO;;1749772800000;4;2584;N
1858;-23.74419;-46.690865;50 km/h;AV DONA BELMIRA MARIN (C/B), A MAIS 322M DA AV ANTONIO C BENJAMIN DOS SANTOS;[List];A,P,V;FIXO;;1749772800000;2;2585;N
1859;-23.736961;-46.693668;50 km/h;AV DONA BELMIRA MARIN (CENTRO/BAIRRO), A MAIS 63 METROS DA R DOMENICO CIMAROSA;[List];A,P,V;FIXO;;1747699200000;2;2586;N
1860;-23.689676;-46.697541;50 km/h;AVENIDA INTERLAGOS (BAIRRO/CENTRO), NUMERO 5019;[List];V;FIXO;;1749772800000;3;2604;N
1861;-23.661284;-46.679459;50 km/h;AV INTERLAGOS (CENTRO/BAIRRO), A MENOS 24M DA R ENG ALLYRIO HUGUENEY DE MATTOS;[List];V;FIXO;;1755820800000;3;2605;N
1862;-23.674202;-46.700005;50 km/h;AV DAS NACOES UNIDAS (INTER/C. BRANCO) X R GURIU;[List];A,P,V;FIXO;;1757635200000;3;2612;N
1863;-23.623166;-46.651297;50 km/h;AV DOS BANDEIRANTES (IMIGRANTES/MARGINAL), A MENOS 68M DA R ANTONIO GOMIDE;[List];PR,R,V,VR;FIXO;;1751414400000;4;2622;N
1864;-23.639511;-46.67341;50 km/h;AVENIDA WASHINGTON LUIS (CENTRO/BAIRRO), A MENOS 19 METROS DA AVENIDA DORIA;[List];V;FIXO;;1747699200000;3;2640;N
1865;-23.649169;-46.676608;50 km/h;AVENIDA WASHINGTON LUIS (BAIRRO/CENTRO), A MENOS 76M DA RUA ROBELIA;[List];V;FIXO;1790553600000;1756425600000;3;2641;N
1866;-23.64106;-46.673302;50 km/h;AV WASHINGTON LUIS (B/C), A MENOS 9M DA R DOUTOR ABELARDO VERGUEIRO CESAR;[List];V;FIXO;;1747699200000;3;2642;N
1867;-23.629313;-46.640815;50 km/h;AV AFFONSO D ESCRAGNOLLE TAUNAY (MARG/IMIG), A MAIS 54,5M DO VD DANTE DELMANTO;[List];R,VR,PR,V;FIXO;;1755820800000;3;2643;N
1868;-23.701353;-46.7013091;50 km/h;AVENIDA INTERLAGOS (BAIRRO/CENTRO) X PRACA ENZO FERRARI;[List];A,P;FIXO;;1749772800000;4;2663;N/A
1869;-23.67674;-46.698616;60/50 km/h;AV DAS NACOES UNIDAS (C BRANCO/INTERLAGOS), NUMERO 22540;[List];A,P,V;FIXO;;1755820800000;4;2670;N
1870;-23.676826;-46.698396;50 km/h;AV DAS NACOES UNIDAS (INTERLAGOS/C BRANCO), NUMERO 22413, RETORNO;[List];A;FIXO;;1749772800000;3;2671;N
1871;-23.676735999999998;-46.698294;50 km/h;AV DAS NACOES UNIDAS (C BRANCO/INTERLAGOS), NUMERO 22540, RETORNO;[List];A;FIXO;;1749772800000;3;2672;N
1872;-23.6610443;-46.6595364;40 km/h;RUA CONDE MOREIRA LIMA (JABAQUARA/CIDADE ADEMAR), NUMERO 382/RUA CONDE MOREIRA LIMA (CIDADE ADEMAR/JABAQUARA), NUMERO 395;[List];V;FIXO;;1749772800000;2;2680/2681;S
1873;-23.735128;-46.695438;50 km/h;AV DONA BELMIRA MARIN (BAIRRO/CENTRO) X R DOUTOR OSCAR ANDRADE LEMOS;[List];A,V,P;FIXO;;1749772800000;2;2683;N
1874;-23.616192;-46.663464;40 km/h;AL DOS TUPINIQUINS X AV DOS BANDEIRANTES (IMIGRAN/M PINHEIROS);[List];CPD,R,A,P;FIXO;;1749772800000;3;2684;N
1875;-23.622722;-46.65194;50 km/h;AV DOS BANDEIRANTES (IMIGRAN/MARGINAL) X AV MIRUNA;[List];A,P;FIXO;;1749772800000;4;2685;N
1876;-23.599202;-46.685661;50 km/h;AV DOS BANDEIRANTES, PISTA LOCAL (IMIG/MARG), A MENOS 28M DA R LOURENCO MARQUES;[List];R,V,VR;FIXO;;1751414400000;3;2686;N
1877;-23.599546;-46.685856;50 km/h;AV DOS BANDEIRANTES, PISTA LOCAL (MARG/IMIGRANT), A MAIS 23M DA R PORTO MARTINS;[List];R,V,VR;FIXO;;1751414400000;3;2687;N
1878;-23.572315;-46.700161;60 km/h;MARGINAL PINHEIROS, PT EXPRESSA (INTERL/CB), A MENOS 15M DA PTE EUSEBIO MATOSO;[List];PR,R,V,VR;FIXO;;1751414400000;5;2699/2785;N
1879;-23.712714;-46.710094;50 km/h;AV ATLANTICA (C/B), A MAIS 175 METROS DA R MARIO MARTINS DE ALMEIDA;[List];EXE,V;FIXO;;1747699200000;3;2713/2714;N
1880;-23.703524;-46.644127;40 km/h;ESTRADA DO ALVARENGA (CENTRO/BAIRRO), OPOSTO AO NUMERO 3565/ESTRADA DO ALVARENGA (BAIRRO/CENTRO), NUMERO 3565;[List];V;FIXO;;1751414400000;3;2717/2726;S
1881;-23.73284;-46.69803;50 km/h;AV SENADOR TEOTONIO VILELA (B/C), A MENOS 152M DO NR 3481;[List];EXE,V;FIXO;;1755820800000;3;2834/2849;N
1882;-23.75032;-46.71032;50 km/h;AV SENADOR TEOTONIO VILELA (CENTRO/BAIRRO), NUMERO 5960;[List];EXE,V;FIXO;;1749772800000;3;2844/2855;N
1883;-23.75718;-46.71415;50 km/h;AV SENADOR TEOTONIO VILELA (BAIRRO/CENTRO), NUMERO 6801;[List];EXE,V;FIXO;;1749772800000;3;2845/2856;N
1884;-23.794828;-46.730359;40 km/h;ESTRADA ECOTURISTICA DE PARELHEIROS/AV SADAMU INOUE (C/B), NR 2666/ESTRADA ECOTURISTICA DE PARELHEIROS/AV SADAMU INOUE (B/C), OPOSTO AO NR 2666;[List];V;FIXO;;1747699200000;2;2862/2863;S
1885;-23.823135;-46.73517;40 km/h;ESTR ECOTURISTICA DE PARELHEIROS/AV SADAMU INOUE (C/B), OPOSTO AO NR 6291/ESTR ECOTURISTICA DE PARELHEIROS/AV SADAMU INOUE (B/C), NUMERO 6291;[List];V;FIXO;;1749772800000;2;2871/2872;S
1886;-23.61765;-46.66142;50 km/h;AV DOS BANDEIRANTES (MARGINAL/IMIGRANTES) A MAIS 49 METROS DA AV WASHINGTON LUIS;[List];R,V,VR,PR;FIXO;;1752796800000;8;2873/2874;N
1887;-23.6468;-46.63167;70 km/h;RV DOS IMIGRANTES (SANTOS/SAO PAULO),A MENOS 1186M DA R GUARATU;[List];V;FIXO;;1747699200000;4;2885/2886;N
1888;-23.64715;-46.63209;70 km/h;RV DOS IMIGRANTES (SAO PAULO/SANTOS),A MENOS 459M DA R ITAGUARA;[List];V;FIXO;;1747699200000;4;2887/2888;N
1889;-23.66435;-46.70964;50 km/h;AV DAS NACOES UNIDAS (INTERLAGOS/C BRANCO), A MAIS 7M DA AV VITOR MANZINI;[List];V;FIXO;;1747699200000;5;2893;N
1890;-23.609812;-46.675688;50 km/h;AV DOS BANDEIRANTES (MARGINAL/IMIGRANTES), A MENOS 187 METROS DO NUMERO 2040;[List];R,V,VR;FIXO;;1751414400000;5;2899;N
1891;-23.609694;-46.675481;50 km/h;AV DOS BANDEIRANTES (IMIGRANTES/MARGINAL) A MAIS 181 METROS DA RUA GAIVOTA;[List];R,V,VR;FIXO;;1751414400000;5;2900;N
1892;-23.599358;-46.685632;50 km/h;AV DOS BANDEIRANTES, PTA EXPRESSA (IMIG/MARG) A MENOS 72M DA R LOURENCO MARQUES;[List];R,V,VR;FIXO;;1756425600000;5;2901;N
1893;-23.599479;-46.685704;50 km/h;AV DOS BANDEIRANTES, PISTA EXPRESSA (MARG/IMIG), A MAIS 31M DA R PORTO MARTINS;[List];R,V,VR;FIXO;;1756425600000;4;2902;N
1894;-23.618982;-46.658179;50 km/h;AV DOS BANDEIRANTES (IMIGRANTES/MARGINAL), A MENOS 30M DA AL DOS GUAINUMBIS;[List];R,V,VR;FIXO;;1756425600000;5;2903;N
1895;-23.614546;-46.668785;50 km/h;AV DOS BANDEIRANTES (MARG/IMIG), A MENOS 71M DA R ANTONIO DE MACEDO SOARES;[List];R,V,VR;FIXO;;1756425600000;5;2904;N
1896;-23.628456;-46.648151;50 km/h;AV DOS BANDEIRANTES (MARGINAL/IMIGRANTES), A MENOS 20M DA AL DOS GUAIOS;[List];R,V,VR;FIXO;;1757635200000;5;2905;N
1897;-23.622191;-46.65333;50 km/h;AV DOS BANDEIRANTES (MARGINAL/IMIGRANTES), NUMERO 5000;[List];R,V,VR;FIXO;;1757635200000;6;2906;N
1898;-23.613862;-46.66926;50 km/h;AV DOS BANDEIRANTES (IMIGRANTES/MARGINAL), A MAIS 35 M DA ALAMEDA DOS JURUPIS;[List];R,V,VR;FIXO;;1757635200000;5;2907;N
1899;-23.629412;-46.637521;50 km/h;AV AFFONSO D'ESCRAGNOLLE TAUNAY (IMIG/MARG), A MENOS 390M DO VD DANTE DELMANTO;[List];R,V,VR;FIXO;;1757635200000;4;2908;N
1900;-23.570068;-46.573703;50 km/h;AV SALIM FARAH MALUF (MARGINAL TIETE/VL PRUDENTE) A MAIS 196M DA R FAUSTO CLEVA;[List];PR,R,V,VR;FIXO;;1747699200000;4;4302;N
1901;-23.53513;-46.58314;50 km/h;AV SALIM FARAH MALUF (M TIETE/V PRUD) X AV CELSO GARCIA;[List];A,P,R,V,VR;FIXO;;1755820800000;6;4303;N
1902;-23.53551;-46.58268;50 km/h;AV SALIM FARAH MALUF (V PRUD/M TIETE) X AV CELSO GARCIA;[List];A,P,R,V,VR;FIXO;;1747699200000;6;4304;N
1903;-23.579708;-46.572079;50 km/h;AV SALIM FARAH MALUF (BAIRRO/CENTRO) X AV VILA EMA;[List];A,P,R,V,VR;FIXO;;1756425600000;4;4314;N
1904;-23.579072;-46.572097;50 km/h;AV SALIM FARAH MALUF (MARGINAL TIETE/V. PRUDENTE), A MENOS 20M DA AV VILA EMA;[List];R,V,VR;FIXO;;1747699200000;5;4362;N
1905;-23.549634;-46.578994;50 km/h;AV SALIM FARAH MALUF (MARGINAL TIETE/VPRUDENTE) A MENOS 40M DA R FLORINDO BRAS;[List];PR,R,V,VR;FIXO;;1756425600000;6;4386;N
1906;-23.571414;-46.573071;50 km/h;AV SALIM FARAH MALUF (VILA PRUDENTE/MARGINAL TIETE), A MAIS 205M DA R RHONE;[List];PR,R,V,VR;FIXO;;1747699200000;4;4401;N
1907;-23.549687;-46.578432;50 km/h;AV SALIM FARAH MALUF (VL PRUDENTE/MARGINAL TIETE), A MENOS 152M DO NUMERO 2211;[List];PR,R,V,VR;FIXO;;1756425600000;6;4537;N
1908;-23.562177;-46.576251;50 km/h;AV SALIM FARAH MALUF (V PRUDENTE/MARG) X R DIOGO LOPES;[List];A,R,V,VR;FIXO;;1756425600000;4;4594;N
1909;-23.5829752;-46.6526116;50 km/h;COMPLEXO VIARIO AYRTON SENNA (C/B), A MAIS 50 METROS DA AV VINTE E TRES DE MAIO;[List];F,R,V;FIXO;;1749772800000;3;5101;N
1910;-23.58900999;-46.59789888;50 km/h;AVENIDA JUNTAS PROVISORIAS (ANCHIETA/MOOCA), NUMERO 295;[List];V,VR,R;FIXO;;1747699200000;4;5115;N
1911;-23.59854297;-46.59754104;50 km/h;AVENIDA JUNTAS PROVISORIAS (MOOCA/ANCHIETA), NUMERO 1338;[List];PR,V,R;FIXO;;1749772800000;4;5120;N
1912;-23.60752596;-46.60595208;50 km/h;AVENIDA PRESIDENTE TANCREDO NEVES (ANCHIETA/IMIGRANTES), NUMERO 332;[List];R,V,VR;FIXO;;1749772800000;4;5207;N
1913;-23.60773296;-46.60578288;50 km/h;AVENIDA PRESIDENTE TANCREDO NEVES (IMIGRANTES/ANCHIETA), OPOSTO NUMERO 298;[List];PR,V,VR,R;FIXO;;1749772800000;4;5208;N
1914;-23.59280502;-46.64749392;50 km/h;RUA SENA MADUREIRA (VILA MARIANA/IBIRAPUERA), NUMERO 1484;[List];F,R,V,Z;FIXO;;1757635200000;3;5215;N
1915;-23.593264;-46.629675;40 km/h;RUA VERGUEIRO (IPIRANGA/VILA MARIANA) X RUA DIDEROT;[List];A,F,P,V,R,Z;FIXO;;1757635200000;3;5225;N
1916;-23.5949679;-46.6320291;40 km/h;RUA MAURICIO FRANCISCO KLABIN (VILA MARIANA/IPIRANGA), NUMERO 422;[List];F,R,V,Z;FIXO;;1749772800000;3;5231;N
1917;-23.5616;-46.626819;50 km/h;RUA DO LAVAPES (CENTRO/BAIRRO), NUMERO 598;[List];F,R,V,Z;FIXO;;1756425600000;2;5253;N
1918;-23.60044503;-46.65828204;50 km/h;AVENIDA INDIANOPOLIS (JABAQUARA/IBIRAPUERA), OPOSTO AO NUMERO 46;[List];F,R,V,Z;FIXO;;1755820800000;4;5290;N
1919;-23.58156303;-46.65811788;50 km/h;AVENIDA PEDRO ALVARES CABRAL (JABAQUARA/IBIRAPUERA), NUMERO 201;[List];F,R,V,Z;FIXO;;1755820800000;4;5296;N
1920;-23.60419299;-46.65137508;60 km/h;AVENIDA RUBEM BERTA (AEROPORTO/SANTANA), A MAIS 70 METROS DO NUMERO 1377;[List];F,R,V,VR;FIXO;;1756425600000;3;5317;N
1921;-23.598356;-46.643738;40 km/h;R PEDRO DE TOLEDO (V MARIANA/IBIRAP) X R NAPOLEAO DE BARROS;[List];A,F,P,R,V,Z;FIXO;;1756425600000;3;5340;N
1922;-23.62851504;-46.62551988;50 km/h;C. VIARIO MARIA MALUF (IPIRANGA/JABAQUARA), A MAIS 155M DO DESEMBOQUE DO TUNEL;[List];PR,V,VR,R;FIXO;;1750809600000;5;5367;N
1923;-23.62860702;-46.62530892;50 km/h;C. VIARIO MARIA MALUF (JABAQUARA/IPIRANGA), A MENOS 122M DO EMBOQUE DO TUNEL;[List];PR,V,VR,R;FIXO;;1749772800000;5;5368;N
1924;-23.59631304;-46.65047112;50 km/h;AVENIDA PROFESSOR ASCENDINO REIS (BAIRRO/CENTRO), NUMERO 603;[List];F,R,V,Z;FIXO;;1756425600000;2;5383;N
1925;-23.62550992;-46.62897185;50 km/h;AV PROF ABRAAO DE MORAIS (IMIG/IPIRAN) X R FRANCISCO TAPAJOS;[List];A,P,R,V,Z;FIXO;;1756425600000;4;5424;N
1926;-23.615422;-46.627317;50 km/h;AV PROF ABRAAO DE MORAIS (IPIRAN/IMIG) X R GENERAL CHAGAS SANTOS;[List];A,P,R,V,Z;FIXO;;1756425600000;5;5425;N
1927;-23.5864986;-46.6353767;50 km/h;RUA VERGUEIRO (CENTRO/BAIRRO) X AVENIDA PROFESSOR NOE AZEVEDO;[List];A,CPE,F,R,V,Z;FIXO;;1756425600000;4;5435;N
1928;-23.58650196;-46.65430692;50 km/h;AV PEDRO ALVARES CABRAL (C/B), A MENOS 80M DO VD GENERAL MARCONDES SALGADO;[List];F,R,V,Z;FIXO;;1755820800000;4;5463;N
1929;-23.61038461;-46.65548339;60 km/h;AV MOREIRA GUIMARAES, PISTA EXPRESSA (SANTANA/AEROPORTO), NUMERO 398;[List];F,R,V,VR;FIXO;;1749772800000;4;5506;N
1930;-23.61485609;-46.63833907;50 km/h;AV JABAQUARA (BAIRRO/CENTRO), NUMERO 1203;[List];F,R,V,Z;FIXO;;1756425600000;4;5524;N
1931;-23.61434411;-46.63842844;50 km/h;AV JABAQUARA (CENTRO/BAIRRO), NUMERO 1150;[List];F,R,V,Z;FIXO;;1755820800000;4;5525;N
1932;-23.59692;-46.65047;50 km/h;AV PROF ASCENDINO REIS (CENTRO/BAIRRO), NUMERO 830;[List];F,V,R,Z;FIXO;;1756425600000;2;5555;N
1933;-23.5808332;-46.6494241;60 km/h;AV VINTE E TRES DE MAIO (SANTANA/AEROPORTO) A MENOS 28M DO VIADUTO TUTOIA;[List];F,R,V,VR;FIXO;;1749772800000;6;5582;N
1934;-23.5947952;-46.6215216;50 km/h;AV DR RICARDO JAFET (IPIRANGA/IMIGRANTES), A MENOS 23M  DO VIADUTO SAIOA;[List];R,V,Z;FIXO;;1751414400000;7;5583;N
1935;-23.6264647;-46.617022;50 km/h;COMPLEXO VIARIO MARIA MALUF (ANC/IMIGRA), A MENOS 25M DO EMBOQUE DO TUNEL;[List];V;FIXO;;1757635200000;3;5585;N
1936;-23.6267525;-46.6169544;50 km/h;COMPLEXO VIARIO MARIA MALUF (IMIG/ANCHI), A MAIS 12M DO DESEMBOQUE DO TUNEL;[List];V;FIXO;;1749772800000;3;5586;N
1937;-23.5971953;-46.6508667;60 km/h;AV RUBEM BERTA (SANTANA/AEROPORTO), A MENOS 34M DO VIADUTO PEDRO DE TOLEDO<br>;[List];F,R,V,VR;FIXO;1749686400000;1749772800000;4;5592;N
1938;-23.518245;-46.629584;50 km/h;MARGINAL TIETE, PTA CENTRAL (A. SENNA/C.BRANCO) A MENOS 28M PONTE DAS BANDEIRAS;[List];MT,R,V,VR;FIXO;;1757635200000;4;6977;N
1939;-23.587778;-46.664124;50 km/h;AV REPUBLICA DO LIBANO (BAIRRO/CENTRO) X AV ANTÔNIO J DE MOURA ANDRADE;[List];A,F,P,R,V,Z;FIXO;;1756425600000;4;7599;N
1940;-23.539761;-46.742752;60/50/50 km/h;AV ENG BILLINGS (C. BRANCO/INTERLAGOS), A MAIS 22 METROS DA R BARAO DE ANTONINA;[List];R,V;FIXO;;1747699200000;3;2581/2786/2787;N
1941;-23.647718;-46.727634;60/50 km/h;AVENIDA GUIDO CALOI (CASTELO BRANCO/INTERLAGOS), A MAIS 72 METROS DO NUMERO 25;[List];PR,V;FIXO;;1749772800000;4;2582/2788;N
1942;-23.637289;-46.720337;60/50/50 km/h;AV DAS NACOES UNIDAS (INTERLAGOS/C. BRANCO), A MAIS 10M DA R BRAGANCA PAULISTA;[List];V;FIXO;1768867200000;1747699200000;4;2611/2792/2793;N
1943;-23.556624;-46.716986;90/60 km/h;MARGINAL PINHEIROS, PTA EXPRESSA (C B/INTERLAGOS), A MAIS 650M DO KM 4,5 (USP);[List];PR,R,V,VR;FIXO;;1757635200000;12;2624/2698/2759/2760/2762/2763;N
1944;-23.624178;-46.70443;60/50 km/h;AV DAS NACOES UNIDAS (INTERL/C. BRANCO), A MAIS 200M DA R ENG MESQUITA SAMPAIO;[List];EXD,V;FIXO;;1749772800000;4;2625/2626/2794;N
1945;-23.6073365;-46.6974266;90/60 km/h;MARGINAL PINHEIROS, PISTA EXPRESSA (INTERLAGOS/C.BRANCO), A MAIS 103M DO KM 12;[List];MT,V,VR;FIXO;;1751414400000;5;2627/2628/2781/2782;N
1946;-23.624529;-46.706563;70/60 km/h;MARGINAL PINHEIROS, PISTA EXPRESSA (INTERLAGOS/C.BRANCO), A MENOS 66M DO KM 14;[List];PR,V;FIXO;;1749772800000;4;2629/2630;N
1947;-23.564281;-46.703316;60/50/50 km/h;AV DRA RUTH CARDOSO/AV DAS NACOES UNIDAS (INTERLAGOS/CASTELO BRANCO), NR 7203;[List];R,V,VR;FIXO;;1751414400000;4;2631/2797/2798;N
1948;-23.539635;-46.742439;90/60 km/h;MARGINAL PINHEIROS, PISTA EXPRESSA (C. BRANCO/INTERLAGOS), A MENOS 242M DO KM 2;[List];PR,R,V;FIXO;;1751414400000;4;2636/2637;N
1949;-23.630262;-46.716732;90/60 km/h;MARGINAL PINHEIROS (CASTELO BRANCO/INTERLAGOS), NUMERO 16741;[List];PR,V;FIXO;;1751414400000;4;2638/2639;N
1950;-23.607539;-46.697187;60/50 km/h;AVENIDA DAS NACOES UNIDAS (INTERLAGOS/CASTELO BRANCO), NUMERO 12399;[List];V,VR;FIXO;;1751414400000;4;2654/2812/2813;N
1951;-23.566802;-46.704796;60/50 km/h;AV MAGALHAES DE CASTRO (CASTELO/INTERLAGOS), A MAIS 10M DA R MURTINHO NOBRE;[List];R,V,VR;FIXO;;1755820800000;3;2661/2799;N
1952;-23.613675;-46.701133;60/50/50 km/h;AV MAGALHAES DE CASTRO (CASTELO/INTERLAGOS), A MENOS 50M DA R FRANCISCO TRAMONTANO;[List];V,VR;FIXO;;1755820800000;3;2662/2801/2802;N
1953;-23.617575;-46.701649;90/60 km/h;MARGINAL PINHEIROS, PISTA EXPRESSA (C. BRANCO/INTERLAGOS), A MAIS 117M DO KM 13;[List];PR,V,VR;FIXO;;1752796800000;5;2693/2694/2783/2784;N
1954;-23.649532;-46.72422;60/50/50 km/h;AVENIDA DAS NACOES UNIDAS (INTERLAGOS/CASTELO BRANCO), NUMERO 18001;[List];V;FIXO;;1747699200000;3;2695/2790/2791;N
1955;-23.649685;-46.724419;90/60 km/h;MARGINAL PINHEIROS, PTA EXPRESSA (INTERLAGOS/C. BRANCO), A MAIS 130M DO KM 17,5;[List];PR,V;FIXO;;1747699200000;3;2696/2697;N
1956;-23.574598;-46.69688;60/50/50 km/h;RUA HUNGRIA (INTERLAGOS/CASTELO BRANCO) A MENOS 20 METROS DA AVENIDA REBOUCAS;[List];R,V,VR;FIXO;;1751414400000;4;2700/2795/2796;N
1957;-23.57498;-46.699;90/60 km/h;MARGINAL PINHEIROS (CASTELO BRANCO/INTERLAGOS) A MAIS 214M DA R BENTO FRIAS;[List];PR,R,V,VR;FIXO;;1752796800000;12;2731/2732/2765/2767/2768/2769;N
1958;-23.637755;-46.721282;90/60 km/h;MARGINAL PINHEIROS, PISTA EXPRESSA (INTERLAGOS/C. BRANCO) A MENOS 19M DO KM 16;[List];MT,V;FIXO;;1747699200000;4;2753/2754;N
1959;-23.53453;-46.7462;90/60 km/h;MARGINAL PINHEIROS (INTERLAGOS/CASTELO BRANCO), A MAIS 1,7KM DA PONTE JAGUARE;[List];MT,R,V;FIXO;;1751414400000;4;2860/2861;N
1960;-23.55749;-46.71135;60/50 km/h;AV DRA RUTH CARDOSO, PISTA CENTRAL (INTERL/C BRANCO), A MAIS 8M DO KM 5,5;[List];R,V,VR;FIXO;;1749772800000;3;2876/2877;N
1961;-23.5574;-46.7113;60/50/50 km/h;AV DRA RUTH CARDOSO, PISTA LOCAL (INTER/C BRANCO) A MAIS 155M AV DOS SEMANEIROS;[List];R,V,VR;FIXO;;1749772800000;5;2878/2879/2880;N
1962;-23.66492;-46.70937;60/50 km/h;AV DAS NACOES UNIDAS (C BRANCO/INTERLAGOS), A MENOS 32M DO N 20728;[List];V;FIXO;;1747699200000;5;2889/2890;N
1963;-23.58629;-46.69063;60/50 km/h;AV DAS NACOES UNIDAS, PISTA CENTRAL (INTERLAGOS/C BRANCO), A MENOS 8M DO KM 9,5;[List];R,V,VR;FIXO;;1749772800000;5;2896/2897;N
1964;-23.584038;-46.575926;50 km/h;AV PROF LUIZ IGNACIO ANHAIA MELLO (CENTRO/BAIRRO), NUMERO 1820;[List];EXD,R,V,VR;FIXO;;1747699200000;4;4648/4649;N
1965;-23.630294;-46.618011;40 km/h;AVENIDA DO CURSINO (BAIRRO/CENTRO), NUMERO 3271 / AVENIDA DO CURSINO (CENTRO/BAIRRO), OPOSTO NUMERO 3271;[List];V;FIXO;;1755820800000;2;5245/5246;S
1966;-23.625601;-46.615109;40 km/h;RUA DOM VILARES (ANCHIETA/IMIGRANTES) X RUA EVOLUCAO/RUA DOM VILARES (IMIGRANTES/ANCHIETA) X RUA EVOLUCAO;[List];V;FIXO;;1756425600000;2;5247/5248;N
1967;-23.594261;-46.661266;40 km/h;AVENIDA IV CENTENARIO (BAIRRO/CENTRO), NUMERO 1105/AVENIDA IV CENTENARIO (CENTRO/BAIRRO), OPOSTO NUMERO 1105;[List];F,R,V,Z;FIXO;;1757635200000;2;5251/5252;N
1968;-23.621953;-46.606493;40 km/h;RUA NOSSA SENHORA DA SAUDE (IMIGRANTES/ANCHIETA), NUMERO 1394/RUA NOSSA SENHORA DA SAUDE (ANCHIETA/IMIGRANTES), NUMERO 1387;[List];V,VR;FIXO;;1756425600000;2;5255/5256;N
1969;-23.645541;-46.607026;40 km/h;AVENIDA PADRE ARLINDO VIEIRA (IMIGRANTES/ANCHIETA), NUMERO 3101/AVENIDA PADRE ARLINDO VIEIRA(ANCHIETA/IMIGRANTES), NUMERO 3100;[List];V;FIXO;;1757635200000;2;5257/5258;N
1970;-23.618088;-46.624679;40 km/h;R RIBEIRO LACERDA (IMIGRANTES/ANCHIETA) X R FONSECA DA COSTA/R RIBEIRO LACERDA (ANCHIETA/IMIGRANTES) X R FONSECA DA COSTA;[List];R,V,Z;FIXO;;1756425600000;4;5260/5261;N
1971;-23.615233;-46.605292;40 km/h;RUA VERGUEIRO (BAIRRO/CENTRO), NUMERO 8527/RUA VERGUEIRO (CENTRO/BAIRRO), OPOSTO NUMERO 8527;[List];V;FIXO;;1756425600000;2;5262/5263;S
1972;-23.58001;-46.616981;40 km/h;RUA CORONEL DIOGO (IPIRANGA/CAMBUCI), OPOSTO AO NUMERO 1199/RUA CORONEL DIOGO (CAMBUCI/IPIRANGA), NUMERO 1199;[List];F,R,V,Z;FIXO;;1756425600000;2;5264/5265;N
1973;-23.62094397;-46.64733516;50 km/h;AVENIDA INDIANOPOLIS (IBIRAPUERA /JABAQUARA), NUMERO 2626;[List];EXD,F,R,V,VR;FIXO;;1756425600000;4;5387/5388;N
1974;-23.62129398;-46.647045;50 km/h;AVENIDA INDIANOPOLIS (JABAQUARA/IBIRAPUERA), NUMERO 2645;[List];F,R,Z,V;FIXO;;1756425600000;4;5389/5390;N/A
1975;-23.5691098;-46.6220299;50 km/h;AVENIDA LINS DE VASCONCELOS (VILA MARIANA/CAMBUCI), NUMERO 653;[List];EXD,F,R,V,Z;FIXO;;1747699200000;3;5395/5396;N
1976;-23.59668303;-46.63657512;50 km/h;RUA DOMINGOS DE MORAIS (BAIRRO/CENTRO), NUMERO 2329;[List];EXD,F,R,V,Z;FIXO;;1747699200000;5;5403/5404/5486;N
1977;-23.5999977;-46.6367656;50 km/h;RUA DOMINGOS DE MORAIS (CENTRO/BAIRRO), NUMERO 2668;[List];F,R,V,Z;FIXO;;1756425600000;5;5405/5406;N
1978;-23.6049532;-46.6260387;50 km/h;AV PROF ABRAAO DE MORAIS (JABAQUARA/IPIRANGA), NUMERO 37;[List];R,V,Z;FIXO;;1752796800000;7;5497/5498;N
1979;-23.625703;-46.629222;50 km/h;AV PROF ABRAAO DE MORAIS (IPIRANGA/JABAQUARA), A MAIS 9M DA R PALERMO;[List];R,V,Z;FIXO;;1752796800000;7;5499/5500;N
1980;-23.6089777;-46.65405178;50 km/h;AV MOREIRA GUIMARAES (SANT/AER), A MAIS 40M DA AV DIVINO SALVADOR;[List];EXD,F,R,V,VR;FIXO;;1747699200000;2;5504/5505;N
1981;-23.61218;-46.65673;50 km/h;AV MOREIRA GUIMARAES (AEROPORTO/SANTANA), NUMERO 699;[List];F,R,V,VR;FIXO;;1756425600000;4;5557/5558;N
1982;-23.5620794;-46.6402707;60/50 km/h;AV VINTE E TRES DE MAIO (SANTANA/AEROPORTO) A MENOS 47M DO VD PEDROSO;[List];EXD,F,R,V,VR;FIXO;;1747699200000;6;5576/5577;N
1983;-23.5626064;-46.6399635;60/50 km/h;AV VINTE E TRES DE MAIO (AEROPORTO/SANTANA) A MAIS 15M DO VD PEDROSO;[List];EXD,F,R,V,VR;FIXO;;1747699200000;5;5578/5579;N
1984;-23.5809839;-46.6494408;60/50 km/h;AV VINTE E TRES DE MAIO (AER/SANT), A MAIS 32M  DO VIADUTO TUTOIA;[List];F,R,V,Z,EXD;FIXO;;1751414400000;9;5580/5581;N
1985;-23.51888;-46.554885;60/50 km/h;AV CONDESSA ELISABETH DE ROBIANO (C. BRANCO/A. SENNA), NR 5120;[List];V;FIXO;;1756425600000;4;6625/7157;N
1986;-23.519234;-46.5552556;90/60 km/h;MARGINAL TIETE, PISTA EXPRESSA (CB/AS), A MENOS 160M DO KM 22;[List];PR,V;FIXO;;1757635200000;4;6626/6627;N
1987;-23.52299;-46.565165;60/50 km/h;AV MORVAN DIAS DE FIGUEIREDO (AS/CB),A MENOS 36M RUA DR. VIDAL REIS;[List];V,VR;FIXO;;1757635200000;4;6640/7145;N
1988;-23.52328;-46.56512;90/60 km/h;MARGINAL TIETE, PISTA EXPRESSA (AS/CB) , A MAIS 93M DO  KM 21;[List];PR,V,VR;FIXO;;1757635200000;4;6660/6661;N
1989;-23.5267662;-46.5709511;90/60 km/h;MARGINAL TIETE, PTA EXPRESSA (C BRANCO/A SENNA) A MENOS 40M KM 20;[List];PR,V,VR;FIXO;;1757635200000;5;6668/6669;N
1990;-23.5092;-46.69183;90/60 km/h;MARGINAL TIETE, PTA EXPRESSA (CB/AS),A MENOS 206M PTE FREGUESIA DO O;[List];MT,PR,R,V,VR;FIXO;;1752796800000;4;6671/6672;N
1991;-23.515641;-46.6673812;90/60 km/h;MARGINAL TIETE, PISTA EXPRESSA (CB/AS), A MENOS 55M PTE DO LIMAO;[List];PR,R,V,VR;FIXO;;1757635200000;4;6673/6674;N
1992;-23.517934;-46.650917;60/50 km/h;AV PR CASTELO BRANCO (CB/AS), A MAIS 255M PONTE DA CASA VERDE;[List];R,V,VR;FIXO;;1757635200000;5;6680/7117;N
1993;-23.513633;-46.674968;90/60 km/h;MARGINAL TIETE, PISTA EXPR (AS/CB), A MENOS 290M PTE JULIO M. NETO;[List];PR,R,V,VR;FIXO;;1757635200000;4;6681/6682;N
1994;-23.513091;-46.675735;60/50 km/h;AV OTAVIANO ALVES DE LIMA (AS/CB), A MENOS 290M PT JULIO DE M NETO;[List];R,V,VR;FIXO;;1757635200000;4;6683/7151;N
1995;-23.520757;-46.613207;60/50 km/h;AV MORVAN DIAS DE FIGUEIREDO (AS/CB),A MAIS 3M R AMAZONAS DA SILVA/AV MORVAN DIAS DE FIGUEIREDO (AS/CB) MAIS 78M R AMAZONAS DA SILVA-FX EXCL ONIBUS;[List];R,V,VR;FIXO;;1755820800000;5;6685/6693/7098;N
1996;-23.52694;-46.5986191;90/60 km/h;MARGINAL TIETE, PTA EXPRESSA (CB/AS) A MENOS 167M DA PTE PR J. QUADROS;[List];R,V,VR;FIXO;;1756425600000;4;6742/6743;N
1997;-23.527058;-46.598732;70/60 km/h;MARGINAL TIETE, PTA CENTRAL (CB/AS), A MENOS 167M DA PTE PR J. QUADROS;[List];R,V,VR;FIXO;;1755820800000;4;6744/7139;N
1998;-23.526962;-46.5955229;70/60 km/h;MARGINAL TIETE, PTA CENTRAL (AS/CB) A MENOS 75M DA PT PR J QUADROS;[List];R,V,VR;FIXO;;1757635200000;3;6747/7123;N
1999;-23.5267801;-46.5954545;60/50 km/h;RODOVIA PRESIDENTE DUTRA (AS/CB), A MENOS 75M DA PTE PR J QUADROS;[List];V,VR;FIXO;;1751414400000;5;6748/7095;N
2000;-23.5169477;-46.6474461;60/50 km/h;AV ASSIS CHATEAUBRIAND (AYRTON SENNA/CASTELO BRANCO), NR 1447;[List];R,V,VR;FIXO;;1749772800000;4;6749/7148;N
2001;-23.5233165;-46.611618;90/60 km/h;MARGINAL TIETE, PTA EXPRESSA (CB/AS),A MENOS 31M DA PONTE DA VILA GUILHERME;[List];PR,R,V,VR,MT;FIXO;1787788800000;1752796800000;7;6753/6754;N
2002;-23.5075726;-46.6987697;90/60 km/h;MARGINAL TIETE, PISTA EXPRESSA (AS/CB) A MAIS 101 METROS KM 6,5;[List];PR,R,V,VR;FIXO;;1757635200000;4;6755/6756;N
2003;-23.5172355;-46.6454896;70/60 km/h;MARGINAL TIETE, PISTA CENTRAL (AYRTONSENNA/CASTELO BRANCO), KM 12;[List];MT,R,V,VR;FIXO;;1757635200000;4;6763/7126;N
2004;-23.520861;-46.6135859;90/60 km/h;MARGINAL TIETE, PISTA EXPRESSA (AS/CB), A MENOS 133M DO KM 15;[List];PR,R,V,VR;FIXO;;1757635200000;4;6773/6774;N
2005;-23.520656;-46.613607;70/60 km/h;MARGINAL TIETE, PISTA CENTRAL (A. SENNA/CASTELO BRANCO), A MENOS 133M DO KM 15;[List];R,V,VR;FIXO;;1757635200000;3;6775/7124;N
2006;-23.5150797;-46.6616809;70/60 km/h;MARGINAL TIETE, PISTA CENTRAL (AS/CB),A MAIS 247M DO KM 10,5;[List];MT,R,V,VR;FIXO;;1757635200000;4;6807/7128;N
2007;-23.514581;-46.677062;70/60 km/h;MARGINAL TIETE, PISTA CENTRAL (CB/AS),A MAIS 200M PONTE JULIO M NETO;[List];MT,R,V,VR;FIXO;;1752796800000;7;6838/7134/7135/7143;N
2008;-23.515366;-46.6617171;90/60 km/h;MARGINAL TIETE, PISTA EXPRESSA (AS/CB), A MAIS 247 METROS KM 10,5;[List];PR,R,V,VR,MT;FIXO;;1757635200000;4;6841/6842;N
2009;-23.5149164;-46.6616397;60/50 km/h;AV OTAVIANO ALVES DE LIMA (AS/CB), ALT DA PCA PROF CESARINO JUNIOR;[List];R,V,VR;FIXO;;1755820800000;5;6845/7101;N
2010;-23.507259;-46.698228;70/60 km/h;MARGINAL TIETE, PISTA CENTRAL (AS/CB),A MAIS 101M KM 6,5;[List];MT,R,V,VR;FIXO;;1757635200000;3;6847/7129;N
2011;-23.507108;-46.698567;60/50 km/h;AV OTAVIANO ALVES DE LIMA (AS/CB), A MAIS 32M R LEO R DE MORAES;[List];R,V,VR;FIXO;;1751414400000;5;6848/7105;N
2012;-23.509363;-46.691865;70/60 km/h;MARGINAL TIETE, PISTA CENTRAL (CB/AS)A MENOS 206M PT FREGUESIA DO O;[List];MT,R,V,VR;FIXO;;1751414400000;7;6850/7132/7133/7142;N
2013;-23.513639;-46.722685;60/50 km/h;AV EMBAIXADOR MACEDO SOARES (CB/AS), A MENOS 1M DA R BOTOCUDOS;[List];R,V,VR;FIXO;;1751414400000;4;6897/7154;N
2014;-23.51721;-46.73609;90/60 km/h;MARGINAL TIETE, PTA EXPRESSA (AYRTON SENNA/CASTELO BRANCO), A MENOS 67M KM 2;[List];MT,PR,R,V;FIXO;;1752796800000;7;6923/6924/6940/6941;N
2015;-23.51747;-46.64551;90/60 km/h;MARGINAL TIETE, PISTA EXPRESSA (AYRTON SENNA/CASTELO BRANCO), KM 12;[List];MT,PR,R,V,VR;FIXO;;1752796800000;5;6934/6935/7847/7848;N
2016;-23.50765;-46.71311;70/60 km/h;MARGINAL TIETE, PISTA CENTRAL (AYRTON SENNA/CASTELO BRANCO), A MAIS 35M KM 5;[List];MT,R,V,VR;FIXO;;1757635200000;5;6936/7130/7849/7850;N
2017;-23.5168042;-46.7319645;60/50 km/h;AV MARGINAL DIREITA DO TIETE (AYRTON SENNA/CASTELO BRANCO), NUMERO 536;[List];V;FIXO;;1752796800000;9;6939/7108;N
2018;-23.5185688;-46.7362181;60/50 km/h;AV EMBAIXADOR MACEDO SOARES (CASTELO BRANCO/AYRTON SENNA), NUMERO 8000;[List];V;FIXO;;1749772800000;5;6942/7111;N
2019;-23.5093672;-46.7070158;90/60 km/h;MARGINAL TIETE, PTA EXPRESSA (C BRANCO/A SENNA), A MENOS 119M DA PONTE PIQUERI;[List];MT,PR,R,V,VR;FIXO;;1752796800000;7;6945/6946/7191/7192;N
2020;-23.5184494;-46.7363941;70/60 km/h;MARGINAL TIETE, PISTA CENTRAL (CB/AS), A MAIS 240M DO KM 1,5;[List];MT,V;FIXO;;1751414400000;5;6949/7131;N
2021;-23.5193136;-46.6368265;70/60 km/h;MARGINAL TIETE, PISTA CENTRAL (CB/A SENNA), A MAIS 10M PTE GOV ORESTES QUERCIA;[List];R,V,VR;FIXO;;1752796800000;9;6951/6952/7137/7162;N
2022;-23.530254;-46.594659;60/50 km/h;AV CONDESSA ELISABETH DE ROBIANO (C BRANCO/A SENNA), A MENOS 60M NUMERO 320;[List];R,V,VR;FIXO;;1756425600000;4;6982/7159;N
2023;-23.5282972;-46.5956132;90/60 km/h;MARGINAL TIETE, PISTA EXPRESSA (AS/CB), A MENOS 161M DA PTE PR JANIO QUADROS;[List];PR,R,V,VR;FIXO;;1752796800000;6;6984/6985/6986/6987;N
2024;-23.5272178;-46.5649175;60/50 km/h;AV CDESSA ELISABETH DE ROBIANO (CB/AS) X R ANTONIO MACEDO;[List];A,P,V,VR;FIXO;;1755820800000;3;7091/7165;N
2025;-23.514859;-46.677097;60/50/50 km/h;AV PR CASTELO BRANCO (CB/AS), A MAIS 200 METROS PONTE JULIO DE MESQUITA NETO;[List];R,V,VR;FIXO;;1749772800000;3;7114/7115;N
2026;-23.526874;-46.59932;60/50 km/h;AV PRES CASTELO BRANCO (C. BRANCO/A. SENNA), A MENOS 55M AV ARISTON AZEVEDO;[List];R,V,VR;FIXO;;1756425600000;3;7119/7120;N
2027;-23.509467;-46.71066;60/50 km/h;AV EMBAIXADOR MACEDO SOARES (CB/AS) N 10001;[List];R,V,VR;FIXO;;1757635200000;5;7166/7167;N
2028;-23.5144189;-46.6770213;90/60 km/h;MARGINAL TIETE, PISTA EXPRESSA (CB/AS), A MAIS 200M PONTE JULIO  DE MESQUITA  NETO;[List];PR,R,V,VR;FIXO;;1755820800000;7;7176/7177/7178/7179;N
2029;-23.518253;-46.7364508;90/60 km/h;MARGINAL TIETE, PTA EXPRESSA (CASTELO BRANCO/AYRTON SENNA), A MAIS 226M KM 1,5;[List];MT,PR,R,V,VR;FIXO;;1751414400000;7;7189/7190;N
2030;-23.5182748;-46.6470465;90/60 km/h;MARGINAL TIETE, PTA EXPRESSA (CASTELO BRANCO/AYRTON SENNA), A MAIS 225M KM 11,5;[List];MT,PR,R,V,VR;FIXO;;1752796800000;9;7193/7194/7195/7196;N
2031;-23.5128478;-46.7244379;90/60 km/h;MARGINAL TIETE, PTA EXPRESSA (AYRTON SENNA/CASTELO BRANCO), A MAIS 117M KM 3,5;[List];MT,PR,R,V;FIXO;;1752796800000;9;7197/7198/7199/7200;N
2032;-23.59381;-46.69449;70/60 km/h;MARG PINHEIROS (C BRANCO/INTERLAGOS), A MAIS 253M DO KM 10;[List];PR,V,VR;FIXO;;1749772800000;7;2881/2882/2883/2884;N
2033;-23.4627715;-46.6541712;50 km/h;AVENIDA MARIANA CALIGIORI RONCHETTI (CENTRO/BAIRRO), NUMERO 202A;[List];V;FIXO;;1764115200000;1;6686;N
2034;-23.4600558;-46.6539892;50 km/h;AVENIDA MARIANA CALIGIORI RONCHETTI (BAIRRO/CENTRO), A MENOS 20M NUMERO 237;[List];V;FIXO;;1764115200000;1;6687;N
2035;-23.4775538;-46.671425;50 km/h;AV DEPUTADO EMILIO CARLOS (BAIRRO/CENTRO), A MENOS 17M R EDSON ANDRADE SILVA;[List];V;FIXO;;1764115200000;1;6989;N
2036;-23.4777309;-46.6714238;50 km/h;AV DEPUTADO EMILIO CARLOS (CENTRO/BAIRRO), A MAIS 18M R EDSON ANDRADE SILVA;[List];V,A,P;FIXO;;1764115200000;1;6988;N
2037;-23.534113;-46.647975;40 km/h;AL BARAO DE LIMEIRA (CENTRO/BAIRRO) X AL NOTHMANN;[List];A,V,P,F,R,Z;FIXO;;1764288000000;2;5158;N
2038;-23.545047;-46.691048;50 km/h;AVENIDA POMPEIA (POMPEIA/BARRA FUNDA ) X RUA NESTOR VITOR;[List];V,A,P,R,Z;FIXO;;1764288000000;2;5141;N
2039;-23.519642;-46.722935;50 km/h;RUA MONTE PASCAL (LAPA/ANHANGUERA), A MAIS 17 METROS DO NUMERO 300;[List];A,V,R,P;FIXO;;1764288000000;3;5224;N
2040;-23.519546;-46.723377;50 km/h;RUA MONTE PASCAL (ANHANGUERA/LAPA), A MAIS 29 METROS DA RUA SAMUEL KLABIN;[List];A,R,P,V;FIXO;;1764288000000;3;5223;N
2041;-23.4801052;-46.6733305;50 km/h;AV INAJAR DE SOUZA (CENTRO/BAIRRO) X SAIDA DA AV DEP. EMILIO CARLOS;[List];A,V;FIXO;;1764288000000;4;6834;N
2042;-23.5004944;-46.7529269;40 km/h;AVENIDA MUTINGA (ANHANGUERA/PIRITUBA) X RUA WILLIAN FURNEAU;[List];A,V;FIXO;;1764288000000;1;6764;N
2043;-23.5004544;-46.7527177;40 km/h;AVENIDA MUTINGA (PIRITUBA/ANHANGUERA) X RUA WILLIAN FURNEAU;[List];A,V;FIXO;;1764288000000;1;6765;N
2044;-23.4856219;-46.740222;50 km/h;AVENIDA MUTINGA (ANHANGUERA/PIRITUBA),NUMERO 1425;[List];A,P,V;FIXO;1764201600000;1423008000000;2;6678;N
2045;-23.583777;-46.6077069999999;30 km/h;RUA BOM PASTOR (BAIRRO/CENTRO) X RUA DOS PATRIOTAS;[List];A,P,R,Z;FIXO;;1764288000000;3;5429;N/A
2046;-23.4741094;-46.6367863;30 km/h;AVENIDA ZUMKELLER (SANTANA/HORTO) X AVENIDA DIREITOS HUMANOS;[List];A,CPE,P;FIXO;;1765238400000;1;6821;N/A
2047;-23.4740744;-46.6367048;30 km/h;AVENIDA ZUMKELLER (HORTO/SANTANA) X AVENIDA DIREITOS HUMANOS;[List];CPE,P,A;FIXO;;1765238400000;1;6822;N/A
2048;-23.531174;-46.63763;40 km/h;RUA RIBEIRO DE LIMA (TIRADENTES/BOM RETIRO), NUMERO 500;[List];F,R,V,Z;FIXO;;1765238400000;2;4526;N
2050;-23.593199;-46.467964;50 km/h;AV ARICANDUVA(C/B), NUMERO 9254;[List];V;FIXO;;1767657600000;3;3567;N
2051;-23.558211;-46.61565;50 km/h;AV DO ESTADO (IPIRANGA/SANTANA) A MAIS 53M DA R DONA ANA NERI;[List];V,R,PR,VR;FIXO;;;4;P003;N
2052;-23.557073;-46.474704;40 km/h;AV LIDER (C/B) A MAIS 43M DA R DIAS COELHO;[List];V,EXE;FIXO;;;3;P003;N
2053;-23.513097;-46.52558;50 km/h;AV GOV CARVALHO PINTO (ITAQUERA/MARGINAL TIETE) NUMERO 2900;[List];V;FIXO;;;4;P007;N
2054;-23.515115;-46.532294;50 km/h;AV GOV CARVALHO PINTO (MARGINAL TIETE/ITAQUERA) A MENOS 66M R MERCEDES LOPES;[List];V;FIXO;;;4;P007;N
2055;-23.522684;-46.692237;50 km/h;RUA GUAICURUS (C/B), NUMERO 683;[List];V,R;FIXO;;;4;P002;N
2056;-23.47079;-46.598268;40 km/h;AV MAZZEI (C/B) N 1380/AV MAZZEI (B/C) OPOSTO AO N 1380;[List];V;FIXO;;;2;P001;N
2057;-23.464923;-46.632593;40 km/h;AV SANTA INES (B/C) N 1781/AV SANTA INES (C/B) OPOSTO N 1781;[List];V;FIXO;;;2;P001;N
2058;-23.54962096;-46.68263721;50 km/h;R HEITOR PENTEADO (BAIRRO/CENTRO), A MAIS 25M DA R CRISTIANO VIANA;[List];R,V,Z;FIXO;;1758326400000;3;5536;N
2059;-23.4025032;-46.7264827;40 km/h;AVENIDA RAIMUNDO PEREIRA DE MAGALHAES(CAIEIRAS/PERUS), NUMERO 17999/AVENIDA RAIMUNDO PEREIRA DE MAGALHAES(PERUS/CAIEIRAS), OPOSTO NUMERO 17999;[List];V;FIXO;;1768348800000;3;6643/6644;S
2060;-23.588629;-46.490268;50 km/h;AV MATEO BEI (B/C) A MAIS 34M DA R SIMÃO ALVARES MOUSINHO/AV MATEO BEI (C/B) A MENOS 34M DA R SIMÃO ALVARES MOUSINHO;[List];V;FIXO;;;4;P003;N
2061;-23.55793;-46.57109;50 km/h;AV REGENTE FEIJÓ (B/C) NÚMERO 715A;[List];V;FIXO;;;2;P003;N
2062;-23.557766;-46.571582;40 km/h;AV REGENTE FEIJO (C/B) NUMERO 710;[List];V;FIXO;;;1;P003;N
2063;-23.598961;-46.579558;50 km/h;AV DR FRANCISCO MESQUITA (S CAETANO/S PAULO) A MAIS 255M DA R IBITIRAMA;[List];V;FIXO;;;3;P003;N
2064;-23.55585;-46.596715;50 km/h;RUA DA MOOCA (B/C) X R JUVENAL PARADA;[List];V,R,A,P;FIXO;;;3;P003;N
2065;-23.554244;-46.485984;40 km/h;AV ITAQUERA (B/C) A MENOS 406M DA AV SYLVIO TORRES;[List];V,EXE;FIXO;;;3;P003;N
2066;-23.550966;-46.496467;40 km/h;AV ITAQUERA (B/C), A MENOS 50M DA AV CONDE LUIZ EDUARDO MATARAZZO;[List];V,EXE;FIXO;;;3;P003;N
2067;-23.585601;-46.584166;50 km/h;R IBITIRAMA (B/C) NÚMERO 389;[List];V;FIXO;;;3;P003;N
2068;-23.6369399;-46.7201776;60/50/50 km/h;AV DAS NACOES UNIDAS (INTERLAGOS/C. BRANCO), A MAIS 50M DA R BRAGANCA PAULISTA;[List];V;FIXO;1787788800000;1768953600000;4;7857/7858;N
2069;-23.708247;-46.6886973;40 km/h;AV GREGORIO BEZERRA (CENTRO/BAIRRO), OPOSTO AO N.102;[List];VR;FIXO;;;2;P004;S
2070;-23.565195;-46.622838;50 km/h;AV LACERDA FRANCO (CENTRO/BAIRRO) X R ALVES RIBEIRO;[List];V,R,Z,F;FIXO;;;2;P004;N
2071;-23.6590402;-46.6523757;40 km/h;AV BENIGNO CARRERA (BAIRRO/CENTRO) N.39;[List];V;FIXO;;;1;P004;N
2072;-23.7440234;-46.6997112;40 km/h;AV PREF PAULO LAURO X RUA JUJUBA;[List];V;FIXO;;;2;P004;N
2073;-23.4343438;-46.7198125;50 km/h;AV RAIMUNDO PEREIRA DE MAGALHAES (C/B) X AV DEPUTADO CANTIDIO SAMPAIO;[List];A,CPE,V;FIXO;;1769644800000;3;6955;N
2074;-23.4066145;-46.7555838;40 km/h;AV DOUTOR SYLVIO DE CAMPOS (ANHANGUERA/CAIEIRAS), A MAIS 6 METROS NUMERO 193;[List];P,V,A;FIXO;;1769644800000;2;6827;N
2075;-23.4062836;-46.7553032;40 km/h;PRACA LUIS NERI (CAIEIRAS/ANHANGUERA) X RUA ANTONIO MAIA;[List];V,A,P;FIXO;;1769644800000;2;6826;N
2076;-23.5075117;-46.7404174;50 km/h;R INACIO LUIS DA COSTA (CENTRO/BAIRRO) X R BRIGADEIRO HENRIQUE FONTENELLE;[List];A,V,P;FIXO;;1769644800000;3;6803;N
2077;-23.4855426;-46.740006;50 km/h;AVENIDA MUTINGA (PIRITUBA/ANHANGUERA),NUMERO 1406;[List];V,A,P;FIXO;;1769644800000;2;6677;N
2078;-23.532142;-46.658321;50 km/h;AV GENERAL OLIMPIO DA SILVEIRA (C/B) X R CONSELHEIRO BROTERO;[List];A,P,R,Z,F,V;FIXO;;1769644800000;3;5417;N
2079;-23.521999;-46.668283;50 km/h;AV ANTARTICA (SUMARE/MARGINAL TIETE) X PCA LUIZ CARLOS MESQUITA;[List];V,A,P,R;FIXO;;1769644800000;4;5415;N
2080;-23.5486309;-46.6687682;40 km/h;R DES PAULO PASSALAQUA (PERDIZES/JD PAULISTA), A MAIS 49M R ITACARANHA;[List];V,R,Z,F;FIXO;;1769644800000;2;1755;N
2081;-23.495507;-46.644163;40 km/h;AV IMIRIM (C/B) N 924/AV IMIRIM (B/C) N 981;[List];V;FIXO;;;2;P001;N
2082;-23.440874;-46.616184;40 km/h;AV SEN JOSE ERMIRIO DE MORAES (C/B) A MAIS 80M DO KM 3/AV SEN JOSE ERMIRIO DE MORAES (B/C) A MENOS 80M DO KM 3;[List];V;FIXO;;;2;P001;N
2083;-23.440874;-46.616184;40 km/h;AV SEN JOSE ERMIRIO DE MORAES (C/B) N 1888/AV SEN JOSE ERMIRIO DE MORAES (B/C) OPOSTO N 1888;[List];V;FIXO;;;2;P001;N
2084;-23.486966;-46.606673;40 km/h;AV GAL ATALIBA LEONEL (C/B) N 3238/AV GAL ATALIBA LEONEL (B/C) N 3353;[List];V;FIXO;;;2;P001;S
2085;-23.488454;-46.637768;40 km/h; R CONS MOREIRA DE BARROS (B/C) N 1661/R CONS MOREIRA DE BARROS (C/B) N 1642;[List];V;FIXO;;;2;P001;N
2086;-23.530564;-46.63922;40 km/h;RUA JOSE PAULINO (CENTRO/BAIRRO), NUMERO 414;[List];V,R,F,Z;FIXO;;1771027200000;2;4525;N
2087;-23.45004;-46.715563;40 km/h;R ILHA DA JUVENTUDE (C/B) OPOSTO N 100/R ILHA DA JUVENTUDE (B/C) N 80;[List];V;FIXO;;;2;P002;N
2088;-23.416851;-46.781619;40 km/h;ES DE PERUS (C/B) N  130/ES DE PERUS (B/C) OPOSTO AO N 130;[List];V;FIXO;;;2;P002;N
2089;-23.536362;-46.686256;40 km/h;AV PROF ALFONSO BOVERO (CENTRO/BAIRRO) X RUA TUCUNA;[List];A,P,R,V,Z;FIXO;;1771632000000;1;5142;N
2090;-23.420609;-46.7543614;40 km/h;EST SAO PAULO-JUNDIAI (ANHANG/PEUS) A MENOS 5M DA AV PAVAO/EST SAO PAULO-JUNDIAI (PERUS/ANHANG) A MENOS 60M DA AV PAVAO;[List];V;FIXO;;;2;P002;N
2091;-23.473222;-46.725398;40 km/h;R COMEN FEIZ ZARZUR (C/B) N 1415;[List];V;FIXO;;;1;P002;N
2092;-23.55497;-46.634297;40 km/h;RUA DA GLORIA (CENTRO/BAIRRO), NUMERO 200;[List];V,R,F,Z;FIXO;;1772064000000;2;4519;N
2093;-23.538295;-46.631025;40 km/h;RUA PAULA SOUSA (SANTA IFIGENIA/BRAS), NUMERO 205;[List];V,F,R,Z;FIXO;;1772064000000;2;4528;N
2094;-23.52326;-46.6503;50 km/h;AV RUDGE (CENTRO/BAIRRO)  X R SERGIO TOMAS;[List];A,P,V,R,F;FIXO;;1773100800000;4;4403;N
2095;-23.540236;-46.637887;40 km/h;RUA SANTA IFIGENIA (BAIRRO/CENTRO), NUMERO 163;[List];V,R,Z,F;FIXO;;1773446400000;2;4522;N
2096;-23.597727;-46.444641;50 km/h;AV VP JOSE ALENCAR G DA SILVA (MAUA/A SENNA) A MENOS 302M DA AV R CHOHFI;[List];PR,V;FIXO;;1775001600000;4;8584;N
2097;-23.597566;-46.444739;50 km/h;AV VP JOSE ALENCAR G DA SILVA (A SENNA/MAUA) A MAIS 301M DA AV R CHOHFI;[List];PR,V;FIXO;;1775001600000;4;8583;N
2098;-23.621487;-46.591863;30 km/h;ESTRADA DAS LAGRIMAS (C/B) OPOSTO NUMERO 2317;[List];A,P;FIXO;;1782432000000;1;3568;N
2099;-23.621717;-46.591723;30 km/h;ESTRADA DAS LAGRIMAS (B/C) NUMERO 2317;[List];A,P;FIXO;;1782432000000;1;3569;N
2100;-23.4980744;-46.6274173;30 km/h;RUA AMARAL GAMA, C/B N 288 / RUA AMARAL GAMA, B/C N 307;[List];V;FIXO;;;2;P001;S
2101;-235570697;-467451939;50 km/h;AVENIDA JAGUARÉ (MARGINAL/RAPOSO), NUMERO 309;[List];A,P,V;FIXO;;;3;P008;N
2102;-255571982;-467451490;50 km/h;AVENIDA JAGUARE (RAPOSO/MARGINAL) NUMERO 240;[List];V,A,P;FIXO;;;3;P008;N
2103;-236166271;-467572563;50 km/h;ESTRADA DO CAMPO LIMPO (LGO TABOÃO/PÇA DO CAMPO LIMPO) X AV ANACE;[List];V,A;FIXO;;;2;P008;N
2104;-23.6170296;-46.7573909;50 km/h;ESTRADA DO CAMPO LIMPO (PÇA DO CAMPO LIMPO/LGO TABAO) X AV ANACE;[List];V,A,P;FIXO;;;2;P008;N
2105;-235850009;-467195327;50 km/h;AVENIDA PROF FRANCISCO MORATO (BAIRRO/CENTRO) X RUA JOSE JANARELLI;[List];V,A;FIXO;;;3;P008;N
2106;-235903903;-46681585;50 km/h;AV BRIG FARIA LIMA (PINHEIROS/IBIRAPUERA) X AV JUSCELINO KUBITSCHEK;[List];V,R,A,P;FIXO;;;5;P005;N
2107;-236678480;-467377257;50 km/h;AV LUIZ GUSHIKEN (AV GUIDO CALOI/EST M BOI MIRIM) X RUA JOSE BARROS MAGALDI;[List];V,A,P;FIXO;;;3;P005;N
2108;-236682756;-467379306;50 km/h;AV LUIZ GUSHIKEN (EST M BOI MIRIM/AV GUIDO CALOI) X RUA JOSE BARROS MAGALDI;[List];V,A,P;FIXO;;;4;P005;N
2109;-236772178;-467934675;50 km/h;ESTRADA DE ITAPECERICA (STO AMARO/ITAPECERICA), NUMERO 9.950;[List];V,A,P;FIXO;;;2;P005;N
2110;-236773008;-467934755;50 km/h;ESTRADA DE ITAPECERICA (ITAPECERICA/STO AMARO), A MENOS 28m DA RUA TAJAL;[List];V,A,P;FIXO;;;2;P005;N
2111;-236031171;-466922202;50 km/h;AV ENG LUIZ CARLOS BERRINE (AV BANDEIRANTES/PTE MORUMBI) X RUA GUARARAPES;[List];V,A,P,EXE;FIXO;;;3;P005;N
2112;-236034203;-466921173;50 km/h;AV ENG LUIZ CARLOS BERRINE (PTE MORUMBI/AV BANDEIRANTES) X RUA GUARARAPES;[List];V,A,P,EXE;FIXO;;;3;P005;N
2113;-236073463;-466937541;50 km/h;AV ENG LUIZ CARLOS BERRINE (AV BANDEIRANTES/PTE MORUMBI) X RUA FLORIDA;[List];V,A,P,EXE;FIXO;;;3;P005;N
2114;-236077048;-466936414;50 km/h;AV ENG LUIZ CARLOS BERRINE (PTE MORUMBI/AV BANDEIRANTES) X RUA FLORIDA;[List];V,A,P,EXE;FIXO;;;3;P005;N
2115;-236186454;-466978624;50 km/h;AV DR CHUCRI ZAIDAN (AV BANDEIRANTES/AV ROQUE PETRONI JUNIOR) X AV MORUMBI;[List];V,A,P,EXE;FIXO;;;4;P005;N
2116;-236189307;-466977652;50 km/h;AV DR CHUCRI ZAIDAN (AV ROQUE PETRONI JUNIOR/AV BANDEIRANTES) X AV MORUMBI;[List];V,A,P,EXE;FIXO;;;4;P005;N
2117;-236434736;-466733228;50 km/h;AVENIDA PROF VICENTE RAO (MORUMBI/DIADEMA), NUMERO 2400;[List];V,A,P,EXE;FIXO;;;4;P005;N
2118;-236436242;-466729768;50 km/h;AVENIDA PROF VICENTE RAO (DIADEMA/MORUMBI) X PÇA DR CARLOS FOUQUET;[List];V,A,EXE;FIXO;;;4;P005;N
2119;-236761616;-467895896;50 km/h;ESTRADA DE ITAPECERICA (STO AMARO/ITAPECERICA) X RUA PROF GASTÃO RAMOS;[List];V,A,P;FIXO;;;2;P005;N
2120;-236762113;-467897776;50 km/h;ESTRADA DE ITAPECERICA (ITAPECERICA/STO AMARO), NUMERO 7331;[List];V,A,P;FIXO;;;2;P005;N
2121;-236679421;-467843906;40 km/h;ESTRADA DE ITAPECERICA (STO AMARO/ITAPECERICA), NUMERO 6280;[List];V;FIXO;;;2;P005;S
2122;-236679421;-467843906;40 km/h;ESTRADA DE ITAPECERICA (ITAPECERICA/STO AMARO), OPSTO AO NUMERO 6280;[List];V;FIXO;;;2;P005;S
2123;-23.5233165;-46.611618;90/60 km/h;MARGINAL TIETE, PTA EXPRESSA (CB/AS),A MENOS 31M DA PONTE DA VILA GUILHERME;[List];R,V,PR,VR;FIXO;;1787875200000;4;7861/7862;N
2124;-23.6371842;-46.7204079;60/50 km/h;AV DAS NACOES UNIDAS (INTERLAGOS/C. BRANCO), A MAIS 30M DA R BRAGANCA PAULISTA;[List];V;FIXO;;1787875200000;7;7859/7860;N
2125;-23.4618496;-46.6963589;40 km/h;EST LAZARO AMANCIO DE BARROS B/C N 885/EST LAZARO AMANCIO DE BARROS C/B N 866;[List];V;FIXO;;;2;P002;N
2127;-23.649169;-46.676608;50 km/h;AVENIDA WASHINGTON LUIS (BAIRRO/CENTRO), A MENOS 76M DA RUA ROBELIA;[List];V;FIXO;;1790640000000;4;2641;N
